bango_item_id,bango_item_name,changeprefix,prefix_a,prefix_b,legacy_item_id,legacy_item_name,outcome,gate_failed,note
275,Talisman of Wonder,ornament|34|3|80|1,3,1,349,"""Harsh"" / ""Forced""",accepted,,"prefix pair, family and 1:1 uniqueness all hold"
276,Talisman of Wonder,ornament|32|4|79|1,4,1,350,"""Strong Mans"" / ""Forced""",accepted,,"prefix pair, family and 1:1 uniqueness all hold"
277,Talisman of Wonder,ornament|30|5|78|1,5,1,351,"""Strongest Mans"" / ""Forced""",accepted,,"prefix pair, family and 1:1 uniqueness all hold"
278,Talisman of Intensification,weapon|24|6|61|2,6,2,316,"""Melees"" / ""Unlawful""",accepted,,"prefix pair, family and 1:1 uniqueness all hold"
279,Talisman of Intensification,weapon|20|7|58|2,7,2,317,"""Bloody Fights"" / ""Unlawful""",accepted,,"prefix pair, family and 1:1 uniqueness all hold"
280,Talisman of Intensification,weapon|16|8|55|2,8,2,,,rejected,pair,no legacy talisman rolls this prefix pair
281,Talisman of Intensification,weapon|12|9|47|3,9,3,332,"""Barbaric"" / ""Harsh""",accepted,,"prefix pair, family and 1:1 uniqueness all hold"
282,Talisman of Intensification,weapon|8|10|44|3,10,3,337,"""Invincible"" / ""Harsh""",accepted,,"prefix pair, family and 1:1 uniqueness all hold"
283,Talisman of Wonder,ornament|34|23|80|21,23,21,355,"""Keen"" / ""Fictional""",accepted,,"prefix pair, family and 1:1 uniqueness all hold"
284,Talisman of Wonder,ornament|32|24|79|21,24,21,356,"""Ordinary"" / ""Fictional""",accepted,,"prefix pair, family and 1:1 uniqueness all hold"
285,Talisman of Wonder,ornament|30|25|78|21,25,21,357,"""Wise"" / ""Fictional""",accepted,,"prefix pair, family and 1:1 uniqueness all hold"
286,Talisman of Intensification,weapon|24|26|61|22,26,22,318,"""Mystic"" / ""Sharp""",accepted,,"prefix pair, family and 1:1 uniqueness all hold"
287,Talisman of Intensification,weapon|20|27|58|22,27,22,319,"""Worshipful"" / ""Sharp""",accepted,,"prefix pair, family and 1:1 uniqueness all hold"
288,Talisman of Intensification,weapon|16|28|55|22,28,22,326,"""Sublime"" / ""Sharp""",accepted,,"prefix pair, family and 1:1 uniqueness all hold"
289,Talisman of Intensification,weapon|12|29|47|23,29,23,333,"""Pure"" / ""Keen""",accepted,,"prefix pair, family and 1:1 uniqueness all hold"
290,Talisman of Intensification,weapon|8|30|44|23,30,23,338,"""Absolute"" / ""Keen""",accepted,,"prefix pair, family and 1:1 uniqueness all hold"
291,Talisman of Wonder,ornament|34|13|80|11,13,11,352,"""Heroic"" / ""Healthy""",accepted,,"prefix pair, family and 1:1 uniqueness all hold"
292,Talisman of Wonder,ornament|32|14|79|11,14,11,353,"""Vital"" / ""Healthy""",accepted,,"prefix pair, family and 1:1 uniqueness all hold"
293,Talisman of Wonder,ornament|30|15|78|11,15,11,354,"""Ablaze"" / ""Healthy""",accepted,,"prefix pair, family and 1:1 uniqueness all hold"
294,Talisman of Intensification,weapon|24|16|61|12,16,12,320,"""Iron legs"" / ""Vigorous""",accepted,,"prefix pair, family and 1:1 uniqueness all hold"
295,Talisman of Intensification,weapon|20|17|58|12,17,12,321,"""Steels"" / ""Vigorous""",accepted,,"prefix pair, family and 1:1 uniqueness all hold"
296,Talisman of Intensification,weapon|16|18|55|12,18,12,327,"""Limitable"" / ""Vigorous""",accepted,,"prefix pair, family and 1:1 uniqueness all hold"
297,Talisman of Intensification,weapon|12|19|47|13,19,13,334,"""Infinitely"" / ""Heroic""",accepted,,"prefix pair, family and 1:1 uniqueness all hold"
298,Talisman of Intensification,weapon|8|20|44|13,20,13,339,"""Diamond"" / ""Heroic""",accepted,,"prefix pair, family and 1:1 uniqueness all hold"
299,Talisman of Wonder,ornament|34|33|80|31,33,31,358,"""Celebrated"" / ""Fixed""",accepted,,"prefix pair, family and 1:1 uniqueness all hold"
300,Talisman of Wonder,ornament|32|34|79|31,34,31,359,"""Dignified"" / ""Fixed""",accepted,,"prefix pair, family and 1:1 uniqueness all hold"
301,Talisman of Wonder,ornament|30|35|78|31,35,31,360,"""Merciful"" / ""Fixed""",accepted,,"prefix pair, family and 1:1 uniqueness all hold"
302,Talisman of Intensification,weapon|24|36|61|32,36,32,322,"""Predictive"" / ""Confirmatory""",accepted,,"prefix pair, family and 1:1 uniqueness all hold"
303,Talisman of Intensification,weapon|20|37|58|32,37,32,323,"""Foreseeable"" / ""Confirmatory""",accepted,,"prefix pair, family and 1:1 uniqueness all hold"
304,Talisman of Intensification,weapon|16|38|55|32,38,32,328,"""War Leaders"" / ""Confirmatory""",accepted,,"prefix pair, family and 1:1 uniqueness all hold"
305,Talisman of Intensification,weapon|12|39|47|33,39,33,335,"""Reverent"" / ""Celebrated""",accepted,,"prefix pair, family and 1:1 uniqueness all hold"
306,Talisman of Intensification,weapon|8|40|44|33,40,33,340,"""Paradoxical"" / ""Celebrated""",accepted,,"prefix pair, family and 1:1 uniqueness all hold"
307,Talisman of Wonder,ornament|34|43|80|41,43,41,361,"""Instant"" / ""Agile""",accepted,,"prefix pair, family and 1:1 uniqueness all hold"
308,Talisman of Wonder,ornament|32|44|79|41,44,41,362,"""Flexible"" / ""Agile""",accepted,,"prefix pair, family and 1:1 uniqueness all hold"
309,Talisman of Wonder,ornament|30|45|78|41,45,41,363,"""Dashy"" / ""Agile""",accepted,,"prefix pair, family and 1:1 uniqueness all hold"
310,Talisman of Intensification,weapon|24|46|61|42,46,42,324,"""Rush"" / ""Reflective""",accepted,,"prefix pair, family and 1:1 uniqueness all hold"
311,Talisman of Intensification,weapon|20|47|58|42,47,42,325,"""Fierce"" / ""Reflective""",accepted,,"prefix pair, family and 1:1 uniqueness all hold"
312,Talisman of Intensification,weapon|16|48|55|42,48,42,329,"""Flashy"" / ""Reflective""",accepted,,"prefix pair, family and 1:1 uniqueness all hold"
313,Talisman of Intensification,weapon|12|49|47|43,49,43,336,"""Unlimited"" / ""Instant""",accepted,,"prefix pair, family and 1:1 uniqueness all hold"
314,Talisman of Intensification,weapon|8|50|44|43,50,43,341,"""Gliding"" / ""Instant""",accepted,,"prefix pair, family and 1:1 uniqueness all hold"
315,Talisman of Intensification,weapon|56|51|70|58,51,58,314,"""Heavy Blows"" / ""Extreme""",accepted,,"prefix pair, family and 1:1 uniqueness all hold"
316,Talisman of Intensification,weapon|37|53|46|59,53,59,330,"""Explosive"" / ""Destructive""",accepted,,"prefix pair, family and 1:1 uniqueness all hold; Bango retuned the first roll chance 46 -> 37"
317,Talisman of Intensification,weapon|59|60|83|66,60,66,315,"""Fundamental"" / ""High Class""",accepted,,"prefix pair, family and 1:1 uniqueness all hold; Bango retuned the first roll chance 56 -> 59"
318,Talisman of Intensification,weapon|46|62|63|67,62,67,331,"""Mighty"" / ""Absoluteness""",accepted,,"prefix pair, family and 1:1 uniqueness all hold"
319,Talisman of Protection,defense|36|56|78|11,56,11,364,"""Feathery"" / ""Healthy""",accepted,,"prefix pair, family and 1:1 uniqueness all hold"
320,Talisman of Protection,defense|36|57|78|11,57,11,365,"""Mans"" / ""Healthy""",accepted,,"prefix pair, family and 1:1 uniqueness all hold"
321,Talisman of Protection,defense|36|65|78|31,65,31,366,"""Wisdoms"" / ""Fixed""",accepted,,"prefix pair, family and 1:1 uniqueness all hold"
322,Talisman of Protection,defense|17|83|76|1,83,1,367,"""Despotic"" / ""Forced""",accepted,,"prefix pair, family and 1:1 uniqueness all hold"
323,Talisman of Protection,defense|17|84|76|41,84,41,368,"""Revenges"" / ""Agile""",accepted,,"prefix pair, family and 1:1 uniqueness all hold"
324,Talisman of Protection,defense|17|85|76|11,85,11,369,"""Prideful"" / ""Healthy""",accepted,,"prefix pair, family and 1:1 uniqueness all hold"
325,Talisman of Protection,defense|17|86|76|21,86,21,370,"""Ruinous"" / ""Fictional""",accepted,,"prefix pair, family and 1:1 uniqueness all hold"
326,Talisman of Protection,defense|17|87|76|31,87,31,371,"""Glorious"" / ""Fixed""",accepted,,"prefix pair, family and 1:1 uniqueness all hold"
327,Talisman of Intensification,weapon|24|80|62|35,80,35,342,"""Distinct"" / ""Merciful""",accepted,,"prefix pair, family and 1:1 uniqueness all hold"
328,Talisman of Intensification,weapon|24|81|62|15,81,15,343,"""Steely"" / ""Ablaze""",accepted,,"prefix pair, family and 1:1 uniqueness all hold"
329,Talisman of Intensification,weapon|24|82|62|5,82,5,344,"""Breakthroughs"" / ""Strongest Mans""",accepted,,"prefix pair, family and 1:1 uniqueness all hold"
330,Talisman of Intensification,weapon|24|88|62|45,88,45,345,"""Decisional"" / ""Dashy""",accepted,,"prefix pair, family and 1:1 uniqueness all hold"
331,Talisman of Intensification,weapon|24|89|62|25,89,25,346,"""Magical Powers"" / ""Wise""",accepted,,"prefix pair, family and 1:1 uniqueness all hold"
332,Talisman of Intensification,weapon|29|90|85|91,90,91,347,"""Legendary"" / ""Rash""",accepted,,"prefix pair, family and 1:1 uniqueness all hold"
523,Talisman of Intensification,weapon|15|92|60|91,92,91,348,"""The King, GuhBalHans"" / ""Rash""",accepted,,"prefix pair, family and 1:1 uniqueness all hold"
1816,Talisman of Wonder,ornament|34|136|82|137,136,137,,,rejected,pair,no legacy talisman rolls this prefix pair
1817,Talisman of Wonder,ornament|34|138|82|139,138,139,,,rejected,pair,no legacy talisman rolls this prefix pair
1818,Talisman of Wonder,ornament|34|140|82|141,140,141,,,rejected,pair,no legacy talisman rolls this prefix pair
1819,Talisman of Wonder,ornament|34|142|82|143,142,143,,,rejected,pair,no legacy talisman rolls this prefix pair
1820,Talisman of Wonder,ornament|34|144|82|145,144,145,,,rejected,pair,no legacy talisman rolls this prefix pair
