route_ordinal,stage_ordinal,stage_id,stage_title,stage_level,stage_where,stage_combo,quest_ordinal_in_stage,route_name,route_type,route_number,route_level,minimum_level,friend_reward,friend_experience,friend_geons,friend_contribution,friend_skill_points,reward_is_approximate,items_json,monsters_json,steps_json
1,1,s1-1,Stage 1 — Narootuh starter batch,Lv 0-1,Stay in Narootuh the whole stage.,,1,Quest 1,Quest,1,Lv 0,0,"80 XP, 3 Small Medicines",80,0,0,0,false,"[""1.png""]","[""ms_m1_01.jpg"",""ms_m1_02.jpg"",""ms_m1_03.jpg"",""ms_m1_04.jpg""]","[{""type"":""talk"",""city"":""naroo"",""pin"":""21"",""label"":""Talk""},{""type"":""action"",""text"":""Kill Lower Class Demons for \""Shee-Geun’s Message\""""},{""type"":""talk"",""city"":""naroo"",""pin"":""21"",""label"":""Turn in""}]"
2,1,s1-1,Stage 1 — Narootuh starter batch,Lv 0-1,Stay in Narootuh the whole stage.,,2,Event Quest 1,Event,1,Lv 0,0,100 XP,100,0,0,0,false,"[""ev1.png""]","[""ms_m1_04.jpg""]","[{""type"":""talk"",""city"":""naroo"",""pin"":""26"",""label"":""Talk""},{""type"":""action"",""text"":""Kill Demon Plunderers for \""Chun-SooIn’s Stirrup\""""},{""type"":""talk"",""city"":""naroo"",""pin"":""26"",""label"":""Turn in""}]"
3,2,s1-2,Stage 2 — Narootuh ↔ Jook-Suh shuttle,Lv 0,Do both quests back-to-back — same round trip.,,1,Quest 2,Quest,2,Lv 0,0,"100 geons, 2 Small Medicines",0,100,0,0,false,[],[],"[{""type"":""talk"",""city"":""naroo"",""pin"":""52"",""label"":""Talk""},{""type"":""talk"",""city"":""jook"",""pin"":""6"",""label"":""Talk""},{""type"":""talk"",""city"":""naroo"",""pin"":""52"",""label"":""Turn in""}]"
4,2,s1-2,Stage 2 — Narootuh ↔ Jook-Suh shuttle,Lv 0,Do both quests back-to-back — same round trip.,,2,Quest 3,Quest,3,Lv 0,0,"73 XP, 200 geons, 1 Contribution Point",73,200,1,0,false,"[""3.png""]","[""ms_m1_03.jpg""]","[{""type"":""talk"",""city"":""naroo"",""pin"":""51"",""label"":""Talk""},{""type"":""action"",""text"":""Kill Demon SpearHead for \""Demon’s Strategic Map\""""},{""type"":""talk"",""city"":""naroo"",""pin"":""51"",""label"":""Report""},{""type"":""talk"",""city"":""jook"",""pin"":""10"",""label"":""Talk""},{""type"":""talk"",""city"":""naroo"",""pin"":""51"",""label"":""Turn in""}]"
5,3,s1-3,Stage 3 — Demon Escort Archers,Lv 6,Narootuh only.,,1,Quest 4,Quest,4,Lv 6,6,"542 XP, 1 Contribution Point",542,0,1,0,false,"[""4.png""]","[""ms_m1_07.jpg""]","[{""type"":""talk"",""city"":""naroo"",""pin"":""24"",""label"":""Talk""},{""type"":""talk"",""city"":""naroo"",""pin"":""35"",""label"":""Talk""},{""type"":""action"",""text"":""Kill Demon Escort Archers for 10x \""Demon’s Bow\""""},{""type"":""talk"",""city"":""naroo"",""pin"":""35"",""label"":""Report""},{""type"":""talk"",""city"":""naroo"",""pin"":""24"",""label"":""Turn in""}]"
6,4,s1-4,Stage 4 — Suicide Bombers,Lv 8,Jook-Suh → Geum-Oh Mine → Jook-Suh.,,1,Quest 5,Quest,5,Lv 8,8,"1,184 XP, 1 Contribution Point",1184,0,1,0,false,"[""5.png""]","[""ms_m1_08.jpg""]","[{""type"":""talk"",""city"":""jook"",""pin"":""17"",""label"":""Talk""},{""type"":""talk"",""city"":""geum"",""pin"":""4"",""label"":""Talk""},{""type"":""action"",""text"":""Kill Suicide Bombers for 10x \""Suicide Bomber’s Oil\""""},{""type"":""talk"",""city"":""geum"",""pin"":""4"",""label"":""Report""},{""type"":""talk"",""city"":""jook"",""pin"":""17"",""label"":""Turn in""}]"
7,5,s1-5,Stage 5 — Demon Carcass Scavenger combo,Lv 10,Narootuh (accept) → Jook-Suh (accept + turn in) → Narootuh (turn in).,"Quest 6 and Event Quest 3 both farm Demon Carcass Scavenger (plus Big Handed Inhabitants for Quest 6). Accept both before you start killing — one camp clear covers both turn-ins. Keep grinding the same mob a little longer: Quest 8 (Stage 7, Lv 12) wants 25x Demon’s Carcass from the exact same monster.",1,Quest 6,Quest,6,Lv 10,10,"2,436 XP, 1 Contribution Point",2436,0,1,0,false,"[""6.png"",""60.png""]","[""ms_m2_01.jpg"",""ms_m3_01.jpg""]","[{""type"":""talk"",""city"":""naroo"",""pin"":""23"",""label"":""Talk""},{""type"":""talk"",""city"":""jook"",""pin"":""17"",""label"":""Talk""},{""type"":""talk"",""city"":""naroo"",""pin"":""23"",""label"":""Report""},{""type"":""talk"",""city"":""naroo"",""pin"":""52"",""label"":""Talk""},{""type"":""action"",""text"":""Kill Big Handed Inhabitants for 15x tooth""},{""type"":""talk"",""city"":""naroo"",""pin"":""52"",""label"":""Report""},{""type"":""action"",""text"":""Kill Demon Carcass Scavengers for 2x \""Straw Rice\""""},{""type"":""talk"",""city"":""naroo"",""pin"":""23"",""label"":""Turn in""}]"
8,5,s1-5,Stage 5 — Demon Carcass Scavenger combo,Lv 10,Narootuh (accept) → Jook-Suh (accept + turn in) → Narootuh (turn in).,"Quest 6 and Event Quest 3 both farm Demon Carcass Scavenger (plus Big Handed Inhabitants for Quest 6). Accept both before you start killing — one camp clear covers both turn-ins. Keep grinding the same mob a little longer: Quest 8 (Stage 7, Lv 12) wants 25x Demon’s Carcass from the exact same monster.",2,Event Quest 3,Event,3,Lv 10,10,662 XP,662,0,0,0,false,"[""ev2.png"",""ev2-2.png"",""ev2-3.png""]","[""ms_m1_07.jpg"",""ms_m1_06.jpg"",""ms_m2_01.jpg"",""ms_m3_01.jpg""]","[{""type"":""talk"",""city"":""naroo"",""pin"":""55"",""label"":""Talk""},{""type"":""action"",""text"":""Kill Demon Escort Archer/Soldier for 30x \""Escort Soldier’s Head\""""},{""type"":""talk"",""city"":""naroo"",""pin"":""55"",""label"":""Report""},{""type"":""talk"",""city"":""naroo"",""pin"":""55"",""label"":""Report again""},{""type"":""talk"",""city"":""jook"",""pin"":""18"",""label"":""Talk""},{""type"":""action"",""text"":""Kill Big Handed for \""Big Handed Inhabitant’s Head\""""},{""type"":""talk"",""city"":""jook"",""pin"":""18"",""label"":""Report""},{""type"":""talk"",""city"":""naroo"",""pin"":""55"",""label"":""Talk""},{""type"":""action"",""text"":""Kill Demon Carcass Scavengers for \""In-Pills Scabbard\""""},{""type"":""talk"",""city"":""jook"",""pin"":""18"",""label"":""Turn in""}]"
9,6,s1-6,Stage 6 — Accept and hold: Big Handed Warriors,"Lv 0 req., save the grind for Lv 15-16","Geum-Oh Mine — quick stop, then move on.","Event Quest 5 drops from Big Handed Blue/Red Warrior — the exact same mobs Quest 11 and Quest 12 need (Stage 10). No level requirement, so grab it now, but hold the farming until Stage 10.",1,Event Quest 5 (accept only),Event,5,Lv 0,0,"1,782 XP (turn in during Stage 10)",1782,0,0,0,false,"[""ev2-2.png""]","[""ms_m2_04.jpg"",""ms_m2_03.jpg""]","[{""type"":""talk"",""city"":""geum"",""pin"":""1"",""label"":""Accept""}]"
10,7,s1-7,Stage 7 — Milk Wetch / White Peony loop + Carcass follow-up,Lv 11-13,Jook-Suh ↔ Narootuh.,,1,Quest 7,Quest,7,Lv 11,11,"3,576 XP, 1 Skill Point",3576,0,0,1,false,"[""7.png"",""70.png""]","[""ms_m2_02.jpg""]","[{""type"":""talk"",""city"":""jook"",""pin"":""1"",""label"":""Talk""},{""type"":""talk"",""city"":""naroo"",""pin"":""6"",""label"":""Talk""},{""type"":""action"",""text"":""Kill Big Handed Slaves — collect 22 Milk Wetch + 22 White Peony (10+10 now, 12+12 extra for Quest 9)""},{""type"":""talk"",""city"":""naroo"",""pin"":""6"",""label"":""Report""},{""type"":""talk"",""city"":""jook"",""pin"":""1"",""label"":""Turn in""}]"
11,7,s1-7,Stage 7 — Milk Wetch / White Peony loop + Carcass follow-up,Lv 11-13,Jook-Suh ↔ Narootuh.,,2,Quest 8,Quest,8,Lv 12,12,"2,910 XP, 1 Contribution Point",2910,0,1,0,false,"[""8.png""]","[""ms_m3_01.jpg""]","[{""type"":""talk"",""city"":""jook"",""pin"":""10"",""label"":""Talk""},{""type"":""action"",""text"":""Kill Demon Carcass Scavengers for 25x \""Demon’s Carcass\"" (same camp as Stage 5)""},{""type"":""talk"",""city"":""jook"",""pin"":""10"",""label"":""Turn in""}]"
12,7,s1-7,Stage 7 — Milk Wetch / White Peony loop + Carcass follow-up,Lv 11-13,Jook-Suh ↔ Narootuh.,,3,Quest 9,Quest,9,Lv 13,13,"2,798 XP, 1,000 geons",2798,1000,0,0,false,"[""7.png"",""70.png""]","[""ms_m2_02.jpg""]","[{""type"":""talk"",""city"":""jook"",""pin"":""5"",""label"":""Talk""},{""type"":""talk"",""city"":""naroo"",""pin"":""6"",""label"":""Hand in stockpiled Milk Wetch/White Peony""},{""type"":""talk"",""city"":""jook"",""pin"":""5"",""label"":""Turn in""}]"
13,8,s1-8,Stage 8 — Demon Soldier’s Teeth,Lv 14,Geum-Oh Mine ↔ Jook-Suh.,,1,Quest 10,Quest,10,Lv 14,14,"4,374 XP, 1 Contribution Point",4374,0,1,0,false,"[""10.png""]","[""ms_m3_02.jpg""]","[{""type"":""talk"",""city"":""geum"",""pin"":""2"",""label"":""Talk""},{""type"":""talk"",""city"":""jook"",""pin"":""9"",""label"":""Talk""},{""type"":""action"",""text"":""Kill Demon Soldiers for 20x \""Demon Soldier’s Teeth\""""},{""type"":""talk"",""city"":""jook"",""pin"":""9"",""label"":""Report""},{""type"":""talk"",""city"":""geum"",""pin"":""2"",""label"":""Turn in""}]"
14,9,s1-9,Stage 9 — Egg quest,Lv 15,Narootuh → Jook-Suh → Narootuh.,,1,Egg Quest,Event,0,Lv 15,15,Egg — transforms at grade 11,0,0,0,0,false,"[""egg.png""]","[""ms_m8_01.jpg""]","[{""type"":""talk"",""city"":""naroo"",""pin"":""20"",""label"":""Talk""},{""type"":""action"",""text"":""Kill Naughty Doggebi (Jook-Suh) for \""Keg of Talisman\""""},{""type"":""talk"",""city"":""naroo"",""pin"":""20"",""label"":""Turn in, pick your animal""}]"
15,10,s1-10,Stage 10 — Big Handed Warriors combo,Lv 15-16,Geum-Oh Mine ↔ Narootuh ↔ Jook-Suh.,"Big Handed Blue Warrior drops both Quest 11’s ""Rice Cake"" and (with Red Warrior) Event Quest 5’s ""Big Handed Warrior’s Head"". Big Handed Red Warrior drops Quest 12’s ""Wa-Ryu’s Talisman"". Farm both colors together, then turn in all three.",1,Quest 11,Quest,11,Lv 15,15,"5,125 XP, 1 Skill Point, 600 geons",5125,600,0,1,false,"[""10.png""]","[""ms_m2_04.jpg""]","[{""type"":""talk"",""city"":""geum"",""pin"":""4"",""label"":""Talk""},{""type"":""talk"",""city"":""naroo"",""pin"":""23"",""label"":""Talk""},{""type"":""action"",""text"":""Kill Big Handed Blue Warriors for 25x \""Rice Cake\"" (grab Red Warrior/Head drops too)""},{""type"":""talk"",""city"":""naroo"",""pin"":""23"",""label"":""Report""},{""type"":""talk"",""city"":""geum"",""pin"":""4"",""label"":""Turn in""}]"
16,10,s1-10,Stage 10 — Big Handed Warriors combo,Lv 15-16,Geum-Oh Mine ↔ Narootuh ↔ Jook-Suh.,"Big Handed Blue Warrior drops both Quest 11’s ""Rice Cake"" and (with Red Warrior) Event Quest 5’s ""Big Handed Warrior’s Head"". Big Handed Red Warrior drops Quest 12’s ""Wa-Ryu’s Talisman"". Farm both colors together, then turn in all three.",2,Quest 12,Quest,12,Lv 16,16,"4,624 XP, 1 Skill Point, 600 geons",4624,600,0,1,false,"[""12.png""]","[""ms_m2_03.jpg""]","[{""type"":""talk"",""city"":""jook"",""pin"":""25"",""label"":""Talk""},{""type"":""talk"",""city"":""jook"",""pin"":""10"",""label"":""Turn in \""Wa-Ryu’s Talisman\""""}]"
17,10,s1-10,Stage 10 — Big Handed Warriors combo,Lv 15-16,Geum-Oh Mine ↔ Narootuh ↔ Jook-Suh.,"Big Handed Blue Warrior drops both Quest 11’s ""Rice Cake"" and (with Red Warrior) Event Quest 5’s ""Big Handed Warrior’s Head"". Big Handed Red Warrior drops Quest 12’s ""Wa-Ryu’s Talisman"". Farm both colors together, then turn in all three.",3,Event Quest 5 (turn-in),Event,5,,,"1,782 XP",1782,0,0,0,false,[],[],"[{""type"":""talk"",""city"":""geum"",""pin"":""1"",""label"":""Turn in 40x \""Big Handed Warrior’s Head\""""}]"
18,11,s1-11,Stage 11 — Joo-Nong’s Gold,Lv 17,Narootuh ↔ Geum-Oh Mine.,,1,Quest 13,Quest,13,Lv 17,17,"6,060 XP, 1 Skill Point",6060,0,0,1,false,[],"[""ms_m3_03.jpg""]","[{""type"":""talk"",""city"":""naroo"",""pin"":""6"",""label"":""Talk""},{""type"":""talk"",""city"":""geum"",""pin"":""2"",""label"":""Talk""},{""type"":""action"",""text"":""Kill Demon Infantry for 30x \""Joo-Nong’s Gold\""""},{""type"":""talk"",""city"":""geum"",""pin"":""2"",""label"":""Report""},{""type"":""talk"",""city"":""naroo"",""pin"":""6"",""label"":""Turn in""}]"
19,12,s1-12,Stage 12 — Bamboo Poles,Lv 18,Geum-Oh Mine ↔ Jook-Suh.,,1,Quest 14,Quest,14,Lv 18,18,"6,450 XP, 1 Skill Point",6450,0,0,1,false,"[""14.png""]","[""ms_m3_04.jpg""]","[{""type"":""talk"",""city"":""geum"",""pin"":""29"",""label"":""Talk""},{""type"":""action"",""text"":""Kill Demon Throwing Soldiers for 30x \""Piece of Bamboo Pole\""""},{""type"":""talk"",""city"":""geum"",""pin"":""29"",""label"":""Report""},{""type"":""talk"",""city"":""jook"",""pin"":""9"",""label"":""Talk""},{""type"":""talk"",""city"":""geum"",""pin"":""29"",""label"":""Turn in""}]"
20,13,s1-13,Stage 13 — Wild Demon Soldiers,Lv 19,Geum-Oh Mine.,,1,Quest 15,Quest,15,Lv 19,19,"7,400 XP, 1 Contribution Point",7400,0,1,0,false,"[""15.png""]","[""ms_m3_05.jpg""]","[{""type"":""talk"",""city"":""geum"",""pin"":""4"",""label"":""Talk""},{""type"":""talk"",""city"":""geum"",""pin"":""2"",""label"":""Talk""},{""type"":""action"",""text"":""Kill Wild Demon Soldiers for 30x \""Statue\""""},{""type"":""talk"",""city"":""geum"",""pin"":""4"",""label"":""Turn in""}]"
21,14,s1-14,Stage 14 — Demon Shock Troopers,Lv 20,Jook-Suh ↔ Geum-Oh Mine.,,1,Quest 16,Quest,16,Lv 20,20,"8,950 XP, 1 Skill Point",8950,0,0,1,false,"[""16.png""]","[""ms_m3_06.jpg""]","[{""type"":""talk"",""city"":""jook"",""pin"":""23"",""label"":""Talk""},{""type"":""action"",""text"":""Kill Demon Shock Troopers for 30x \""Ja-Gan’s Gold\""""},{""type"":""talk"",""city"":""jook"",""pin"":""23"",""label"":""Report""},{""type"":""talk"",""city"":""geum"",""pin"":""24"",""label"":""Talk""},{""type"":""talk"",""city"":""jook"",""pin"":""23"",""label"":""Turn in""}]"
22,15,s1-15,Stage 15 — General Sae-Won’s chain,Lv 21-25,"Jook-Suh only — same NPC, three separate visits as you level up.",,1,Quest 17,Quest,17,Lv 21,21,"10,985 XP, 1 Contribution Point",10985,0,1,0,false,"[""17.png""]","[""ms_m3_07.jpg""]","[{""type"":""talk"",""city"":""jook"",""pin"":""10"",""label"":""Talk""},{""type"":""action"",""text"":""Kill Demon Flag Bearers for 35x \""Red Flag\""""},{""type"":""talk"",""city"":""jook"",""pin"":""10"",""label"":""Turn in""}]"
23,15,s1-15,Stage 15 — General Sae-Won’s chain,Lv 21-25,"Jook-Suh only — same NPC, three separate visits as you level up.",,2,Quest 18,Quest,18,Lv 23,23,"21,610 XP, 1 Contribution Point",21610,0,1,0,false,"[""18.png""]","[""ms_m4_01.jpg""]","[{""type"":""talk"",""city"":""jook"",""pin"":""10"",""label"":""Talk""},{""type"":""action"",""text"":""Kill Demon Water Dragons for 35x \""Demon Water Dragon Head\""""},{""type"":""talk"",""city"":""jook"",""pin"":""10"",""label"":""Turn in""}]"
24,15,s1-15,Stage 15 — General Sae-Won’s chain,Lv 21-25,"Jook-Suh only — same NPC, three separate visits as you level up.",,3,Quest 19,Quest,19,Lv 25,25,"19,440 XP, 1 Skill Point",19440,0,0,1,false,"[""19.png""]","[""ms_m3_08.jpg""]","[{""type"":""talk"",""city"":""jook"",""pin"":""10"",""label"":""Talk""},{""type"":""action"",""text"":""Kill Demon Band for 40x \""Demon’s Drum\""""},{""type"":""talk"",""city"":""jook"",""pin"":""10"",""label"":""Turn in""}]"
25,16,s2-1,Stage 1 — Jook-Suh solo run,Lv 26-29,"Jook-Suh Cargo Station only — same routine, four times in a row.",,1,Quest 20,Quest,20,Lv 26,26,"23,056 XP, 1 Contribution Point",23056,0,1,0,false,"[""20.png""]","[""ms_m3_09.jpg""]","[{""type"":""talk"",""city"":""jook"",""pin"":""5"",""label"":""Talk""},{""type"":""action"",""text"":""Kill Demon Armored Knight for 40x \""Demon’s Armor\""""},{""type"":""talk"",""city"":""jook"",""pin"":""5"",""label"":""Turn in""}]"
26,16,s2-1,Stage 1 — Jook-Suh solo run,Lv 26-29,"Jook-Suh Cargo Station only — same routine, four times in a row.",,2,Quest 21,Quest,21,Lv 27,27,"24,298 XP, 1 Skill Point, 1 Contribution Point",24298,0,1,1,false,"[""21.png""]","[""ms_m4_02.jpg""]","[{""type"":""talk"",""city"":""jook"",""pin"":""1"",""label"":""Talk""},{""type"":""action"",""text"":""Kill Hungry Demon Water Dragon for 40x \""Bloodstained Clothes\""""},{""type"":""talk"",""city"":""jook"",""pin"":""1"",""label"":""Turn in""}]"
27,16,s2-1,Stage 1 — Jook-Suh solo run,Lv 26-29,"Jook-Suh Cargo Station only — same routine, four times in a row.",,3,Quest 22,Quest,22,Lv 28,28,"28,207 XP, 1 Skill Point, 1 Contribution Point",28207,0,1,1,false,"[""22.png""]","[""ms_m4_03.jpg""]","[{""type"":""talk"",""city"":""jook"",""pin"":""5"",""label"":""Talk""},{""type"":""action"",""text"":""Kill Demon Water Dragon Predator for 40x \""Demon Water Dragon Skin\""""},{""type"":""talk"",""city"":""jook"",""pin"":""5"",""label"":""Turn in""}]"
28,16,s2-1,Stage 1 — Jook-Suh solo run,Lv 26-29,"Jook-Suh Cargo Station only — same routine, four times in a row.",,4,Quest 23,Quest,23,Lv 29,29,"28,510 XP, 1 Skill Point, 1 Contribution Point",28510,0,1,1,false,"[""23.png""]","[""ms_m3_10.jpg""]","[{""type"":""talk"",""city"":""jook"",""pin"":""10"",""label"":""Talk""},{""type"":""action"",""text"":""Kill Demon Mad Knight for 40x \""Demon Mad Knight Head\""""},{""type"":""talk"",""city"":""jook"",""pin"":""10"",""label"":""Turn in""}]"
29,17,s2-2,Stage 2 — Job Change #1 + Trinket’s Quest,Lv 30,"Geum-Oh Mine, then the Fort — this is a big milestone stage.","Event Quest 8 is your <b>1st Job Change</b> — do this as soon as you hit 30. Its ""Demon Commander’s Head"" drops from the same Demon Commander that Quest 27 (Stage 3) needs later, so if you’re farming here anyway, grab extras.",1,Quest 24,Quest,24,Lv 30,30,"~30,000 XP, 1 Contribution Point",30000,0,1,0,true,"[""24.png""]","[""ms_m5_01.jpg""]","[{""type"":""talk"",""city"":""fort"",""pin"":""51"",""label"":""Talk""},{""type"":""talk"",""city"":""wild"",""pin"":""p7"",""label"":""Talk""},{""type"":""action"",""text"":""Find \""Moon-Hee’s Doll\"" from Castoff Baby Ghost""},{""type"":""talk"",""city"":""wild"",""pin"":""p7"",""label"":""Turn in""}]"
30,17,s2-2,Stage 2 — Job Change #1 + Trinket’s Quest,Lv 30,"Geum-Oh Mine, then the Fort — this is a big milestone stage.","Event Quest 8 is your <b>1st Job Change</b> — do this as soon as you hit 30. Its ""Demon Commander’s Head"" drops from the same Demon Commander that Quest 27 (Stage 3) needs later, so if you’re farming here anyway, grab extras.",2,Event Quest 8 — 1st Job Change,Event,8,Lv 30,30,"10,000 XP + 1st Job Change",10000,0,0,0,false,"[""ev4.png""]","[""ms_m3_11.jpg""]","[{""type"":""talk"",""city"":""geum"",""pin"":""1"",""label"":""Talk""},{""type"":""action"",""text"":""Try to get \""Demon Commander’s Head\"" from Demon Commander first, to save a trip""},{""type"":""talk"",""city"":""geum"",""pin"":""28"",""label"":""Talk""},{""type"":""action"",""text"":""Find \""Demon Commander’s Head\"" if you don’t have it yet""},{""type"":""talk"",""city"":""geum"",""pin"":""28"",""label"":""Turn in — pick your job""}]"
31,17,s2-2,Stage 2 — Job Change #1 + Trinket’s Quest,Lv 30,"Geum-Oh Mine, then the Fort — this is a big milestone stage.","Event Quest 8 is your <b>1st Job Change</b> — do this as soon as you hit 30. Its ""Demon Commander’s Head"" drops from the same Demon Commander that Quest 27 (Stage 3) needs later, so if you’re farming here anyway, grab extras.",3,Event Quest 9 — Trinket’s Quest,Event,9,Lv 30,30,"~24,000 XP + Apprentice Trinket",24000,0,0,0,true,"[""26.png"",""37.png"",""ev5_2.png"",""ev5_3.png""]","[""ms_m5_01.jpg"",""ms_m5_02.jpg"",""ms_m5_03.jpg"",""ms_m5_04.jpg""]","[{""type"":""talk"",""city"":""fort"",""pin"":""59"",""label"":""Talk""},{""type"":""talk"",""city"":""fort"",""pin"":""16"",""label"":""Talk""},{""type"":""action"",""text"":""Find 100x \""Sealed Talisman with Spirits\"" from any Ghosts""},{""type"":""talk"",""city"":""fort"",""pin"":""16"",""label"":""Report""},{""type"":""talk"",""city"":""fort"",""pin"":""20"",""label"":""Talk""},{""type"":""talk"",""city"":""fort"",""pin"":""23"",""label"":""Talk""},{""type"":""talk"",""city"":""fort"",""pin"":""6"",""label"":""Talk""},{""type"":""talk"",""city"":""fort"",""pin"":""5"",""label"":""Talk""},{""type"":""talk"",""city"":""fort"",""pin"":""20"",""label"":""Talk""},{""type"":""action"",""text"":""Find one head each: Devil Soldier, Devil Soldier Twin Blades, Devil Soldier Bow, Devil Soldier Sword, Devil Soldier Spear, Devil Soldier Sub-boss, 1st Devil Monster""},{""type"":""talk"",""city"":""fort"",""pin"":""20"",""label"":""Turn in (talk twice)""}]"
32,18,s2-3,Stage 3 — Ghost beads at the Fort,Lv 31-34,"Temporary Fort of Geum-Ohee Castle, one side-trip to Geum-Oh Mine.",,1,Quest 25,Quest,25,Lv 31,31,"~35,000 XP, 1 Contribution Point",35000,0,1,0,true,"[""25.png""]","[""ms_m5_02.jpg""]","[{""type"":""talk"",""city"":""fort"",""pin"":""49"",""label"":""Talk""},{""type"":""action"",""text"":""Kill Ghost Of Young Man for \""Wolf Tooth Necklace\""""},{""type"":""talk"",""city"":""fort"",""pin"":""49"",""label"":""Turn in""}]"
33,18,s2-3,Stage 3 — Ghost beads at the Fort,Lv 31-34,"Temporary Fort of Geum-Ohee Castle, one side-trip to Geum-Oh Mine.",,2,Quest 26,Quest,26,Lv 32,32,"~42,000 XP, 1 Contribution Point",42000,0,1,0,true,"[""26.png""]","[""ms_m5_03.jpg""]","[{""type"":""talk"",""city"":""fort"",""pin"":""60"",""label"":""Talk""},{""type"":""action"",""text"":""Kill Ghost Of Young Woman for 10x \""Ghost Bead\""""},{""type"":""talk"",""city"":""fort"",""pin"":""60"",""label"":""Turn in""}]"
34,18,s2-3,Stage 3 — Ghost beads at the Fort,Lv 31-34,"Temporary Fort of Geum-Ohee Castle, one side-trip to Geum-Oh Mine.",,3,Quest 27,Quest,27,Lv 33,33,"47,266 XP, 1 Skill Point",47266,0,0,1,false,"[""27.png""]","[""ms_m3_11.jpg""]","[{""type"":""talk"",""city"":""geum"",""pin"":""29"",""label"":""Talk""},{""type"":""action"",""text"":""Kill Demon Commander for \""Demon Troops Confidential Document\"" (same mob as Event Quest 8)""},{""type"":""talk"",""city"":""geum"",""pin"":""29"",""label"":""Turn in""}]"
35,18,s2-3,Stage 3 — Ghost beads at the Fort,Lv 31-34,"Temporary Fort of Geum-Ohee Castle, one side-trip to Geum-Oh Mine.",,4,Quest 28,Quest,28,Lv 34,34,"~62,000 XP, 1 Contribution Point",62000,0,1,0,true,"[""26.png""]","[""ms_m5_04.jpg""]","[{""type"":""talk"",""city"":""fort"",""pin"":""52"",""label"":""Talk""},{""type"":""action"",""text"":""Kill Ghost Of Blacksmith for 10x \""Blacksmith Bead\""""},{""type"":""talk"",""city"":""fort"",""pin"":""52"",""label"":""Turn in""}]"
36,19,s2-4,Stage 4 — More Fort ghost beads,Lv 35-36,"Fort, one side-trip to Geum-Oh Mine.",,1,Quest 29,Quest,29,Lv 35,35,"~76,000 XP, 1 Contribution Point",76000,0,1,0,true,"[""26.png""]","[""ms_m5_05.jpg""]","[{""type"":""talk"",""city"":""fort"",""pin"":""45"",""label"":""Talk""},{""type"":""action"",""text"":""Kill Ghost Guard for 10x \""Ghost Guard Bead\""""},{""type"":""talk"",""city"":""fort"",""pin"":""45"",""label"":""Turn in""}]"
37,19,s2-4,Stage 4 — More Fort ghost beads,Lv 35-36,"Fort, one side-trip to Geum-Oh Mine.",,2,Quest 30,Quest,30,Lv 36,36,"80,002 XP, 1 Contribution Point",80002,0,1,0,false,"[""30.png""]","[""ms_m4_04.jpg""]","[{""type"":""talk"",""city"":""geum"",""pin"":""4"",""label"":""Talk""},{""type"":""action"",""text"":""Kill Demon Dragon Commander for \""Demon Water Dragon Commanders Skin\""""},{""type"":""talk"",""city"":""geum"",""pin"":""4"",""label"":""Turn in""}]"
38,20,s2-5,Stage 5 — Fellow Traveller / Sealed Troop,Lv 37-39,Fort only.,,1,Quest 31,Quest,31,Lv 37,37,"~100,000 XP, 1 Contribution Point",100000,0,1,0,true,"[""26.png""]","[""ms_m5_06.jpg""]","[{""type"":""talk"",""city"":""fort"",""pin"":""1"",""label"":""Talk""},{""type"":""action"",""text"":""Kill Fellow traveller to the other world for 10x \""Fellow Traveller Bead\""""},{""type"":""talk"",""city"":""fort"",""pin"":""1"",""label"":""Turn in""}]"
39,20,s2-5,Stage 5 — Fellow Traveller / Sealed Troop,Lv 37-39,Fort only.,,2,Quest 32,Quest,32,Lv 38,38,"156,300 XP, 1 Skill Point",156300,0,0,1,false,"[""26.png""]","[""ms_m5_07.jpg""]","[{""type"":""talk"",""city"":""fort"",""pin"":""10"",""label"":""Talk""},{""type"":""action"",""text"":""Kill Sealed ghost troop for 10x \""Sealed Troop Bead\""""},{""type"":""talk"",""city"":""fort"",""pin"":""10"",""label"":""Turn in""}]"
40,20,s2-5,Stage 5 — Fellow Traveller / Sealed Troop,Lv 37-39,Fort only.,,3,Quest 33,Quest,33,Lv 39,39,"100,000 XP, 1 Contribution Point",100000,0,1,0,false,"[""33.png""]","[""ms_m6_03.jpg""]","[{""type"":""talk"",""city"":""fort"",""pin"":""19"",""label"":""Talk""},{""type"":""action"",""text"":""Kill Devil Soldier With Bow for 10x \""Devil Soldier’s Bow\""""},{""type"":""talk"",""city"":""fort"",""pin"":""19"",""label"":""Turn in""}]"
41,21,s2-6,Stage 6 — Devil Soldier’s Spear,Lv 40,Fort only.,,1,Quest 34,Quest,34,Lv 40,40,"~110,000 XP, 1 Contribution Point",110000,0,1,0,true,"[""34.png""]","[""ms_m6_05.jpg""]","[{""type"":""talk"",""city"":""fort"",""pin"":""2"",""label"":""Talk""},{""type"":""action"",""text"":""Kill Devil Soldier’s Spear for 10x \""Devil Soldier’s Spear\""""},{""type"":""talk"",""city"":""fort"",""pin"":""2"",""label"":""Turn in""}]"
42,21,s2-6,Stage 6 — Devil Soldier’s Spear,Lv 40,Fort only.,,2,Event Quest 14,Event,14,Lv 40,40,"83,680 XP",83680,0,0,0,false,"[""ev6.png""]","[""ms_m7_07.jpg""]","[{""type"":""talk"",""city"":""fort"",""pin"":""20"",""label"":""Talk""},{""type"":""action"",""text"":""Find \""Green Crystal\"" from Devil Troops of Absorbing Green (on the way to d3, and around d1 gates)""},{""type"":""talk"",""city"":""fort"",""pin"":""20"",""label"":""Turn in""}]"
43,22,s2-7,Stage 7 — To-Woo’s errand + Ghost Hunter masks,Lv 41,"Fort, with a trip out of town.",,1,Quest 35,Quest,35,Lv 41,41,"~116,825 XP",116825,0,0,0,true,"[""37.png""]","[""ms_m6_02.jpg""]","[{""type"":""talk"",""city"":""fort"",""pin"":""50"",""label"":""Talk""},{""type"":""talk"",""city"":""wild"",""pin"":""p12"",""label"":""Talk""},{""type"":""talk"",""city"":""wild"",""pin"":""m7"",""label"":""Kill for \""Head of Hyun-Woong’s Enemy\""""},{""type"":""talk"",""city"":""wild"",""pin"":""p12"",""label"":""Report""},{""type"":""talk"",""city"":""fort"",""pin"":""50"",""label"":""Turn in""}]"
44,22,s2-7,Stage 7 — To-Woo’s errand + Ghost Hunter masks,Lv 41,"Fort, with a trip out of town.",,2,Quest 36,Quest,36,Lv 41,41,"~194,790 XP",194790,0,0,0,true,[],"[""ms_m7_02.jpg""]","[{""type"":""talk"",""city"":""fort"",""pin"":""11"",""label"":""Talk""},{""type"":""action"",""text"":""Kill Devil Troop Of Pain for 100x \""Devil Troop of Pain’s Mask\""""},{""type"":""talk"",""city"":""fort"",""pin"":""11"",""label"":""Turn in""}]"
45,23,s2-8,Stage 8 — Red Flag Leader’s errand + Ghost Hunter masks,Lv 42,"Fort → Narootuh → Geum-Oh Mine → Fort, then out of town.",,1,Quest 37,Quest,37,Lv 42,42,"~140,708 XP",140708,0,0,0,true,"[""37.png""]",[],"[{""type"":""talk"",""city"":""fort"",""pin"":""44"",""label"":""Talk""},{""type"":""talk"",""city"":""naroo"",""pin"":""17"",""label"":""Talk""},{""type"":""talk"",""city"":""geum"",""pin"":""23"",""label"":""Talk""},{""type"":""talk"",""city"":""fort"",""pin"":""44"",""label"":""Report""},{""type"":""talk"",""city"":""wild"",""pin"":""m5"",""label"":""Kill for Head of Heuk-Yong""},{""type"":""talk"",""city"":""wild"",""pin"":""m6"",""label"":""Kill for Head of Dae-Ill""},{""type"":""talk"",""city"":""wild"",""pin"":""m1"",""label"":""Kill for Head of Yoo""},{""type"":""talk"",""city"":""wild"",""pin"":""m2"",""label"":""Kill for Head of Ma-Gwang""},{""type"":""talk"",""city"":""wild"",""pin"":""m3"",""label"":""Kill for Head of Goon-Sang-Ji""},{""type"":""talk"",""city"":""fort"",""pin"":""44"",""label"":""Turn in""}]"
46,23,s2-8,Stage 8 — Red Flag Leader’s errand + Ghost Hunter masks,Lv 42,"Fort → Narootuh → Geum-Oh Mine → Fort, then out of town.",,2,Quest 38,Quest,38,Lv 42,42,"~234,514 XP",234514,0,0,0,true,[],"[""ms_m7_03.jpg""]","[{""type"":""talk"",""city"":""fort"",""pin"":""12"",""label"":""Talk""},{""type"":""action"",""text"":""Kill Devil Troop Of Greed for 100x \""Devil Troop of Greed’s Mask\""""},{""type"":""talk"",""city"":""fort"",""pin"":""12"",""label"":""Turn in""}]"
47,24,s2-9,Stage 9 — Seoung-Gill’s secret + Ghost Hunter masks,Lv 43,"Fort, with trips out of town.",,1,Quest 39,Quest,39,Lv 43,43,"~169,395 XP",169395,0,0,0,true,"[""39.png"",""39_1.png""]",[],"[{""type"":""talk"",""city"":""wild"",""pin"":""p10"",""label"":""Talk""},{""type"":""talk"",""city"":""fort"",""pin"":""64"",""label"":""Talk""},{""type"":""talk"",""city"":""wild"",""pin"":""p10"",""label"":""Talk again""},{""type"":""talk"",""city"":""wild"",""pin"":""m4"",""label"":""Find \""Secret Letter\"" + \""Head Skin of Yong-Chun\""""},{""type"":""talk"",""city"":""wild"",""pin"":""p10"",""label"":""Talk again""},{""type"":""talk"",""city"":""fort"",""pin"":""64"",""label"":""Turn in""},{""type"":""talk"",""city"":""wild"",""pin"":""p10"",""label"":""Final turn-in""}]"
48,24,s2-9,Stage 9 — Seoung-Gill’s secret + Ghost Hunter masks,Lv 43,"Fort, with trips out of town.",,2,Quest 40,Quest,40,Lv 43,43,"~282,326 XP",282326,0,0,0,true,[],"[""ms_m7_04.jpg""]","[{""type"":""talk"",""city"":""fort"",""pin"":""13"",""label"":""Talk""},{""type"":""action"",""text"":""Kill Devil Troop Of Jealousy for 100x \""Devil Troop of Jealousy’s Mask\""""},{""type"":""talk"",""city"":""fort"",""pin"":""13"",""label"":""Turn in""}]"
49,25,s2-10,Stage 10 — Hatred combo + Doggebi spirits,Lv 44,Out of town + Fort + Forsaken Fort.,"Quest 41 and Quest 42 both farm <b>Devil Troop Of Hatred</b> — do them together, one grind covers both.",1,Quest 41,Quest,41,Lv 44,44,"~203,850 XP",203850,0,0,0,true,"[""41.png""]","[""ms_m7_05.jpg""]","[{""type"":""talk"",""city"":""wild"",""pin"":""p8"",""label"":""Talk""},{""type"":""action"",""text"":""Kill Devil Troop Of Hatred for \""Rope\""""},{""type"":""talk"",""city"":""wild"",""pin"":""p8"",""label"":""Turn in""}]"
50,25,s2-10,Stage 10 — Hatred combo + Doggebi spirits,Lv 44,Out of town + Fort + Forsaken Fort.,"Quest 41 and Quest 42 both farm <b>Devil Troop Of Hatred</b> — do them together, one grind covers both.",2,Quest 42,Quest,42,Lv 44,44,"~339,750 XP",339750,0,0,0,true,[],"[""ms_m7_05.jpg""]","[{""type"":""talk"",""city"":""fort"",""pin"":""14"",""label"":""Talk""},{""type"":""action"",""text"":""Kill Devil Troop Of Hatred for 100x \""Devil Troop of Hatred’s Mask\"" (same mob as Quest 41)""},{""type"":""talk"",""city"":""fort"",""pin"":""14"",""label"":""Turn in""}]"
51,25,s2-10,Stage 10 — Hatred combo + Doggebi spirits,Lv 44,Out of town + Fort + Forsaken Fort.,"Quest 41 and Quest 42 both farm <b>Devil Troop Of Hatred</b> — do them together, one grind covers both.",3,Event Quest 16,Event,16,Lv 44,44,"~169,875 XP",169875,0,0,0,true,"[""ev7.png""]",[],"[{""type"":""talk"",""city"":""wild"",""pin"":""p11"",""label"":""Talk""},{""type"":""action"",""text"":""Find one spirit of each: Doggebi of Monster Face, Doggebi with a Gong, Drunken Doggebi, Doggebi with a Mask of Black Crow, Doggebi with a Mask of Black Panther, Giant Doggebi, Guardian of Doggebi""},{""type"":""talk"",""city"":""wild"",""pin"":""p11"",""label"":""Turn in""}]"
52,25,s2-10,Stage 10 — Hatred combo + Doggebi spirits,Lv 44,Out of town + Fort + Forsaken Fort.,"Quest 41 and Quest 42 both farm <b>Devil Troop Of Hatred</b> — do them together, one grind covers both.",4,Event Quest 17,Event,17,Lv 44,44,"1,358,165 XP",1358165,0,0,0,false,"[""ev8.png""]","[""ms_m8_07.jpg""]","[{""type"":""talk"",""city"":""wild"",""pin"":""p11"",""label"":""Talk""},{""type"":""talk"",""city"":""wild"",""pin"":""m8"",""label"":""Kill Chief of Angry Doggebi Troop for its dead body""},{""type"":""talk"",""city"":""wild"",""pin"":""p11"",""label"":""Turn in""}]"
53,26,s2-11,Stage 11 — Doll for a Doggebi friend + last mask,Lv 45,Out of town + Fort.,,1,Quest 43,Quest,43,Lv 45,45,"~245,225 XP",245225,0,0,0,true,"[""43.png""]","[""ms_m7_07.jpg""]","[{""type"":""talk"",""city"":""wild"",""pin"":""p9"",""label"":""Talk""},{""type"":""action"",""text"":""Kill Devil Troop Of Anger for \""Defective Doggebi’s Doll\""""},{""type"":""talk"",""city"":""wild"",""pin"":""p9"",""label"":""Report""},{""type"":""talk"",""city"":""fort"",""pin"":""41"",""label"":""Talk""},{""type"":""talk"",""city"":""wild"",""pin"":""p9"",""label"":""Turn in""}]"
54,26,s2-11,Stage 11 — Doll for a Doggebi friend + last mask,Lv 45,Out of town + Fort.,,2,Quest 44,Quest,44,Lv 45,45,"~408,708 XP",408708,0,0,0,true,[],"[""ms_m7_06.jpg""]","[{""type"":""talk"",""city"":""fort"",""pin"":""15"",""label"":""Talk""},{""type"":""action"",""text"":""Kill Devil Troop Of Madness for 100x \""Devil Troop of Madness’ Mask\""""},{""type"":""talk"",""city"":""fort"",""pin"":""15"",""label"":""Turn in""}]"
55,27,s2-12,Stage 12 — Doggebi broom collection,Lv 46-49,"Out of town only, four NPCs in a row.","Quests 45-49 (this stage and the next guide) all need <b>5 ""Blood of Big Handed""</b> on top of their unique drop — stockpile that material once, it covers the whole chain.",1,Quest 45,Quest,45,Lv 46,46,"~491,510 XP, 1 Contribution Point",491510,0,1,0,true,"[""45.png"",""45-1.png""]","[""ms_m8_01.jpg""]","[{""type"":""talk"",""city"":""wildcargo"",""pin"":""p2"",""label"":""Talk""},{""type"":""action"",""text"":""Kill Doggebi Of Monster Face for its broom + 5x Blood of Big Handed""},{""type"":""talk"",""city"":""wildcargo"",""pin"":""p2"",""label"":""Turn in""}]"
56,27,s2-12,Stage 12 — Doggebi broom collection,Lv 46-49,"Out of town only, four NPCs in a row.","Quests 45-49 (this stage and the next guide) all need <b>5 ""Blood of Big Handed""</b> on top of their unique drop — stockpile that material once, it covers the whole chain.",2,Quest 46,Quest,46,Lv 47,47,"~590,926 XP, 1 Contribution Point",590926,0,1,0,true,"[""45.png"",""45-1.png""]","[""ms_m8_02.jpg""]","[{""type"":""talk"",""city"":""wildcargo"",""pin"":""p3"",""label"":""Talk""},{""type"":""action"",""text"":""Kill Doggebi with Gong for its broom + 5x Blood of Big Handed""},{""type"":""talk"",""city"":""wildcargo"",""pin"":""p3"",""label"":""Turn in""}]"
57,27,s2-12,Stage 12 — Doggebi broom collection,Lv 46-49,"Out of town only, four NPCs in a row.","Quests 45-49 (this stage and the next guide) all need <b>5 ""Blood of Big Handed""</b> on top of their unique drop — stockpile that material once, it covers the whole chain.",3,Quest 47,Quest,47,Lv 48,48,"~710,280 XP, 1 Contribution Point",710280,0,1,0,true,"[""45.png"",""45-1.png""]","[""ms_m8_03.jpg""]","[{""type"":""talk"",""city"":""wildcargo"",""pin"":""p4"",""label"":""Talk""},{""type"":""action"",""text"":""Kill Drunken Doggebi for its broom + 5x Blood of Big Handed""},{""type"":""talk"",""city"":""wildcargo"",""pin"":""p4"",""label"":""Turn in""}]"
58,27,s2-12,Stage 12 — Doggebi broom collection,Lv 46-49,"Out of town only, four NPCs in a row.","Quests 45-49 (this stage and the next guide) all need <b>5 ""Blood of Big Handed""</b> on top of their unique drop — stockpile that material once, it covers the whole chain.",4,Quest 48,Quest,48,Lv 49,49,"~853,562 XP, 1 Contribution Point",853562,0,1,0,true,"[""45.png"",""45-1.png""]","[""ms_m8_04.jpg""]","[{""type"":""talk"",""city"":""wildcargo"",""pin"":""p6"",""label"":""Talk""},{""type"":""action"",""text"":""Kill Doggebi with Mask of Black Crow for its broom + 5x Blood of Big Handed""},{""type"":""talk"",""city"":""wildcargo"",""pin"":""p6"",""label"":""Turn in""}]"
59,28,s3-1,Stage 1 — Lv 50 kickoff: 2nd Job Change + Doggebi grind,Lv 50,"Out of town, then the Fort — big milestone stage.",Event Quest 20 is your <b>2nd Job Change</b> — do it the moment you hit 50. Event Quest 21/22 both farm Doggebi outside the Fort near D1 — chain them together.,1,Quest 49,Quest,49,Lv 50,50,"~1,025,563 XP, 1 Contribution Point",1025563,0,1,0,true,"[""45.png"",""45-1.png""]","[""ms_m8_05.jpg""]","[{""type"":""talk"",""city"":""wildcargo"",""pin"":""p1"",""label"":""Talk""},{""type"":""action"",""text"":""Find \""Doggebi with Mask of Black Panther’s Broom\"" and 5x \""Blood of Big Handed\"" from Doggebi with Mask of Black Panther""},{""type"":""talk"",""city"":""wildcargo"",""pin"":""p1"",""label"":""Turn in""}]"
60,28,s3-1,Stage 1 — Lv 50 kickoff: 2nd Job Change + Doggebi grind,Lv 50,"Out of town, then the Fort — big milestone stage.",Event Quest 20 is your <b>2nd Job Change</b> — do it the moment you hit 50. Event Quest 21/22 both farm Doggebi outside the Fort near D1 — chain them together.,2,Event Quest 20 — 2nd Job Change,Event,20,Lv 50,50,2nd Job Change,0,0,0,0,false,[],[],"[{""type"":""talk"",""city"":""fort"",""pin"":""20"",""label"":""Talk""},{""type"":""action"",""text"":""Pick your job — this choice is permanent, confirm twice""},{""type"":""talk"",""city"":""fort"",""pin"":""20"",""label"":""Talk again""}]"
61,28,s3-1,Stage 1 — Lv 50 kickoff: 2nd Job Change + Doggebi grind,Lv 50,"Out of town, then the Fort — big milestone stage.",Event Quest 20 is your <b>2nd Job Change</b> — do it the moment you hit 50. Event Quest 21/22 both farm Doggebi outside the Fort near D1 — chain them together.,3,Event Quest 21,Event,21,Lv 50,50,"500,000 XP",500000,0,0,0,false,[],"[""ms_m8_06.jpg""]","[{""type"":""talk"",""city"":""wild"",""pin"":""p9"",""label"":""Talk""},{""type"":""action"",""text"":""Kill 50 Giant Doggebi""},{""type"":""talk"",""city"":""wild"",""pin"":""p9"",""label"":""Turn in""}]"
62,28,s3-1,Stage 1 — Lv 50 kickoff: 2nd Job Change + Doggebi grind,Lv 50,"Out of town, then the Fort — big milestone stage.",Event Quest 20 is your <b>2nd Job Change</b> — do it the moment you hit 50. Event Quest 21/22 both farm Doggebi outside the Fort near D1 — chain them together.,4,Event Quest 22,Event,22,Lv 50,50,"500,000 XP",500000,0,0,0,false,[],"[""ms_m8_07.jpg""]","[{""type"":""talk"",""city"":""wild"",""pin"":""p9"",""label"":""Talk""},{""type"":""action"",""text"":""Kill 50 Guardian of Doggebi, then kill \""Angry Doggebi of Monster Face\"" (spawns every 2h since last kill, near D1 / the hollow tree — only needs one kill) for \""Captured Doggebi\""""},{""type"":""talk"",""city"":""fort"",""pin"":""20"",""label"":""Talk""}]"
63,29,s3-2,Stage 2 — Lv 51-52: One-armed Man + Forsaken Fort,Lv 51-52,"Out of town, then Forsaken Fort (out of town).","Event Quest 23, 24 and 25 are all the same NPC (Doggebi Master at Forsaken Fort) — farm every Doggebi spirit type back to back before turning any of them in.",1,Quest 50,Quest,50,Lv 51,51,"~1,232,024 XP, 1 Contribution Point",1232024,0,1,0,true,"[""45.png"",""45-1.png""]","[""ms_m8_06.jpg""]","[{""type"":""talk"",""city"":""wildcargo"",""pin"":""p13"",""label"":""Talk""},{""type"":""action"",""text"":""Find \""Giant Doggebi’s Broom\"" and 5x \""Blood of Big Handed\"" from Giant Doggebis""},{""type"":""talk"",""city"":""wildcargo"",""pin"":""p13"",""label"":""Turn in""}]"
64,29,s3-2,Stage 2 — Lv 51-52: One-armed Man + Forsaken Fort,Lv 51-52,"Out of town, then Forsaken Fort (out of town).","Event Quest 23, 24 and 25 are all the same NPC (Doggebi Master at Forsaken Fort) — farm every Doggebi spirit type back to back before turning any of them in.",2,Event Quest 23,Event,23,Lv 52,52,"681,882 XP",681882,0,0,0,false,"[""ev7.png""]",[],"[{""type"":""talk"",""city"":""wild"",""pin"":""p11"",""label"":""Talk""},{""type"":""action"",""text"":""Find Spirit of Doggebi of Monster Face, Spirit of Doggebi with a Gong, Spirit of Drunken Doggebi""},{""type"":""talk"",""city"":""wild"",""pin"":""p11"",""label"":""Turn in""}]"
65,29,s3-2,Stage 2 — Lv 51-52: One-armed Man + Forsaken Fort,Lv 51-52,"Out of town, then Forsaken Fort (out of town).","Event Quest 23, 24 and 25 are all the same NPC (Doggebi Master at Forsaken Fort) — farm every Doggebi spirit type back to back before turning any of them in.",3,Event Quest 24,Event,24,Lv 52,52,"681,882 XP",681882,0,0,0,false,"[""ev7.png""]",[],"[{""type"":""talk"",""city"":""wild"",""pin"":""p11"",""label"":""Talk""},{""type"":""action"",""text"":""Find Spirit of Doggebi with a Mask of Black Crow, Spirit of Doggebi with a Mask of Black Panther""},{""type"":""talk"",""city"":""wild"",""pin"":""p11"",""label"":""Turn in""}]"
66,29,s3-2,Stage 2 — Lv 51-52: One-armed Man + Forsaken Fort,Lv 51-52,"Out of town, then Forsaken Fort (out of town).","Event Quest 23, 24 and 25 are all the same NPC (Doggebi Master at Forsaken Fort) — farm every Doggebi spirit type back to back before turning any of them in.",4,Event Quest 25,Event,25,Lv 52,52,"681,882 XP",681882,0,0,0,false,"[""ev7.png""]",[],"[{""type"":""talk"",""city"":""wild"",""pin"":""p11"",""label"":""Talk""},{""type"":""action"",""text"":""Find Spirit of Giant Doggebi, Spirit of Guardian of Doggebi""},{""type"":""talk"",""city"":""wild"",""pin"":""p11"",""label"":""Turn in""}]"
67,29,s3-2,Stage 2 — Lv 51-52: One-armed Man + Forsaken Fort,Lv 51-52,"Out of town, then Forsaken Fort (out of town).","Event Quest 23, 24 and 25 are all the same NPC (Doggebi Master at Forsaken Fort) — farm every Doggebi spirit type back to back before turning any of them in.",5,Event Quest 26,Event,26,Lv 52,52,"681,882 XP",681882,0,0,0,false,[],"[""ms_m8_01.jpg"",""ms_m8_02.jpg"",""ms_m8_03.jpg"",""ms_m8_04.jpg"",""ms_m8_05.jpg"",""ms_m8_06.jpg"",""ms_m8_07.jpg""]","[{""type"":""talk"",""city"":""wild"",""pin"":""p11"",""label"":""Talk""},{""type"":""action"",""text"":""Kill 10 each of Doggebi of Monster Face, Doggebi with a Gong, Drunken Doggebi, Doggebi with a Mask of Black Crow, Doggebi with a Mask of Black Panther, Giant Doggebi, Guardian of Doggebi""},{""type"":""talk"",""city"":""wild"",""pin"":""m8"",""label"":""Kill Chief of Angry Doggebi Troop (1x)""},{""type"":""talk"",""city"":""wild"",""pin"":""p11"",""label"":""Turn in""}]"
68,30,s3-3,Stage 3 — Lv 52-53: Manager’s errand + first Pub visit,Lv 52-53,"Out of town, then Fort → Pub of the Giant Bird.",,1,Quest 51,Quest,51,Lv 52,52,"~1,479,838 XP, 1 Contribution Point",1479838,0,1,0,true,"[""51.png"",""45-1.png""]","[""ms_m8_07.jpg""]","[{""type"":""talk"",""city"":""wildcargo"",""pin"":""p5"",""label"":""Talk""},{""type"":""action"",""text"":""Find \""Guardian of Doggebi’s Stone\"" and 5x \""Water Dragon Blood\"" from Guardian of Doggebi""},{""type"":""talk"",""city"":""wildcargo"",""pin"":""p5"",""label"":""Turn in""}]"
69,30,s3-3,Stage 3 — Lv 52-53: Manager’s errand + first Pub visit,Lv 52-53,"Out of town, then Fort → Pub of the Giant Bird.",,2,Quest 53,Quest,53,Lv 53,53,"~1,777,279 XP, 1 Contribution Point",1777279,0,1,0,true,"[""52.png""]","[""ms_m9_01.jpg""]","[{""type"":""talk"",""city"":""fort"",""pin"":""36"",""label"":""Talk""},{""type"":""talk"",""city"":""pub"",""pin"":""13"",""label"":""Talk""},{""type"":""action"",""text"":""Find 5x \""Skeleton Warrior’s Head\"" from Rotten Skeleton Warrior of the Royal Tomb""},{""type"":""talk"",""city"":""pub"",""pin"":""13"",""label"":""Turn in""}]"
70,31,s3-4,Stage 4 — Lv 54-57: Tomb Keeper grind chain begins,Lv 54-57,Pub of the Giant Bird — this NPC carries you for a while.,"Event Quest 30, 31, 32 and 33 plus Quest 56-59 all cycle through the same NPC — <b>Tomb Keeper [Gang-Man]</b> (pin 13) — stack them and grind Royal Tomb mobs together across this whole level range instead of turning in one at a time.",1,Quest 56,Quest,56,Lv 54,54,"~2,134,273 XP, 1 Contribution Point",2134273,0,1,0,true,"[""53.png""]","[""ms_m9_02.jpg""]","[{""type"":""talk"",""city"":""pub"",""pin"":""13"",""label"":""Talk""},{""type"":""action"",""text"":""Find 5x \""Skeleton Warrior’s Ribs\"" from Rotten Skeleton Warrior of the Royal Tomb""},{""type"":""talk"",""city"":""pub"",""pin"":""13"",""label"":""Turn in""}]"
71,31,s3-4,Stage 4 — Lv 54-57: Tomb Keeper grind chain begins,Lv 54-57,Pub of the Giant Bird — this NPC carries you for a while.,"Event Quest 30, 31, 32 and 33 plus Quest 56-59 all cycle through the same NPC — <b>Tomb Keeper [Gang-Man]</b> (pin 13) — stack them and grind Royal Tomb mobs together across this whole level range instead of turning in one at a time.",2,Event Quest 28,Event,28,Lv 54,54,"3,013,282 XP",3013282,0,0,0,false,[],"[""ms_m8_01.jpg"",""ms_m8_02.jpg"",""ms_m8_03.jpg"",""ms_m8_04.jpg"",""ms_m8_05.jpg""]","[{""type"":""talk"",""city"":""fort"",""pin"":""20"",""label"":""Talk""},{""type"":""action"",""text"":""Go to D1 and kill 20x each: Doggebi of Monster Face, Doggebi with a Gong, Drunken Doggebi, Doggebi with a Mask of Black Crow, Doggebi with a Mask of Black Panther""},{""type"":""talk"",""city"":""fort"",""pin"":""20"",""label"":""Talk again""}]"
72,31,s3-4,Stage 4 — Lv 54-57: Tomb Keeper grind chain begins,Lv 54-57,Pub of the Giant Bird — this NPC carries you for a while.,"Event Quest 30, 31, 32 and 33 plus Quest 56-59 all cycle through the same NPC — <b>Tomb Keeper [Gang-Man]</b> (pin 13) — stack them and grind Royal Tomb mobs together across this whole level range instead of turning in one at a time.",3,Quest 57,Quest,57,Lv 55,55,"~2,562,731 XP, 1 Contribution Point",2562731,0,1,0,true,"[""54.png""]","[""ms_m9_03.jpg""]","[{""type"":""talk"",""city"":""pub"",""pin"":""13"",""label"":""Talk""},{""type"":""action"",""text"":""Find 5x \""Royal Tomb Keeper’s Book\"" from Minister of the Royal Tomb""},{""type"":""talk"",""city"":""pub"",""pin"":""13"",""label"":""Turn in""}]"
73,31,s3-4,Stage 4 — Lv 54-57: Tomb Keeper grind chain begins,Lv 54-57,Pub of the Giant Bird — this NPC carries you for a while.,"Event Quest 30, 31, 32 and 33 plus Quest 56-59 all cycle through the same NPC — <b>Tomb Keeper [Gang-Man]</b> (pin 13) — stack them and grind Royal Tomb mobs together across this whole level range instead of turning in one at a time.",4,Event Quest 30,Event,30,Lv 55,55,"3,289,241 XP",3289241,0,0,0,false,"[""eq30speed.jpg""]",[],"[{""type"":""talk"",""city"":""pub"",""pin"":""13"",""label"":""Talk""},{""type"":""talk"",""city"":""pub"",""pin"":""2"",""label"":""Talk""},{""type"":""action"",""text"":""Get 5x \""Speed up Medicine\""""},{""type"":""talk"",""city"":""pub"",""pin"":""2"",""label"":""Turn in""}]"
74,31,s3-4,Stage 4 — Lv 54-57: Tomb Keeper grind chain begins,Lv 54-57,Pub of the Giant Bird — this NPC carries you for a while.,"Event Quest 30, 31, 32 and 33 plus Quest 56-59 all cycle through the same NPC — <b>Tomb Keeper [Gang-Man]</b> (pin 13) — stack them and grind Royal Tomb mobs together across this whole level range instead of turning in one at a time.",5,Event Quest 31,Event,31,Lv 55,55,"5,289,241 XP, 10x Talisman of Magic",5289241,0,0,0,false,[],"[""ms_m9_01.jpg"",""ms_m9_02.jpg""]","[{""type"":""talk"",""city"":""pub"",""pin"":""13"",""label"":""Talk""},{""type"":""action"",""text"":""Kill 60x Rotten Skeleton Warrior of the Royal Tomb (Sword) + 60x (Lance)""},{""type"":""talk"",""city"":""pub"",""pin"":""13"",""label"":""Turn in""}]"
75,31,s3-4,Stage 4 — Lv 54-57: Tomb Keeper grind chain begins,Lv 54-57,Pub of the Giant Bird — this NPC carries you for a while.,"Event Quest 30, 31, 32 and 33 plus Quest 56-59 all cycle through the same NPC — <b>Tomb Keeper [Gang-Man]</b> (pin 13) — stack them and grind Royal Tomb mobs together across this whole level range instead of turning in one at a time.",6,Event Quest 32,Event,32,Lv 55,55,"12,000,000 XP, 5x Talisman of Defense, Artisan’s Fixing Tool",12000000,0,0,0,false,[],"[""ms_m9_04.jpg""]","[{""type"":""talk"",""city"":""pub"",""pin"":""13"",""label"":""Talk""},{""type"":""action"",""text"":""Kill 100x Maid of Honor of the Royal Tomb""},{""type"":""talk"",""city"":""pub"",""pin"":""13"",""label"":""Turn in""}]"
76,31,s3-4,Stage 4 — Lv 54-57: Tomb Keeper grind chain begins,Lv 54-57,Pub of the Giant Bird — this NPC carries you for a while.,"Event Quest 30, 31, 32 and 33 plus Quest 56-59 all cycle through the same NPC — <b>Tomb Keeper [Gang-Man]</b> (pin 13) — stack them and grind Royal Tomb mobs together across this whole level range instead of turning in one at a time.",7,Quest 58,Quest,58,Lv 56,56,"~3,076,950 XP, 1 Contribution Point",3076950,0,1,0,true,"[""55.png""]","[""ms_m9_04.jpg""]","[{""type"":""talk"",""city"":""pub"",""pin"":""13"",""label"":""Talk""},{""type"":""action"",""text"":""Find 5x \""Royal Tomb Keeper’s Lute\"" from Maid of Honor of the Royal Tomb""},{""type"":""talk"",""city"":""pub"",""pin"":""13"",""label"":""Turn in""}]"
77,31,s3-4,Stage 4 — Lv 54-57: Tomb Keeper grind chain begins,Lv 54-57,Pub of the Giant Bird — this NPC carries you for a while.,"Event Quest 30, 31, 32 and 33 plus Quest 56-59 all cycle through the same NPC — <b>Tomb Keeper [Gang-Man]</b> (pin 13) — stack them and grind Royal Tomb mobs together across this whole level range instead of turning in one at a time.",8,Event Quest 33,Event,33,Lv 57,57,"12,975,811 XP",12975811,0,0,0,false,[],"[""ms_m9_03.jpg""]","[{""type"":""talk"",""city"":""pub"",""pin"":""13"",""label"":""Talk""},{""type"":""action"",""text"":""Kill 100x Minister of the Royal Tomb""},{""type"":""talk"",""city"":""pub"",""pin"":""13"",""label"":""Turn in""}]"
78,31,s3-4,Stage 4 — Lv 54-57: Tomb Keeper grind chain begins,Lv 54-57,Pub of the Giant Bird — this NPC carries you for a while.,"Event Quest 30, 31, 32 and 33 plus Quest 56-59 all cycle through the same NPC — <b>Tomb Keeper [Gang-Man]</b> (pin 13) — stack them and grind Royal Tomb mobs together across this whole level range instead of turning in one at a time.",9,Quest 59,Quest,59,Lv 57,57,"~3,694,082 XP, 1 Contribution Point",3694082,0,1,0,true,"[""56.png""]","[""ms_m9_06.jpg""]","[{""type"":""talk"",""city"":""pub"",""pin"":""13"",""label"":""Talk""},{""type"":""action"",""text"":""Find 5x \""Royal Tomb Keeper’s Sword\"" from The Royal Tomb Keeper""},{""type"":""talk"",""city"":""pub"",""pin"":""13"",""label"":""Turn in""}]"
79,32,s3-5,Stage 5 — Lv 58: City of Priest opens up,Lv 58,"Pub of the Giant Bird, then City of Priest.","Event Quest 35, 36 and 37 are the same NPC (An-Hyunsoo, pin 11); Event Quest 38 switches to Sur-An (pin 9) for the combined kill. Both are in the City of Priest.",1,Quest 60,Quest,60,Lv 58,58,"~4,434,711 XP, 1 Contribution Point",4434711,0,1,0,true,"[""57.png""]","[""ms_m9_05.jpg""]","[{""type"":""talk"",""city"":""pub"",""pin"":""13"",""label"":""Talk""},{""type"":""action"",""text"":""Find 5x \""Royal Tomb Keeper’s Shield\"" from The Royal Tomb Keeper""},{""type"":""talk"",""city"":""pub"",""pin"":""13"",""label"":""Turn in""}]"
80,32,s3-5,Stage 5 — Lv 58: City of Priest opens up,Lv 58,"Pub of the Giant Bird, then City of Priest.","Event Quest 35, 36 and 37 are the same NPC (An-Hyunsoo, pin 11); Event Quest 38 switches to Sur-An (pin 9) for the combined kill. Both are in the City of Priest.",2,Event Quest 35,Event,35,Lv 58,58,"10,000,000 XP",10000000,0,0,0,false,"[""eq35b.jpg""]",[],"[{""type"":""talk"",""city"":""cop"",""pin"":""11"",""label"":""Talk""},{""type"":""action"",""text"":""Get 5x \""Baked Mackarel in Soy Sauce\"" — cook at the Fort with 1x Mackerel fish""},{""type"":""talk"",""city"":""cop"",""pin"":""11"",""label"":""Turn in""}]"
81,32,s3-5,Stage 5 — Lv 58: City of Priest opens up,Lv 58,"Pub of the Giant Bird, then City of Priest.","Event Quest 35, 36 and 37 are the same NPC (An-Hyunsoo, pin 11); Event Quest 38 switches to Sur-An (pin 9) for the combined kill. Both are in the City of Priest.",3,Event Quest 36,Event,36,Lv 58,58,"10,000,000 XP",10000000,0,0,0,false,[],"[""ms_m9_05.jpg"",""ms_m9_06.jpg""]","[{""type"":""talk"",""city"":""cop"",""pin"":""11"",""label"":""Talk""},{""type"":""action"",""text"":""Kill 60x The Royal Tomb Keeper (sword) + 60x (Shield)""},{""type"":""talk"",""city"":""cop"",""pin"":""11"",""label"":""Turn in""}]"
82,32,s3-5,Stage 5 — Lv 58: City of Priest opens up,Lv 58,"Pub of the Giant Bird, then City of Priest.","Event Quest 35, 36 and 37 are the same NPC (An-Hyunsoo, pin 11); Event Quest 38 switches to Sur-An (pin 9) for the combined kill. Both are in the City of Priest.",4,Event Quest 37,Event,37,Lv 58,58,"20,835,821 XP",20835821,0,0,0,false,[],"[""ms_m9_07.jpg"",""ms_m9_08.jpg""]","[{""type"":""talk"",""city"":""cop"",""pin"":""11"",""label"":""Talk""},{""type"":""action"",""text"":""Kill 60x The Royal Tomb Keeper (Iron Hammer) + 60x (Spear)""},{""type"":""talk"",""city"":""cop"",""pin"":""11"",""label"":""Turn in""}]"
83,32,s3-5,Stage 5 — Lv 58: City of Priest opens up,Lv 58,"Pub of the Giant Bird, then City of Priest.","Event Quest 35, 36 and 37 are the same NPC (An-Hyunsoo, pin 11); Event Quest 38 switches to Sur-An (pin 9) for the combined kill. Both are in the City of Priest.",5,Event Quest 38,Event,38,Lv 58,58,"20,000,000 XP",20000000,0,0,0,false,[],"[""ms_m9_05.jpg"",""ms_m9_06.jpg"",""ms_m9_07.jpg"",""ms_m9_08.jpg""]","[{""type"":""talk"",""city"":""cop"",""pin"":""9"",""label"":""Talk""},{""type"":""action"",""text"":""Kill 60x each: The Royal Tomb Keeper (sword), (Shield), (Iron Hammer), (Spear)""},{""type"":""talk"",""city"":""cop"",""pin"":""9"",""label"":""Turn in""}]"
84,33,s3-6,Stage 6 — Lv 59-60: Tomb Keeper finale,Lv 59-60,Pub of the Giant Bird.,,1,Quest 61,Quest,61,Lv 59,59,"~5,323,540 XP, 1 Contribution Point",5323540,0,1,0,true,"[""58.png""]","[""ms_m9_07.jpg""]","[{""type"":""talk"",""city"":""pub"",""pin"":""13"",""label"":""Talk""},{""type"":""action"",""text"":""Find 5x \""Royal Tomb Keeper’s Spear\"" from The Royal Tomb Keeper""},{""type"":""talk"",""city"":""pub"",""pin"":""13"",""label"":""Turn in""}]"
85,33,s3-6,Stage 6 — Lv 59-60: Tomb Keeper finale,Lv 59-60,Pub of the Giant Bird.,,2,Quest 62,Quest,62,Lv 60,60,"~6,390,210 XP, 1 Contribution Point",6390210,0,1,0,true,"[""58.png""]","[""ms_m9_08.jpg""]","[{""type"":""talk"",""city"":""pub"",""pin"":""13"",""label"":""Talk""},{""type"":""action"",""text"":""Find 5x \""Royal Tomb Keeper’s Iron Hammer\"" from The Royal Tomb Keeper""},{""type"":""talk"",""city"":""pub"",""pin"":""13"",""label"":""Turn in""}]"
86,34,s3-7,Stage 7 — Lv 70: 3rd Job Change + Forest of Elements,Lv 70,Fort → City of Priest → Forest of Elements (field) → City of Priest.,"This is the big one — 3rd Job Change. The element-collection loop (imperfect elements → Hwa-Eun → altars) can be farmed at the same time as the 4 endgame drop items (D4, Highlands of Sky, D2, Emok Island), so read the whole quest before starting.",1,Event Quest 40 — 3rd Job Change,Event,40,Lv 70,70,3rd Job Change + new skills,0,0,0,0,false,"[""ev10_1.png"",""ev10_2.png"",""ev10_3.png"",""ev10_4.png"",""ev10_5.png"",""ev10_6.png"",""ev10_7.png"",""ev10_8.png"",""ev10_9.png""]",[],"[{""type"":""talk"",""city"":""fort"",""pin"":""20"",""label"":""Talk""},{""type"":""talk"",""city"":""cop"",""pin"":""9"",""label"":""Talk""},{""type"":""field"",""label"":""Field"",""name"":""Forest of Elements — drop 10x each: element of fire, water, wood, iron, ground (can substitute \""Imperfect element of..\"" from the same mobs or from D5)""},{""type"":""talk"",""city"":""cop"",""pin"":""19"",""label"":""Talk — convert imperfects (200k each try, ~35% success rate, not guaranteed)""},{""type"":""field"",""label"":""Field"",""name"":""Carry the converted elements to the altars at every major spot in the Forest of Elements""},{""type"":""talk"",""city"":""cop"",""pin"":""9"",""label"":""Talk again""},{""type"":""field"",""label"":""Field"",""name"":""\""Monster’s Right Arm\"" from Demon Monster (D4, every floor)""},{""type"":""field"",""label"":""Field"",""name"":""\""Necklace of Evil\"" from Chief of the Traitor’s Hangout, Yoong-Gi (Highlands of Sky, Traitor Hang Out)""},{""type"":""field"",""label"":""Field"",""name"":""\""Lord’s Jaw\"" from Lord of Shadow Troop (D2)""},{""type"":""field"",""label"":""Field"",""name"":""\""Sword of the Chief Defender\"" from Twisted Demon Defender (Emok Island)""},{""type"":""talk"",""city"":""cop"",""pin"":""9"",""label"":""Turn in — 3rd Job Change with new skills""}]"
87,34,s3-7,Stage 7 — Lv 70: 3rd Job Change + Forest of Elements,Lv 70,Fort → City of Priest → Forest of Elements (field) → City of Priest.,"This is the big one — 3rd Job Change. The element-collection loop (imperfect elements → Hwa-Eun → altars) can be farmed at the same time as the 4 endgame drop items (D4, Highlands of Sky, D2, Emok Island), so read the whole quest before starting.",2,Event Quest 41,Event,41,Lv 70,70,Access to Valley of Devah,0,0,0,0,false,"[""ev11_1.png"",""ev11_2.png"",""ev11_3.png"",""ev11_4.png"",""ev11_5.png"",""ev11_6.png"",""ev11_7.png""]",[],"[{""type"":""talk"",""city"":""forest"",""pin"":""p14"",""label"":""Talk""},{""type"":""action"",""text"":""Find Souls of Undead from higher-level spirits / MK monsters in D5: Essence of earth (F3), wood (F4), water (F6), fire (F8), iron (F9)""},{""type"":""talk"",""city"":""forest"",""pin"":""p14"",""label"":""Talk again""},{""type"":""action"",""text"":""\""The Trial of I’Lryer\"" — go to D5, find 100x \""Essence of Undead\"" (drops from all D5 mobs), and \""I’Lryer’s ring\"" from Cheios/Dunamic on F10 or Illusion of Dunamic / Illusion of Cheios on F9 (R1/R2)""},{""type"":""field"",""label"":""Field"",""name"":""Messenger of Devah [Jin-Heun] — Geum-Oh Mine, through the left gate, down the hill, keep right to the ramp""},{""type"":""action"",""text"":""Receive \""Moving Trinket\"" — grants access to Valley of Devah""}]"
88,35,s3-8,Stage 8 — Lv 81: skill training,Lv 81,City of Priest.,,1,Quest 63,Quest,63,Lv 81,81,Selected Mystery Skill (Passive),0,0,0,0,false,[],[],"[{""type"":""talk"",""city"":""cop"",""pin"":""10"",""label"":""Talk""},{""type"":""action"",""text"":""Click \""Receive Training\"" and pick one of 3 skills (OTP, EVA or DEF) — the skill level scales up with your character level, up to skill level 20""}]"
89,36,s3-9,Stage 9 — the AWAKEN trilogy,Lv 91 / 96 / 101,Narootuh (talk point) → Emok Island → Valley of Devah farming.,"All three AWAKEN quests start at the same spot: ""DEAD Hye min"", located in Narootuh between NPC 43 and the Refining Deamon Gong — there’s no numbered map pin for this one, it’s a landmark description from the source guide.",1,Event Quest — 1st AWAKEN,,,Lv 91,91,Blue Ball + access to 1st Awaken skills (S → Awaken tab),0,0,0,0,false,"[""marble.gif"",""shiny.gif""]","[""ms_m23_12.jpg"",""ms_m23_13.jpg""]","[{""type"":""field"",""label"":""Field"",""name"":""\""DEAD Hye min\"" — Narootuh, between NPC 43 and Refining Deamon Gong""},{""type"":""action"",""text"":""Kill 200x Twisted Deamon Officer of Attack + 200x Twisted Imperial Deamon Commander (Emok A9)""},{""type"":""action"",""text"":""Find 20x \""Mysterious Marble\"" + 5x \""Piece of Shining Gold\"" from Shadow of D’evah""}]"
90,36,s3-9,Stage 9 — the AWAKEN trilogy,Lv 91 / 96 / 101,Narootuh (talk point) → Emok Island → Valley of Devah farming.,"All three AWAKEN quests start at the same spot: ""DEAD Hye min"", located in Narootuh between NPC 43 and the Refining Deamon Gong — there’s no numbered map pin for this one, it’s a landmark description from the source guide.",2,Event Quest — 2nd AWAKEN,,,Lv 96,96,Pink Ball + access to 2nd Awaken skills (S → Awaken tab),0,0,0,0,false,"[""ingot.gif"",""gold.gif"",""marble.gif"",""shiny.gif""]",[],"[{""type"":""field"",""label"":""Field"",""name"":""\""DEAD Hye min\"" again — Narootuh""},{""type"":""action"",""text"":""Find 2x \""Gold Ingot\"" (craft with 200x Gold Coins at the Gold Master, dropped by Shadow of D’evah), 60x \""Mysterious Marble\"", 15x \""Piece of Shining Gold\""""}]"
91,36,s3-9,Stage 9 — the AWAKEN trilogy,Lv 91 / 96 / 101,Narootuh (talk point) → Emok Island → Valley of Devah farming.,"All three AWAKEN quests start at the same spot: ""DEAD Hye min"", located in Narootuh between NPC 43 and the Refining Deamon Gong — there’s no numbered map pin for this one, it’s a landmark description from the source guide.",3,Event Quest — 3rd AWAKEN,,,Lv 101,101,Yellow Ball + access to 3rd Awaken skills (S → Awaken tab),0,0,0,0,false,"[""ingot.gif"",""gold.gif"",""marble.gif"",""shiny.gif""]",[],"[{""type"":""field"",""label"":""Field"",""name"":""\""DEAD Hye min\"" again — Narootuh""},{""type"":""action"",""text"":""Find \""Processing Awaken Lv3\"" from D’evah Boss""},{""type"":""action"",""text"":""Find 1x \""Gold Ingot\"" (craft with 100x Gold Coins), 120x \""Mysterious Marble\"", 30x \""Piece of Shining Gold\""""}]"
