route_ordinal,stage_ordinal,stage_id,stage_title,stage_level,stage_where,stage_combo,quest_ordinal_in_stage,route_name,route_type,route_number,route_level,minimum_level,friend_reward,friend_experience,friend_geons,friend_contribution,friend_skill_points,reward_is_approximate,items_json,monsters_json,steps_json,legacy_type,legacy_id,legacy_name,legacy_match_method,bango_que_id,bango_name,bango_level,bango_experience,bango_contribution,bango_skill_points,bango_prerequisite,bango_steps_raw,match_method,match_score,match_candidates,level_disagrees,experience_disagrees,contribution_disagrees,skill_points_disagree,status,effective_level,effective_experience,effective_contribution,effective_skill_points
1,1,s1-1,Stage 1 — Narootuh starter batch,Lv 0-1,Stay in Narootuh the whole stage.,,1,Quest 1,Quest,1,Lv 0,0,"80 XP, 3 Small Medicines",80,0,0,0,false,"[""1.png""]","[""ms_m1_01.jpg"",""ms_m1_02.jpg"",""ms_m1_03.jpg"",""ms_m1_04.jpg""]","[{""type"":""talk"",""city"":""naroo"",""pin"":""21"",""label"":""Talk""},{""type"":""action"",""text"":""Kill Lower Class Demons for \""Shee-Geun’s Message\""""},{""type"":""talk"",""city"":""naroo"",""pin"":""21"",""label"":""Turn in""}]",Quest,02,Message Collection,route-number-to-legacy-name-override,2,Message Collection,1,50,0,0,,"Collect the secret message from lower class demons. Give it back to Chief guard, Sea-Geun and you'll get some reward.|140:1",exact-normalized-name,0.860,,true,true,false,false,matched-disagrees,1,50,0,0
2,1,s1-1,Stage 1 — Narootuh starter batch,Lv 0-1,Stay in Narootuh the whole stage.,,2,Event Quest 1,Event,1,Lv 0,0,100 XP,100,0,0,0,false,"[""ev1.png""]","[""ms_m1_04.jpg""]","[{""type"":""talk"",""city"":""naroo"",""pin"":""26"",""label"":""Talk""},{""type"":""action"",""text"":""Kill Demon Plunderers for \""Chun-SooIn’s Stirrup\""""},{""type"":""talk"",""city"":""naroo"",""pin"":""26"",""label"":""Turn in""}]",,,,no-confident-legacy-name,9001,[Event] Beginning of Long Journey,1,100,0,0,,Go to Chun-Sooin and say thank you. He's your life saver.|;Chun-Sooin asks you for taking a stirrup back from the demons. The stirrup is taken by the low level of demons(Demon Plunderer). Find the stirrup for helping Chun-Sooin.|169:1,registered-route-objective-to-bango-name,1.000,,true,false,false,false,matched-disagrees,1,100,0,0
3,2,s1-2,Stage 2 — Narootuh ↔ Jook-Suh shuttle,Lv 0,Do both quests back-to-back — same round trip.,,1,Quest 2,Quest,2,Lv 0,0,"100 geons, 2 Small Medicines",0,100,0,0,false,[],[],"[{""type"":""talk"",""city"":""naroo"",""pin"":""52"",""label"":""Talk""},{""type"":""talk"",""city"":""jook"",""pin"":""6"",""label"":""Talk""},{""type"":""talk"",""city"":""naroo"",""pin"":""52"",""label"":""Turn in""}]",Quest,01,Favor of Sailor Gwang-Chun,route-number-to-legacy-name-override,1,"Sailor, Gwang-Chun's Favor",1,0,0,0,,Show Gwang-Chun's letter to Nu-Rook. Nu-Rook will give you Gwang-Chun's goods.|132:1;Receive the goods from Nu-Rook and submit it to Gwang-Chun in Narootuh village.|142:1,name-content-and-level,0.747,,true,false,false,false,matched-disagrees,1,0,0,0
4,2,s1-2,Stage 2 — Narootuh ↔ Jook-Suh shuttle,Lv 0,Do both quests back-to-back — same round trip.,,2,Quest 3,Quest,3,Lv 0,0,"73 XP, 200 geons, 1 Contribution Point",73,200,1,0,false,"[""3.png""]","[""ms_m1_03.jpg""]","[{""type"":""talk"",""city"":""naroo"",""pin"":""51"",""label"":""Talk""},{""type"":""action"",""text"":""Kill Demon SpearHead for \""Demon’s Strategic Map\""""},{""type"":""talk"",""city"":""naroo"",""pin"":""51"",""label"":""Report""},{""type"":""talk"",""city"":""jook"",""pin"":""10"",""label"":""Talk""},{""type"":""talk"",""city"":""naroo"",""pin"":""51"",""label"":""Turn in""}]",Quest,03,Grasp the Situation of Demons,route-number-to-legacy-name,3,Grasp the Situation of Demons,1,0,1,0,,"Chief guard, Mak-Ahnsoo asked you to collect the information of attack. Find the map of demons and go to Mak-Ahnsoo.|146:1;The demon's target was Jook-Suh Cargo Station not Narootuh. People who doesn't know this situation will be in danger. The chief guard, Mak-Ahnsoo give the information of demons' attack to the general, Sae-won. Go and see the general, Sae-won.|133:1;general, Sae-won found out the enemies' location but he doesn't have enough force. The general, Sae-won finished writing letter for help to the chief guard, Mak-Ahnsoo so go to see the chief guard, Mak-Ahnsoo.|134:1",exact-normalized-name,0.819,,true,true,false,false,matched-disagrees,1,0,1,0
5,3,s1-3,Stage 3 — Demon Escort Archers,Lv 6,Narootuh only.,,1,Quest 4,Quest,4,Lv 6,6,"542 XP, 1 Contribution Point",542,0,1,0,false,"[""4.png""]","[""ms_m1_07.jpg""]","[{""type"":""talk"",""city"":""naroo"",""pin"":""24"",""label"":""Talk""},{""type"":""talk"",""city"":""naroo"",""pin"":""35"",""label"":""Talk""},{""type"":""action"",""text"":""Kill Demon Escort Archers for 10x \""Demon’s Bow\""""},{""type"":""talk"",""city"":""naroo"",""pin"":""35"",""label"":""Report""},{""type"":""talk"",""city"":""naroo"",""pin"":""24"",""label"":""Turn in""}]",Quest,04,"General, Poong-seup's Missing",route-number-to-legacy-name,4,"General, Poong-seup's Missing",6,844,1,0,2,"Ji-hun is looking for the general, Poong-seup. Please find the general, Poong-seup. Chief Guard, Joo-Jimin knows where he is. Go to meet Joo-Jimin.|;The chief, Joo-Jimin want you to prove that you're not a spy if you want to know about the general, Poong-seup. Hunt Demon escort archer and get 10 demon's bows.|147:10;The general, Poong-seup has won the battle in Chung-Song and he's defending Chung-Song. Talk to the farmer, Ji-Hun about the general, Poong-seup.|",exact-normalized-name,0.819,,false,true,false,false,matched-disagrees,6,844,1,0
6,4,s1-4,Stage 4 — Suicide Bombers,Lv 8,Jook-Suh → Geum-Oh Mine → Jook-Suh.,,1,Quest 5,Quest,5,Lv 8,8,"1,184 XP, 1 Contribution Point",1184,0,1,0,false,"[""5.png""]","[""ms_m1_08.jpg""]","[{""type"":""talk"",""city"":""jook"",""pin"":""17"",""label"":""Talk""},{""type"":""talk"",""city"":""geum"",""pin"":""4"",""label"":""Talk""},{""type"":""action"",""text"":""Kill Suicide Bombers for 10x \""Suicide Bomber’s Oil\""""},{""type"":""talk"",""city"":""geum"",""pin"":""4"",""label"":""Report""},{""type"":""talk"",""city"":""jook"",""pin"":""17"",""label"":""Turn in""}]",Quest,05,"Farmer, Noo-Woong's Favor",route-number-to-legacy-name,5,"Farmer, Nu-Woong's Favor",8,1157,1,0,,"Gwee-Sik borrowed money from Nu-Woong. Find Gwee-Sik and get the money back to Nu-Woong.|135:1;The miner, Gwee-Sik can't work because the demon called Suicide bombers attack people. Hunt the Suicide bomber and collect 10 Suicide bomber's oil for proof.|148:10;Gwee-Sik made money from the mine. Give the money from Gwee-Sik to Nu-Woong.|143:1",name-content-and-level,0.659,,false,true,false,false,matched-disagrees,8,1157,1,0
7,5,s1-5,Stage 5 — Demon Carcass Scavenger combo,Lv 10,Narootuh (accept) → Jook-Suh (accept + turn in) → Narootuh (turn in).,"Quest 6 and Event Quest 3 both farm Demon Carcass Scavenger (plus Big Handed Inhabitants for Quest 6). Accept both before you start killing — one camp clear covers both turn-ins. Keep grinding the same mob a little longer: Quest 8 (Stage 7, Lv 12) wants 25x Demon’s Carcass from the exact same monster.",1,Quest 6,Quest,6,Lv 10,10,"2,436 XP, 1 Contribution Point",2436,0,1,0,false,"[""6.png"",""60.png""]","[""ms_m2_01.jpg"",""ms_m3_01.jpg""]","[{""type"":""talk"",""city"":""naroo"",""pin"":""23"",""label"":""Talk""},{""type"":""talk"",""city"":""jook"",""pin"":""17"",""label"":""Talk""},{""type"":""talk"",""city"":""naroo"",""pin"":""23"",""label"":""Report""},{""type"":""talk"",""city"":""naroo"",""pin"":""52"",""label"":""Talk""},{""type"":""action"",""text"":""Kill Big Handed Inhabitants for 15x tooth""},{""type"":""talk"",""city"":""naroo"",""pin"":""52"",""label"":""Report""},{""type"":""action"",""text"":""Kill Demon Carcass Scavengers for 2x \""Straw Rice\""""},{""type"":""talk"",""city"":""naroo"",""pin"":""23"",""label"":""Turn in""}]",Quest,06,"Farmer, Ha-Jik's Favor",route-number-to-legacy-name,6,"Farmer, Ha-Jik's Favor",10,2250,1,0,5,"The farmer Ha-Jik asked the farmer, Nu-Woong to deliver the rice. Inquire that the rice's arrived safely.|;The farmer, Nu-Woong didn't get the rice.  Inquire what happened to the farmer Ha-Jik.|;The farmer, Ha-Jik asked the boatman, Gwang-chun to deliver the rice. Inquire what happened to the boatman, Gwang-chun.|;The boatman, Gwang-chun couldn't deliver the rice because of the Big handed inhabitants. Hunt the Big handed inhabitant and collect 15 Big handed inhabitant's teeth.|149:15;The boatman, Gwang-chun'rice has be stolen. Hunt the Demon carcass scavenger and collect 2 bags of rice.|151:2",exact-normalized-name,0.846,,false,true,false,false,matched-disagrees,10,2250,1,0
8,5,s1-5,Stage 5 — Demon Carcass Scavenger combo,Lv 10,Narootuh (accept) → Jook-Suh (accept + turn in) → Narootuh (turn in).,"Quest 6 and Event Quest 3 both farm Demon Carcass Scavenger (plus Big Handed Inhabitants for Quest 6). Accept both before you start killing — one camp clear covers both turn-ins. Keep grinding the same mob a little longer: Quest 8 (Stage 7, Lv 12) wants 25x Demon’s Carcass from the exact same monster.",2,Event Quest 3,Event,3,Lv 10,10,662 XP,662,0,0,0,false,"[""ev2.png"",""ev2-2.png"",""ev2-3.png""]","[""ms_m1_07.jpg"",""ms_m1_06.jpg"",""ms_m2_01.jpg"",""ms_m3_01.jpg""]","[{""type"":""talk"",""city"":""naroo"",""pin"":""55"",""label"":""Talk""},{""type"":""action"",""text"":""Kill Demon Escort Archer/Soldier for 30x \""Escort Soldier’s Head\""""},{""type"":""talk"",""city"":""naroo"",""pin"":""55"",""label"":""Report""},{""type"":""talk"",""city"":""naroo"",""pin"":""55"",""label"":""Report again""},{""type"":""talk"",""city"":""jook"",""pin"":""18"",""label"":""Talk""},{""type"":""action"",""text"":""Kill Big Handed for \""Big Handed Inhabitant’s Head\""""},{""type"":""talk"",""city"":""jook"",""pin"":""18"",""label"":""Report""},{""type"":""talk"",""city"":""naroo"",""pin"":""55"",""label"":""Talk""},{""type"":""action"",""text"":""Kill Demon Carcass Scavengers for \""In-Pills Scabbard\""""},{""type"":""talk"",""city"":""jook"",""pin"":""18"",""label"":""Turn in""}]",,,,no-confident-legacy-name,9002,[Event] Appointment of General In-Pill,1,1200,0,0,9001,"The strategist of general, In-Pill, Sae-Ryu is now accepting the application for being a soldier. Meet Sae-Ryu for the application.|;Sae-Ryu wants to test your ability. And he asked you to collect 30 Demon Escort's Heads.|170:30;Sae-Ryu admitted your ability and gave you a recommendation for the general, In-Pill. Meet the general, In-Pill in Jook-Suh Cargo Station.|;The general, In-Pill hired you and gave you a mission. The mission is to eliminate all the Big Handed Inhabitants located between Geum-Oh Mine and Narootuh. And get its Head as evidence. This is your first mission from the general and you must complete it successfully.|171:1;The general, In-Pill is proud of your achievement and he gave you the second mission. Get your second mission from Sae-Ryu.|;Sae-Ryu wants you to take a scabbard back. It's In-Pill占쏙옙s Scabbard and it's lost from the battle. It must be kept by the Demon Carcass Scavenger. Get the scabbard and give it back to the general, In-Pill.|172:1",registered-route-objective-to-bango-name,1.000,,true,true,false,false,matched-disagrees,1,1200,0,0
9,6,s1-6,Stage 6 — Accept and hold: Big Handed Warriors,"Lv 0 req., save the grind for Lv 15-16","Geum-Oh Mine — quick stop, then move on.","Event Quest 5 drops from Big Handed Blue/Red Warrior — the exact same mobs Quest 11 and Quest 12 need (Stage 10). No level requirement, so grab it now, but hold the farming until Stage 10.",1,Event Quest 5 (accept only),Event,5,Lv 0,0,"1,782 XP (turn in during Stage 10)",1782,0,0,0,false,"[""ev2-2.png""]","[""ms_m2_04.jpg"",""ms_m2_03.jpg""]","[{""type"":""talk"",""city"":""geum"",""pin"":""1"",""label"":""Accept""}]",,,,no-confident-legacy-name,9003,[Event] Favor of the Governor of Geum-Ohee Castle,1,1000,0,0,9002,The Big Handed Blue Warriors are blocking the southern entrance of the Geum-Oh Mine. Eliminate the Big Handed Blue Warriors and bring their heads to HyungJoo-SeungGong in Guem-Oh Mine. He will be happy if you give 40 heads to HyungJoo-SeungGong.|173:40;HyungJoo-SeungGong want you to get stronger for fighting with the demons. Please go back to HyungJoo-SeungGong if your level comes to 30. HyungJoo-SeungGong will tell you what you can do.|,registered-route-objective-to-bango-name,1.000,,true,true,false,false,matched-disagrees,1,1000,0,0
10,7,s1-7,Stage 7 — Milk Wetch / White Peony loop + Carcass follow-up,Lv 11-13,Jook-Suh ↔ Narootuh.,,1,Quest 7,Quest,7,Lv 11,11,"3,576 XP, 1 Skill Point",3576,0,0,1,false,"[""7.png"",""70.png""]","[""ms_m2_02.jpg""]","[{""type"":""talk"",""city"":""jook"",""pin"":""1"",""label"":""Talk""},{""type"":""talk"",""city"":""naroo"",""pin"":""6"",""label"":""Talk""},{""type"":""action"",""text"":""Kill Big Handed Slaves — collect 22 Milk Wetch + 22 White Peony (10+10 now, 12+12 extra for Quest 9)""},{""type"":""talk"",""city"":""naroo"",""pin"":""6"",""label"":""Report""},{""type"":""talk"",""city"":""jook"",""pin"":""1"",""label"":""Turn in""}]",Quest,07,Won-jung and Yea-jin's Love,route-number-to-legacy-name,7,Won-Jung and Yae-Jin's Love,11,2500,0,1,,"The guard, Won-Jung worries about his wife so much. Give the letter to his wife, Yae-Jin in Narootuh vil.|136:1;Yae-Jin wants to make some tonic for Won-Jung, but two materials are required. Hunt the Big handed slave and collect 10 materials of Milk Vetch and White Peony.|153:10,154:10;Give the tonic and Yae-Jin's letter to Guard, Won-Jung in Jook-Suh Cargo Station.|137:1,144:1",name-content-and-level,0.696,,false,true,false,false,matched-disagrees,11,2500,0,1
11,7,s1-7,Stage 7 — Milk Wetch / White Peony loop + Carcass follow-up,Lv 11-13,Jook-Suh ↔ Narootuh.,,2,Quest 8,Quest,8,Lv 12,12,"2,910 XP, 1 Contribution Point",2910,0,1,0,false,"[""8.png""]","[""ms_m3_01.jpg""]","[{""type"":""talk"",""city"":""jook"",""pin"":""10"",""label"":""Talk""},{""type"":""action"",""text"":""Kill Demon Carcass Scavengers for 25x \""Demon’s Carcass\"" (same camp as Stage 5)""},{""type"":""talk"",""city"":""jook"",""pin"":""10"",""label"":""Turn in""}]",Quest,08,Sweeping the Demon Carcass Scavenger,route-number-to-legacy-name,8,Sweeping the Demon carcass scavenger,12,2600,1,0,3,"The general, Sae-won finally found out what the Demon carcass scavenger is. Hunt the Demon carcass scavenger who revive the demons, and collect 25 carcass for the general, Sae-won in Jook-Suh Cargo Station.|152:25",exact-normalized-name,0.835,,false,true,false,false,matched-disagrees,12,2600,1,0
12,7,s1-7,Stage 7 — Milk Wetch / White Peony loop + Carcass follow-up,Lv 11-13,Jook-Suh ↔ Narootuh.,,3,Quest 9,Quest,9,Lv 13,13,"2,798 XP, 1,000 geons",2798,1000,0,0,false,"[""7.png"",""70.png""]","[""ms_m2_02.jpg""]","[{""type"":""talk"",""city"":""jook"",""pin"":""5"",""label"":""Talk""},{""type"":""talk"",""city"":""naroo"",""pin"":""6"",""label"":""Hand in stockpiled Milk Wetch/White Peony""},{""type"":""talk"",""city"":""jook"",""pin"":""5"",""label"":""Turn in""}]",Quest,09,Finding Tonic,route-number-to-legacy-name,9,Finding Tonic,13,2722,0,0,7,"The chief guard, Guh-Sosun worries about the lack of medicine for injured soldiers. Please get some tonic. The woman [Yae-Jin] in Narootuh village can make tonic.|;Yae-Jin said she could make tonic if she has enough Milk Vetch and White Peony. 12 Milk Vetches and 12 White Peonies from Big handed slaves and give them to Yae-Jin.|153:12,154:12;Give the tonic that Yae-Jin made to the chief guard, Guh-Sosun in Jook-Suh Cargo Station.|144:1",exact-normalized-name,0.829,,false,true,false,false,matched-disagrees,13,2722,0,0
13,8,s1-8,Stage 8 — Demon Soldier’s Teeth,Lv 14,Geum-Oh Mine ↔ Jook-Suh.,,1,Quest 10,Quest,10,Lv 14,14,"4,374 XP, 1 Contribution Point",4374,0,1,0,false,"[""10.png""]","[""ms_m3_02.jpg""]","[{""type"":""talk"",""city"":""geum"",""pin"":""2"",""label"":""Talk""},{""type"":""talk"",""city"":""jook"",""pin"":""9"",""label"":""Talk""},{""type"":""action"",""text"":""Kill Demon Soldiers for 20x \""Demon Soldier’s Teeth\""""},{""type"":""talk"",""city"":""jook"",""pin"":""9"",""label"":""Report""},{""type"":""talk"",""city"":""geum"",""pin"":""2"",""label"":""Turn in""}]",Quest,10,Finding Alcohol for Joo-Nong,route-number-to-legacy-name,10,Finding Alcohol for Joo-Nong,14,3534,1,0,,"The miner, Joo-Nong spend with alcohol everyday because of the demons. Find some alcohol and give him. It's said that the woman [Ok-Jin] in Jook-Suh Cargo Station makes good drinks.|;Ok-Jin who can make best quality drinks in the country asked for revenge for her husband's death. 20 Demon soldier's teeth from Demon soldiers and give them to Ok-Jin.|150:20;Bring the alcohol over from Ok-Jin to Joo-Nong.|145:1",exact-normalized-name,0.821,,false,true,false,false,matched-disagrees,14,3534,1,0
14,9,s1-9,Stage 9 — Egg quest,Lv 15,Narootuh → Jook-Suh → Narootuh.,,1,Egg Quest,Event,0,Lv 15,15,Egg — transforms at grade 11,0,0,0,0,false,"[""egg.png""]","[""ms_m8_01.jpg""]","[{""type"":""talk"",""city"":""naroo"",""pin"":""20"",""label"":""Talk""},{""type"":""action"",""text"":""Kill Naughty Doggebi (Jook-Suh) for \""Keg of Talisman\""""},{""type"":""talk"",""city"":""naroo"",""pin"":""20"",""label"":""Turn in, pick your animal""}]",Event,00,Ancients Animals,egg-route-to-legacy-name,37,"[Mission for Getting Ancient Animal] Doggebi, Chang's Favor",15,0,0,0,,Chang asked you to find a keg of talisman. The keg of talisman was taken by the naughty Doggebi. The naughty Doggebi is near by the village of Jook-Suh Cargo Station.|336:1;Chang wants to give you an ancient animal for a reward. But he has to take care of the animals now. Talk to Chang after a moment.|,registered-name-alias,1.000,,false,false,false,false,matched-agrees-on-parsed-fields,15,0,0,0
15,10,s1-10,Stage 10 — Big Handed Warriors combo,Lv 15-16,Geum-Oh Mine ↔ Narootuh ↔ Jook-Suh.,"Big Handed Blue Warrior drops both Quest 11’s ""Rice Cake"" and (with Red Warrior) Event Quest 5’s ""Big Handed Warrior’s Head"". Big Handed Red Warrior drops Quest 12’s ""Wa-Ryu’s Talisman"". Farm both colors together, then turn in all three.",1,Quest 11,Quest,11,Lv 15,15,"5,125 XP, 1 Skill Point, 600 geons",5125,600,0,1,false,"[""10.png""]","[""ms_m2_04.jpg""]","[{""type"":""talk"",""city"":""geum"",""pin"":""4"",""label"":""Talk""},{""type"":""talk"",""city"":""naroo"",""pin"":""23"",""label"":""Talk""},{""type"":""action"",""text"":""Kill Big Handed Blue Warriors for 25x \""Rice Cake\"" (grab Red Warrior/Head drops too)""},{""type"":""talk"",""city"":""naroo"",""pin"":""23"",""label"":""Report""},{""type"":""talk"",""city"":""geum"",""pin"":""4"",""label"":""Turn in""}]",Quest,11,Undelivered Rice Cake,route-number-to-legacy-name,11,Undelivered Rice Cake,15,4000,0,1,6,Gwee-Sik worries about the lost rice cake. Go to Ha-Jik in Narootuh village and find out what happened.|;Ha-Jik said that he got attacked from the Big handed blue warriors during delivery. Hunt the Big handed blue warriors and collect 25 rice cakes.|155:25;Ha-Jik can't deliver the rice cake because of his injury. Deliver the rice cake to Gwee-Sik in Geum-Oh Mine.|155:25,exact-normalized-name,0.835,,false,true,false,false,matched-disagrees,15,4000,0,1
16,10,s1-10,Stage 10 — Big Handed Warriors combo,Lv 15-16,Geum-Oh Mine ↔ Narootuh ↔ Jook-Suh.,"Big Handed Blue Warrior drops both Quest 11’s ""Rice Cake"" and (with Red Warrior) Event Quest 5’s ""Big Handed Warrior’s Head"". Big Handed Red Warrior drops Quest 12’s ""Wa-Ryu’s Talisman"". Farm both colors together, then turn in all three.",2,Quest 12,Quest,12,Lv 16,16,"4,624 XP, 1 Skill Point, 600 geons",4624,600,0,1,false,"[""12.png""]","[""ms_m2_03.jpg""]","[{""type"":""talk"",""city"":""jook"",""pin"":""25"",""label"":""Talk""},{""type"":""talk"",""city"":""jook"",""pin"":""10"",""label"":""Turn in \""Wa-Ryu’s Talisman\""""}]",Quest,12,Wa-Ryu's Talisman,route-number-to-legacy-name,12,Wa-Ryu's Talisman,16,8000,1,2,8,Wa-Ryu worries that he lost the talisman of his wife's gift. Hunt the Big handed red warrior and get the Wa-Ryu's talisman.|156:1,exact-normalized-name,0.882,,false,true,true,true,matched-disagrees,16,8000,1,2
17,10,s1-10,Stage 10 — Big Handed Warriors combo,Lv 15-16,Geum-Oh Mine ↔ Narootuh ↔ Jook-Suh.,"Big Handed Blue Warrior drops both Quest 11’s ""Rice Cake"" and (with Red Warrior) Event Quest 5’s ""Big Handed Warrior’s Head"". Big Handed Red Warrior drops Quest 12’s ""Wa-Ryu’s Talisman"". Farm both colors together, then turn in all three.",3,Event Quest 5 (turn-in),Event,5,,,"1,782 XP",1782,0,0,0,false,[],[],"[{""type"":""talk"",""city"":""geum"",""pin"":""1"",""label"":""Turn in 40x \""Big Handed Warrior’s Head\""""}]",,,,no-confident-legacy-name,9003,[Event] Favor of the Governor of Geum-Ohee Castle,1,1000,0,0,9002,The Big Handed Blue Warriors are blocking the southern entrance of the Geum-Oh Mine. Eliminate the Big Handed Blue Warriors and bring their heads to HyungJoo-SeungGong in Guem-Oh Mine. He will be happy if you give 40 heads to HyungJoo-SeungGong.|173:40;HyungJoo-SeungGong want you to get stronger for fighting with the demons. Please go back to HyungJoo-SeungGong if your level comes to 30. HyungJoo-SeungGong will tell you what you can do.|,registered-route-objective-to-bango-name,1.000,,,true,false,false,matched-disagrees,1,1000,0,0
18,11,s1-11,Stage 11 — Joo-Nong’s Gold,Lv 17,Narootuh ↔ Geum-Oh Mine.,,1,Quest 13,Quest,13,Lv 17,17,"6,060 XP, 1 Skill Point",6060,0,0,1,false,[],"[""ms_m3_03.jpg""]","[{""type"":""talk"",""city"":""naroo"",""pin"":""6"",""label"":""Talk""},{""type"":""talk"",""city"":""geum"",""pin"":""2"",""label"":""Talk""},{""type"":""action"",""text"":""Kill Demon Infantry for 30x \""Joo-Nong’s Gold\""""},{""type"":""talk"",""city"":""geum"",""pin"":""2"",""label"":""Report""},{""type"":""talk"",""city"":""naroo"",""pin"":""6"",""label"":""Turn in""}]",Quest,13,Finding Yea-jin's Father,route-number-to-legacy-name,13,Finding Yae-Jin's Father,17,4500,0,1,10,"Yae-Jin's looking for her father who hasn't come back home for a half year. Go to Geum-Oh Mine and find him out.|;Yae-Jin's father, the miner, Joo-Nong said his gold was taken by the Demon infantry. They have a big sword with them. Hunt them and collect 30 golds.|157:30;Go back to Narootuh village and let Joo-Nong's daughter know that her father will come soon.|",name-content-and-level,0.658,,false,true,false,false,matched-disagrees,17,4500,0,1
19,12,s1-12,Stage 12 — Bamboo Poles,Lv 18,Geum-Oh Mine ↔ Jook-Suh.,,1,Quest 14,Quest,14,Lv 18,18,"6,450 XP, 1 Skill Point",6450,0,0,1,false,"[""14.png""]","[""ms_m3_04.jpg""]","[{""type"":""talk"",""city"":""geum"",""pin"":""29"",""label"":""Talk""},{""type"":""action"",""text"":""Kill Demon Throwing Soldiers for 30x \""Piece of Bamboo Pole\""""},{""type"":""talk"",""city"":""geum"",""pin"":""29"",""label"":""Report""},{""type"":""talk"",""city"":""jook"",""pin"":""9"",""label"":""Talk""},{""type"":""talk"",""city"":""geum"",""pin"":""29"",""label"":""Turn in""}]",Quest,14,Collecting Yang-Do's Bamboo Poles,route-number-to-legacy-name,14,Collecting Yang-Do's Bamboo Poles,18,9600,1,2,10,"The guard, Yang-Do's bamboo poles has been taken away by the Demon throwing soldiers. Collect 30 pieces of bamboo poles from Demon throwing soldiers and bring them to Yang-Do in Geum-Oh Mine.|159:30;There's Yoo-An's letter in the lost bamboo poles. Deliver the letter to Ok-Jin in Jook-Suh Cargo Station.|138:1;Ok-Jin refused to accept the letter, for she didn't try to believe her husband dead. Go to tell Yang-Do in Geum-Oh Mine about this.|;Ok-Jin's father, Ja-Gan saw the Yang-Do's letter and write a heartbreaking letter to his daughter. Give Ja-Gan's letter to Ok-Jin in Jook-Suh Cargo Station.|138:1,139:1;Ok-Jin's mind has been opened by the father's letter. Give Yang-Do the message that she'll meet Yoo-An after the revenge is finished.|",exact-normalized-name,0.817,,false,true,true,true,matched-disagrees,18,9600,1,2
20,13,s1-13,Stage 13 — Wild Demon Soldiers,Lv 19,Geum-Oh Mine.,,1,Quest 15,Quest,15,Lv 19,19,"7,400 XP, 1 Contribution Point",7400,0,1,0,false,"[""15.png""]","[""ms_m3_05.jpg""]","[{""type"":""talk"",""city"":""geum"",""pin"":""4"",""label"":""Talk""},{""type"":""talk"",""city"":""geum"",""pin"":""2"",""label"":""Talk""},{""type"":""action"",""text"":""Kill Wild Demon Soldiers for 30x \""Statue\""""},{""type"":""talk"",""city"":""geum"",""pin"":""4"",""label"":""Turn in""}]",Quest,15,Finding the Statue of Protection,route-number-to-legacy-name,15,Finding the Statue of Protection,19,5600,1,0,13,"The Statue of Protection in the #1 mine has lost. Find out the Statue of Protection. It's said the Miner [Joo-Nong] know where it is.|;The miner, Joo-Nong said the Statue of Protection is taken by the demons with red light. Collect 30 pieces of the Statue of Protection from them and bring to Gwee-Sik.|160:30",exact-normalized-name,0.814,,false,true,false,false,matched-disagrees,19,5600,1,0
21,14,s1-14,Stage 14 — Demon Shock Troopers,Lv 20,Jook-Suh ↔ Geum-Oh Mine.,,1,Quest 16,Quest,16,Lv 20,20,"8,950 XP, 1 Skill Point",8950,0,0,1,false,"[""16.png""]","[""ms_m3_06.jpg""]","[{""type"":""talk"",""city"":""jook"",""pin"":""23"",""label"":""Talk""},{""type"":""action"",""text"":""Kill Demon Shock Troopers for 30x \""Ja-Gan’s Gold\""""},{""type"":""talk"",""city"":""jook"",""pin"":""23"",""label"":""Report""},{""type"":""talk"",""city"":""geum"",""pin"":""24"",""label"":""Talk""},{""type"":""talk"",""city"":""jook"",""pin"":""23"",""label"":""Turn in""}]",Quest,16,Ja-Gan's Good Conduct,route-number-to-legacy-name,16,Ja-Gan's Good Conduct,20,7000,0,1,14,"Ja-Gan wanted to get rid of the rumor that he was a miser, with his gold. But his gold was stolen by demons. Hunt Demon Shock Troopers and collect 30 golds.|158:30;Ja-Gan refused to get the gold back and said that it should be given to the poor. Go to Geum-Oh Mine and find the poor to give his gold.|158:30;Let Ja-Gan know that Won-Ga will spread the Ja-Gan's good deed throughout the country.|",exact-normalized-name,0.829,,false,true,false,false,matched-disagrees,20,7000,0,1
22,15,s1-15,Stage 15 — General Sae-Won’s chain,Lv 21-25,"Jook-Suh only — same NPC, three separate visits as you level up.",,1,Quest 17,Quest,17,Lv 21,21,"10,985 XP, 1 Contribution Point",10985,0,1,0,false,"[""17.png""]","[""ms_m3_07.jpg""]","[{""type"":""talk"",""city"":""jook"",""pin"":""10"",""label"":""Talk""},{""type"":""action"",""text"":""Kill Demon Flag Bearers for 35x \""Red Flag\""""},{""type"":""talk"",""city"":""jook"",""pin"":""10"",""label"":""Turn in""}]",Quest,17,Getting Red Flags,route-number-to-legacy-name,17,Getting Red Flags,21,8500,1,0,12,"The general, Sae-Won command you to take the demon's red flags. Collect 35 red flags and give them to the general, Sae-Won.|161:35",exact-normalized-name,0.880,,false,true,false,false,matched-disagrees,21,8500,1,0
23,15,s1-15,Stage 15 — General Sae-Won’s chain,Lv 21-25,"Jook-Suh only — same NPC, three separate visits as you level up.",,2,Quest 18,Quest,18,Lv 23,23,"21,610 XP, 1 Contribution Point",21610,0,1,0,false,"[""18.png""]","[""ms_m4_01.jpg""]","[{""type"":""talk"",""city"":""jook"",""pin"":""10"",""label"":""Talk""},{""type"":""action"",""text"":""Kill Demon Water Dragons for 35x \""Demon Water Dragon Head\""""},{""type"":""talk"",""city"":""jook"",""pin"":""10"",""label"":""Turn in""}]",Quest,18,Beheading the Demon Water Dragon,route-number-to-legacy-name,18,Beheading the Demon Water Dragon,23,10000,1,0,17,"For improving the morale of our soldiers, bring 35 heads of the demon water dragons and give them to the general, Sae-Won in Jook-Suh Cargo Station.|162:35",exact-normalized-name,0.873,,false,true,false,false,matched-disagrees,23,10000,1,0
24,15,s1-15,Stage 15 — General Sae-Won’s chain,Lv 21-25,"Jook-Suh only — same NPC, three separate visits as you level up.",,3,Quest 19,Quest,19,Lv 25,25,"19,440 XP, 1 Skill Point",19440,0,0,1,false,"[""19.png""]","[""ms_m3_08.jpg""]","[{""type"":""talk"",""city"":""jook"",""pin"":""10"",""label"":""Talk""},{""type"":""action"",""text"":""Kill Demon Band for 40x \""Demon’s Drum\""""},{""type"":""talk"",""city"":""jook"",""pin"":""10"",""label"":""Turn in""}]",Quest,19,Demon's Drum,route-number-to-legacy-name,19,Demon's Drum,25,12000,0,1,18,"The general, Sae-Wo retreated from the battle because the demon's drum discouraged his soldiers. Collect 40 demon's drums and give them to the general, Sae-Won.|165:40",exact-normalized-name,0.867,,false,true,false,false,matched-disagrees,25,12000,0,1
25,16,s2-1,Stage 1 — Jook-Suh solo run,Lv 26-29,"Jook-Suh Cargo Station only — same routine, four times in a row.",,1,Quest 20,Quest,20,Lv 26,26,"23,056 XP, 1 Contribution Point",23056,0,1,0,false,"[""20.png""]","[""ms_m3_09.jpg""]","[{""type"":""talk"",""city"":""jook"",""pin"":""5"",""label"":""Talk""},{""type"":""action"",""text"":""Kill Demon Armored Knight for 40x \""Demon’s Armor\""""},{""type"":""talk"",""city"":""jook"",""pin"":""5"",""label"":""Turn in""}]",Quest,20,Collecting Armors,route-number-to-legacy-name,20,Collecting Armor,26,21750,1,0,12,"Many soldiers retreated without their armor, so many suits of armor are required. Hunt the Demon armored knight and collect 40 armor items and bring them to the Chief Guard [Guh-Sosun] in Jook-Suh Cargo Station.|166:40",name-content-and-level,0.582,,false,true,false,false,matched-disagrees,26,21750,1,0
26,16,s2-1,Stage 1 — Jook-Suh solo run,Lv 26-29,"Jook-Suh Cargo Station only — same routine, four times in a row.",,2,Quest 21,Quest,21,Lv 27,27,"24,298 XP, 1 Skill Point, 1 Contribution Point",24298,0,1,1,false,"[""21.png""]","[""ms_m4_02.jpg""]","[{""type"":""talk"",""city"":""jook"",""pin"":""1"",""label"":""Talk""},{""type"":""action"",""text"":""Kill Hungry Demon Water Dragon for 40x \""Bloodstained Clothes\""""},{""type"":""talk"",""city"":""jook"",""pin"":""1"",""label"":""Turn in""}]",Quest,21,Collecting Clothes that are Stained with Blood,route-number-to-legacy-name,21,Collecting Clothes Stained with Blood,27,16300,1,1,7,"The guard, Won-Jung wants to collect his friend's clothes to perform a religious service. Hunt the Hungry Demon Water Dragon and collect 40 clothes and bring them to Won-Jung.|167:40",name-content-and-level,0.718,,false,true,false,false,matched-disagrees,27,16300,1,1
27,16,s2-1,Stage 1 — Jook-Suh solo run,Lv 26-29,"Jook-Suh Cargo Station only — same routine, four times in a row.",,3,Quest 22,Quest,22,Lv 28,28,"28,207 XP, 1 Skill Point, 1 Contribution Point",28207,0,1,1,false,"[""22.png""]","[""ms_m4_03.jpg""]","[{""type"":""talk"",""city"":""jook"",""pin"":""5"",""label"":""Talk""},{""type"":""action"",""text"":""Kill Demon Water Dragon Predator for 40x \""Demon Water Dragon Skin\""""},{""type"":""talk"",""city"":""jook"",""pin"":""5"",""label"":""Turn in""}]",Quest,22,Materials of Winter Clothes,route-number-to-legacy-name,22,Materials of Winter Clothes,28,19000,1,1,20,"The chief guard, Guh-Sosun wants to make winter clothes for his soldiers. Hunt the Demon water dragon predator and collect 40 demon water dragon predator skins and bring them to Guh-Sosun.|164:40",exact-normalized-name,0.845,,false,true,false,false,matched-disagrees,28,19000,1,1
28,16,s2-1,Stage 1 — Jook-Suh solo run,Lv 26-29,"Jook-Suh Cargo Station only — same routine, four times in a row.",,4,Quest 23,Quest,23,Lv 29,29,"28,510 XP, 1 Skill Point, 1 Contribution Point",28510,0,1,1,false,"[""23.png""]","[""ms_m3_10.jpg""]","[{""type"":""talk"",""city"":""jook"",""pin"":""10"",""label"":""Talk""},{""type"":""action"",""text"":""Kill Demon Mad Knight for 40x \""Demon Mad Knight Head\""""},{""type"":""talk"",""city"":""jook"",""pin"":""10"",""label"":""Turn in""}]",Quest,23,Hunting the Demon Mad Knight,route-number-to-legacy-name,23,Hunting the Demon Mad Knight,29,22000,1,1,19,"The general, Sae-Won ask you to hunt the Demon mad knight. Hunt the Demon mad knight and collect 40 heads and bring them to General [Sae-Won].|163:40",exact-normalized-name,0.850,,false,true,false,false,matched-disagrees,29,22000,1,1
29,17,s2-2,Stage 2 — Job Change #1 + Trinket’s Quest,Lv 30,"Geum-Oh Mine, then the Fort — this is a big milestone stage.","Event Quest 8 is your <b>1st Job Change</b> — do this as soon as you hit 30. Its ""Demon Commander’s Head"" drops from the same Demon Commander that Quest 27 (Stage 3) needs later, so if you’re farming here anyway, grab extras.",1,Quest 24,Quest,24,Lv 30,30,"~30,000 XP, 1 Contribution Point",30000,0,1,0,true,"[""24.png""]","[""ms_m5_01.jpg""]","[{""type"":""talk"",""city"":""fort"",""pin"":""51"",""label"":""Talk""},{""type"":""talk"",""city"":""wild"",""pin"":""p7"",""label"":""Talk""},{""type"":""action"",""text"":""Find \""Moon-Hee’s Doll\"" from Castoff Baby Ghost""},{""type"":""talk"",""city"":""wild"",""pin"":""p7"",""label"":""Turn in""}]",Quest,24,Moon-Hee Who Became a Ghost,route-number-to-legacy-name,27,Moon-Hee Who Became a Ghost,30,29000,1,0,,"Moon-Hee's mother in Temporary Fort of Geum-Ohee Castle said that Moon-Yoo follows his sister's voice and walks through the Temporary Fort of Geum-Ohee Castle without intention. Find where the voice comes.|;Moon-Hee, the ghost curses her mother and brother.  Find out Moon-Hee占쏙옙s Doll burned with herself from Castoff Baby Ghost and bring it to Moon-Hee in Temporary Fort of Geum-Ohee Castle.|",exact-normalized-name,0.839,,false,true,false,false,matched-disagrees,30,29000,1,0
30,17,s2-2,Stage 2 — Job Change #1 + Trinket’s Quest,Lv 30,"Geum-Oh Mine, then the Fort — this is a big milestone stage.","Event Quest 8 is your <b>1st Job Change</b> — do this as soon as you hit 30. Its ""Demon Commander’s Head"" drops from the same Demon Commander that Quest 27 (Stage 3) needs later, so if you’re farming here anyway, grab extras.",2,Event Quest 8 — 1st Job Change,Event,8,Lv 30,30,"10,000 XP + 1st Job Change",10000,0,0,0,false,"[""ev4.png""]","[""ms_m3_11.jpg""]","[{""type"":""talk"",""city"":""geum"",""pin"":""1"",""label"":""Talk""},{""type"":""action"",""text"":""Try to get \""Demon Commander’s Head\"" from Demon Commander first, to save a trip""},{""type"":""talk"",""city"":""geum"",""pin"":""28"",""label"":""Talk""},{""type"":""action"",""text"":""Find \""Demon Commander’s Head\"" if you don’t have it yet""},{""type"":""talk"",""city"":""geum"",""pin"":""28"",""label"":""Turn in — pick your job""}]",Event,06,Entering the Government Service /a,route-content-and-level-to-legacy-event-name,9004,[Event] Entering the Government Service!,30,40000,0,0,9003,"HyungJoo-SeungGong recommended you for  entering the government service. Now you became an Apprentice in Naraeha. Meet the lord, Jin-Pyung in Geum-Oh Mine. He'll help you to enter the government service.|;Lord, Jin-Pyung gives you a final mission for the government post. Get the Head of the Demon Commander and prove your ability. Then, he finally give you the government position.|181:1",name-content-and-level,0.717,,false,true,false,false,matched-disagrees,30,40000,0,0
31,17,s2-2,Stage 2 — Job Change #1 + Trinket’s Quest,Lv 30,"Geum-Oh Mine, then the Fort — this is a big milestone stage.","Event Quest 8 is your <b>1st Job Change</b> — do this as soon as you hit 30. Its ""Demon Commander’s Head"" drops from the same Demon Commander that Quest 27 (Stage 3) needs later, so if you’re farming here anyway, grab extras.",3,Event Quest 9 — Trinket’s Quest,Event,9,Lv 30,30,"~24,000 XP + Apprentice Trinket",24000,0,0,0,true,"[""26.png"",""37.png"",""ev5_2.png"",""ev5_3.png""]","[""ms_m5_01.jpg"",""ms_m5_02.jpg"",""ms_m5_03.jpg"",""ms_m5_04.jpg""]","[{""type"":""talk"",""city"":""fort"",""pin"":""59"",""label"":""Talk""},{""type"":""talk"",""city"":""fort"",""pin"":""16"",""label"":""Talk""},{""type"":""action"",""text"":""Find 100x \""Sealed Talisman with Spirits\"" from any Ghosts""},{""type"":""talk"",""city"":""fort"",""pin"":""16"",""label"":""Report""},{""type"":""talk"",""city"":""fort"",""pin"":""20"",""label"":""Talk""},{""type"":""talk"",""city"":""fort"",""pin"":""23"",""label"":""Talk""},{""type"":""talk"",""city"":""fort"",""pin"":""6"",""label"":""Talk""},{""type"":""talk"",""city"":""fort"",""pin"":""5"",""label"":""Talk""},{""type"":""talk"",""city"":""fort"",""pin"":""20"",""label"":""Talk""},{""type"":""action"",""text"":""Find one head each: Devil Soldier, Devil Soldier Twin Blades, Devil Soldier Bow, Devil Soldier Sword, Devil Soldier Spear, Devil Soldier Sub-boss, 1st Devil Monster""},{""type"":""talk"",""city"":""fort"",""pin"":""20"",""label"":""Turn in (talk twice)""}]",Event,09,Entering the Government Service /d,route-content-and-level-to-legacy-event-name,9004,[Event] Entering the Government Service!,30,40000,0,0,9003,"HyungJoo-SeungGong recommended you for  entering the government service. Now you became an Apprentice in Naraeha. Meet the lord, Jin-Pyung in Geum-Oh Mine. He'll help you to enter the government service.|;Lord, Jin-Pyung gives you a final mission for the government post. Get the Head of the Demon Commander and prove your ability. Then, he finally give you the government position.|181:1",name-content-and-level,0.717,,false,true,false,false,matched-disagrees,30,40000,0,0
32,18,s2-3,Stage 3 — Ghost beads at the Fort,Lv 31-34,"Temporary Fort of Geum-Ohee Castle, one side-trip to Geum-Oh Mine.",,1,Quest 25,Quest,25,Lv 31,31,"~35,000 XP, 1 Contribution Point",35000,0,1,0,true,"[""25.png""]","[""ms_m5_02.jpg""]","[{""type"":""talk"",""city"":""fort"",""pin"":""49"",""label"":""Talk""},{""type"":""action"",""text"":""Kill Ghost Of Young Man for \""Wolf Tooth Necklace\""""},{""type"":""talk"",""city"":""fort"",""pin"":""49"",""label"":""Turn in""}]",Quest,25,Hunting Ghost,route-number-to-legacy-name,28,Hunting Ghost,31,35000,1,0,,Eliminate the Ghost of Young Man who attacks people and get the Heung-Pae's Necklace of Wolf's Tooth back for Heung-Pae in Temporary Fort of Geum-Ohee Castle.|209:1,exact-normalized-name,0.867,,false,false,false,false,matched-agrees-on-parsed-fields,31,35000,1,0
33,18,s2-3,Stage 3 — Ghost beads at the Fort,Lv 31-34,"Temporary Fort of Geum-Ohee Castle, one side-trip to Geum-Oh Mine.",,2,Quest 26,Quest,26,Lv 32,32,"~42,000 XP, 1 Contribution Point",42000,0,1,0,true,"[""26.png""]","[""ms_m5_03.jpg""]","[{""type"":""talk"",""city"":""fort"",""pin"":""60"",""label"":""Talk""},{""type"":""action"",""text"":""Kill Ghost Of Young Woman for 10x \""Ghost Bead\""""},{""type"":""talk"",""city"":""fort"",""pin"":""60"",""label"":""Turn in""}]",Quest,26,Bead of Ghost,route-number-to-legacy-name,29,Bead of Ghost,32,42000,1,0,,"The Chief Guard, Duk-Yoon asked you to purify the Bead of Ghost containing Ghost of Young Woman. Purify 10 Beads of Ghosts and bring them to Duk-Yoon in Temporary Fort of Geum-Ohee Castle.|210:10,217:1",exact-normalized-name,0.858,,false,false,false,false,matched-agrees-on-parsed-fields,32,42000,1,0
34,18,s2-3,Stage 3 — Ghost beads at the Fort,Lv 31-34,"Temporary Fort of Geum-Ohee Castle, one side-trip to Geum-Oh Mine.",,3,Quest 27,Quest,27,Lv 33,33,"47,266 XP, 1 Skill Point",47266,0,0,1,false,"[""27.png""]","[""ms_m3_11.jpg""]","[{""type"":""talk"",""city"":""geum"",""pin"":""29"",""label"":""Talk""},{""type"":""action"",""text"":""Kill Demon Commander for \""Demon Troops Confidential Document\"" (same mob as Event Quest 8)""},{""type"":""talk"",""city"":""geum"",""pin"":""29"",""label"":""Turn in""}]",Quest,27,Helping Yang-Do,route-number-to-legacy-name,24,Helping Yang-Do,33,47000,0,2,20,"The guard, Yang-Do wants to get a secret letter from the Demon commander for distinguishing credits. Get a secret letter from the Demon commander and give it to Yang-Do.|141:1",exact-normalized-name,0.827,,false,true,false,true,matched-disagrees,33,47000,0,2
35,18,s2-3,Stage 3 — Ghost beads at the Fort,Lv 31-34,"Temporary Fort of Geum-Ohee Castle, one side-trip to Geum-Oh Mine.",,4,Quest 28,Quest,28,Lv 34,34,"~62,000 XP, 1 Contribution Point",62000,0,1,0,true,"[""26.png""]","[""ms_m5_04.jpg""]","[{""type"":""talk"",""city"":""fort"",""pin"":""52"",""label"":""Talk""},{""type"":""action"",""text"":""Kill Ghost Of Blacksmith for 10x \""Blacksmith Bead\""""},{""type"":""talk"",""city"":""fort"",""pin"":""52"",""label"":""Turn in""}]",Quest,28,Ghost of Blacksmith,route-number-to-legacy-name,30,Ghost of Blacksmith,34,62000,1,0,,"Purify 10 Beads of Blacksmithes and bring them to the Guard, Soo-Go in Temporary Fort of Geum-Ohee Castle.|211:10",exact-normalized-name,0.859,,false,false,false,false,matched-agrees-on-parsed-fields,34,62000,1,0
36,19,s2-4,Stage 4 — More Fort ghost beads,Lv 35-36,"Fort, one side-trip to Geum-Oh Mine.",,1,Quest 29,Quest,29,Lv 35,35,"~76,000 XP, 1 Contribution Point",76000,0,1,0,true,"[""26.png""]","[""ms_m5_05.jpg""]","[{""type"":""talk"",""city"":""fort"",""pin"":""45"",""label"":""Talk""},{""type"":""action"",""text"":""Kill Ghost Guard for 10x \""Ghost Guard Bead\""""},{""type"":""talk"",""city"":""fort"",""pin"":""45"",""label"":""Turn in""}]",Quest,29,Ghost of Friends,route-number-to-legacy-name,31,Ghost of Friends,35,76000,1,0,,"Purify the 10 Beads of Ghosts of Guards and bring them to the Guard, Dan-Bok in Temporary Fort of Geum-Ohee Castle.|212:10",exact-normalized-name,0.856,,false,false,false,false,matched-agrees-on-parsed-fields,35,76000,1,0
37,19,s2-4,Stage 4 — More Fort ghost beads,Lv 35-36,"Fort, one side-trip to Geum-Oh Mine.",,2,Quest 30,Quest,30,Lv 36,36,"80,002 XP, 1 Contribution Point",80002,0,1,0,false,"[""30.png""]","[""ms_m4_04.jpg""]","[{""type"":""talk"",""city"":""geum"",""pin"":""4"",""label"":""Talk""},{""type"":""action"",""text"":""Kill Demon Dragon Commander for \""Demon Water Dragon Commanders Skin\""""},{""type"":""talk"",""city"":""geum"",""pin"":""4"",""label"":""Turn in""}]",Quest,30,Joong-Gwon's Disease,route-number-to-legacy-name,25,Joong-Gwon's Disease,36,79000,1,0,15,Joong-Gwon became deaf because he was frightened when he saw the Demon Water Dragon. He may be cured if he get the Demon Water Dragon Commander's skin. Please get the Demon Water Dragon Commander's skin and give it to Gwee-Sik in Guem-Oh Mine.|168:1,exact-normalized-name,0.833,,false,true,false,false,matched-disagrees,36,79000,1,0
38,20,s2-5,Stage 5 — Fellow Traveller / Sealed Troop,Lv 37-39,Fort only.,,1,Quest 31,Quest,31,Lv 37,37,"~100,000 XP, 1 Contribution Point",100000,0,1,0,true,"[""26.png""]","[""ms_m5_06.jpg""]","[{""type"":""talk"",""city"":""fort"",""pin"":""1"",""label"":""Talk""},{""type"":""action"",""text"":""Kill Fellow traveller to the other world for 10x \""Fellow Traveller Bead\""""},{""type"":""talk"",""city"":""fort"",""pin"":""1"",""label"":""Turn in""}]",Quest,31,Undetected Ghost,route-number-to-legacy-name,32,Undetected Ghost,37,80000,1,0,,"Purify the Ghost of Fellow Traveler to the Other World and bring 10 of them to the guard, Ga-Gee in Temporary Fort of Geum-Ohee Castle.|213:10",exact-normalized-name,0.853,,false,true,false,false,matched-disagrees,37,80000,1,0
39,20,s2-5,Stage 5 — Fellow Traveller / Sealed Troop,Lv 37-39,Fort only.,,2,Quest 32,Quest,32,Lv 38,38,"156,300 XP, 1 Skill Point",156300,0,0,1,false,"[""26.png""]","[""ms_m5_07.jpg""]","[{""type"":""talk"",""city"":""fort"",""pin"":""10"",""label"":""Talk""},{""type"":""action"",""text"":""Kill Sealed ghost troop for 10x \""Sealed Troop Bead\""""},{""type"":""talk"",""city"":""fort"",""pin"":""10"",""label"":""Turn in""}]",Quest,32,Dilemma of Jae-Ga Troop's Scouts,route-number-to-legacy-name,33,Dilemma of Jae-Ga Troop's Scouts,38,90000,0,1,,Purify the Sealed Ghost Troop who attacks Jae-Ga Troop's Scouts and collect 10 Beads and bring them to Fort Guard [Soo-Sung] in Temporary Fort of Geum-Ohee Castle.|214:10,exact-normalized-name,0.842,,false,true,false,false,matched-disagrees,38,90000,0,1
40,20,s2-5,Stage 5 — Fellow Traveller / Sealed Troop,Lv 37-39,Fort only.,,3,Quest 33,Quest,33,Lv 39,39,"100,000 XP, 1 Contribution Point",100000,0,1,0,false,"[""33.png""]","[""ms_m6_03.jpg""]","[{""type"":""talk"",""city"":""fort"",""pin"":""19"",""label"":""Talk""},{""type"":""action"",""text"":""Kill Devil Soldier With Bow for 10x \""Devil Soldier’s Bow\""""},{""type"":""talk"",""city"":""fort"",""pin"":""19"",""label"":""Turn in""}]",Quest,33,Devil Soldier with Bow,route-number-to-legacy-name,34,Devil Soldier with Bow,39,100000,1,0,,Collect 10 bows from the Devil Soldier Bow and bring them to Soldier from Troop of Jae-Ga [Yoo-Sang].|215:10,exact-normalized-name,0.893,,false,false,false,false,matched-agrees-on-parsed-fields,39,100000,1,0
41,21,s2-6,Stage 6 — Devil Soldier’s Spear,Lv 40,Fort only.,,1,Quest 34,Quest,34,Lv 40,40,"~110,000 XP, 1 Contribution Point",110000,0,1,0,true,"[""34.png""]","[""ms_m6_05.jpg""]","[{""type"":""talk"",""city"":""fort"",""pin"":""2"",""label"":""Talk""},{""type"":""action"",""text"":""Kill Devil Soldier’s Spear for 10x \""Devil Soldier’s Spear\""""},{""type"":""talk"",""city"":""fort"",""pin"":""2"",""label"":""Turn in""}]",Quest,34,Lim-Gang's Favor,route-number-to-legacy-name,35,Lim-Gang's Favor,40,110000,1,0,,Collect 10 Devil Soldier's Spears from the Devil Soldier Spear and bring them to Lim-Gang in Temporary Fort of Geum-Ohee Castle.|216:10,exact-normalized-name,0.859,,false,false,false,false,matched-agrees-on-parsed-fields,40,110000,1,0
42,21,s2-6,Stage 6 — Devil Soldier’s Spear,Lv 40,Fort only.,,2,Event Quest 14,Event,14,Lv 40,40,"83,680 XP",83680,0,0,0,false,"[""ev6.png""]","[""ms_m7_07.jpg""]","[{""type"":""talk"",""city"":""fort"",""pin"":""20"",""label"":""Talk""},{""type"":""action"",""text"":""Find \""Green Crystal\"" from Devil Troops of Absorbing Green (on the way to d3, and around d1 gates)""},{""type"":""talk"",""city"":""fort"",""pin"":""20"",""label"":""Turn in""}]",Event,11,Green Crystal of Doggebi Forest,route-content-and-level-to-legacy-event-name,9007,[Event] Green of Doggebi Forest,40,0,0,0,9006,Eliminate the Devil Troops that are absorbing the green. Get the Green Crystal of Doggebi Forest and give it to Jae-Ga.|448:1,name-content-and-level,0.678,,false,true,false,false,matched-disagrees,40,0,0,0
43,22,s2-7,Stage 7 — To-Woo’s errand + Ghost Hunter masks,Lv 41,"Fort, with a trip out of town.",,1,Quest 35,Quest,35,Lv 41,41,"~116,825 XP",116825,0,0,0,true,"[""37.png""]","[""ms_m6_02.jpg""]","[{""type"":""talk"",""city"":""fort"",""pin"":""50"",""label"":""Talk""},{""type"":""talk"",""city"":""wild"",""pin"":""p12"",""label"":""Talk""},{""type"":""talk"",""city"":""wild"",""pin"":""m7"",""label"":""Kill for \""Head of Hyun-Woong’s Enemy\""""},{""type"":""talk"",""city"":""wild"",""pin"":""p12"",""label"":""Report""},{""type"":""talk"",""city"":""fort"",""pin"":""50"",""label"":""Turn in""}]",Quest,35,Dutiful Son and His Father,route-number-to-legacy-name,36,Dutiful Son and His Father,41,233650,0,0,,"To-Woo worries about his son, Hyun-Woong. To-Woo has a disease and he can't look around for his son. Look for his son for To-Woo.|;Hyun-Woong was killed when he seek the mountain for his father's medicine. But he still worries about his father though he has turned into a ghost. It was him who has been brought the medicine and meats to his father. However one day, the demons stole his meats and medicines. Bring the demon's head to Hyun-Woong. It is wandering around the abandoned fort.|335:1;Hyun-Woong doesn't want his father to know about his death. He just wants his father think that he travels around the world. Go to tell the father about Hyun-Woong.|",exact-normalized-name,0.817,,false,true,false,false,matched-disagrees,41,233650,0,0
44,22,s2-7,Stage 7 — To-Woo’s errand + Ghost Hunter masks,Lv 41,"Fort, with a trip out of town.",,2,Quest 36,Quest,36,Lv 41,41,"~194,790 XP",194790,0,0,0,true,[],"[""ms_m7_02.jpg""]","[{""type"":""talk"",""city"":""fort"",""pin"":""11"",""label"":""Talk""},{""type"":""action"",""text"":""Kill Devil Troop Of Pain for 100x \""Devil Troop of Pain’s Mask\""""},{""type"":""talk"",""city"":""fort"",""pin"":""11"",""label"":""Turn in""}]",Quest,36,Mask of Pain,route-number-to-legacy-name,39,Eliminating Devil Troop of Pain,41,194790,0,0,,Bring 100 Devil Troop of Pain's Masks to Woo-Joong in Temporary Fort of Geum-Ohee Castle. The Devil Troop of Pain is in the Forest of Statues.|346:100,registered-name-alias,1.000,,false,false,false,false,matched-agrees-on-parsed-fields,41,194790,0,0
45,23,s2-8,Stage 8 — Red Flag Leader’s errand + Ghost Hunter masks,Lv 42,"Fort → Narootuh → Geum-Oh Mine → Fort, then out of town.",,1,Quest 37,Quest,37,Lv 42,42,"~140,708 XP",140708,0,0,0,true,"[""37.png""]",[],"[{""type"":""talk"",""city"":""fort"",""pin"":""44"",""label"":""Talk""},{""type"":""talk"",""city"":""naroo"",""pin"":""17"",""label"":""Talk""},{""type"":""talk"",""city"":""geum"",""pin"":""23"",""label"":""Talk""},{""type"":""talk"",""city"":""fort"",""pin"":""44"",""label"":""Report""},{""type"":""talk"",""city"":""wild"",""pin"":""m5"",""label"":""Kill for Head of Heuk-Yong""},{""type"":""talk"",""city"":""wild"",""pin"":""m6"",""label"":""Kill for Head of Dae-Ill""},{""type"":""talk"",""city"":""wild"",""pin"":""m1"",""label"":""Kill for Head of Yoo""},{""type"":""talk"",""city"":""wild"",""pin"":""m2"",""label"":""Kill for Head of Ma-Gwang""},{""type"":""talk"",""city"":""wild"",""pin"":""m3"",""label"":""Kill for Head of Goon-Sang-Ji""},{""type"":""talk"",""city"":""fort"",""pin"":""44"",""label"":""Turn in""}]",Quest,37,Assassins,route-number-to-legacy-name,38,"Favor of Gi-Jung, the Chief of the Volunteer Army of Justice",42,140708,0,0,,"The man who introduced himself as the chief of the Volunteer Army of Justice asks you for a help. He want you to investigate Hong-Joon. First, find Hawoo-Go the devoted retainer of Hong-Joon. Hawoo-Go is in the Village of Narootuh.|;Hawoo-Go is forced to say that he gave Hong-Joon's secret letter to Ma-Yong. It was correct that Hong-Joon is holding the power of the market. I just took the Hong-Joon's secret letter. Please get this to Ma-Yong. And find the transaction of trading between Hong-Joon and Ma-Yong. Ma-Yong is at Guem-Oh Mine.|340:1;Because Ma-Yong thinks you're the secret messenger of Hong-Joon, Ma-Yong give you the feedback for the secret letter. Now it's been cleared that Hong-Joon gave the money Ma-Yong for monopoly of market. Inform this fact to Gi-Jung, the chief of the Volunteer Army of Justice.|;When you met Gi-Jung, Gi-Jung tells you that Ma-Yong and Hong-Joon found out relationship between you and Gi-Jung. And they sent 5 assassins to Gi-Jung. Now, find the assassins and bring their heads to Gi-Jung.|341:1,342:1,343:1,344:1,345:1",registered-name-alias,1.000,,false,false,false,false,matched-agrees-on-parsed-fields,42,140708,0,0
46,23,s2-8,Stage 8 — Red Flag Leader’s errand + Ghost Hunter masks,Lv 42,"Fort → Narootuh → Geum-Oh Mine → Fort, then out of town.",,2,Quest 38,Quest,38,Lv 42,42,"~234,514 XP",234514,0,0,0,true,[],"[""ms_m7_03.jpg""]","[{""type"":""talk"",""city"":""fort"",""pin"":""12"",""label"":""Talk""},{""type"":""action"",""text"":""Kill Devil Troop Of Greed for 100x \""Devil Troop of Greed’s Mask\""""},{""type"":""talk"",""city"":""fort"",""pin"":""12"",""label"":""Turn in""}]",Quest,38,Masks of Greed,route-number-to-legacy-name,40,Eliminating Devil Troop of Greed,42,234514,0,0,,Bring 100 Devil Troop of Greed's Masks to Joa-Ill in Temporary Fort of Geum-Ohee Castle. The Devil Troop of Greed is in the Forest of Statues.|347:100,registered-name-alias,1.000,,false,false,false,false,matched-agrees-on-parsed-fields,42,234514,0,0
47,24,s2-9,Stage 9 — Seoung-Gill’s secret + Ghost Hunter masks,Lv 43,"Fort, with trips out of town.",,1,Quest 39,Quest,39,Lv 43,43,"~169,395 XP",169395,0,0,0,true,"[""39.png"",""39_1.png""]",[],"[{""type"":""talk"",""city"":""wild"",""pin"":""p10"",""label"":""Talk""},{""type"":""talk"",""city"":""fort"",""pin"":""64"",""label"":""Talk""},{""type"":""talk"",""city"":""wild"",""pin"":""p10"",""label"":""Talk again""},{""type"":""talk"",""city"":""wild"",""pin"":""m4"",""label"":""Find \""Secret Letter\"" + \""Head Skin of Yong-Chun\""""},{""type"":""talk"",""city"":""wild"",""pin"":""p10"",""label"":""Talk again""},{""type"":""talk"",""city"":""fort"",""pin"":""64"",""label"":""Turn in""},{""type"":""talk"",""city"":""wild"",""pin"":""p10"",""label"":""Final turn-in""}]",Quest,39,Yong-Chun killed by Assasin,route-number-to-legacy-name,45,Seoung-Gill Who is Wandering the World,43,338790,0,0,,"First, go to the villagers and say he's not the murderer, and meet the Yong-Chun's friend, Ma-Gill in Temporary Fort of Geum-Ohee Castle. But Ma-Gill believes that Seoung-Gill killed Yong-Chun.|;Ma-Gill didn't listen to you and he just yelled at you. Talk to Seoung-Gill about the situation.|;Seoung-Gill got disheartened as he couldn't clear his dishonor. But he let you know some pieces of information about the real murderer. The murderer must be around the South Beach of Guem-Ohee Castle.|357:1,358:1;You brought Yong-Chun's head skin and the secret letter to Seoung-Gill. Surprisingly the name of Ma-Gill is on the letter. Ma-Gill loved Yong-Chun's wife and finally he asked an assassin to kill Yong-Chun. Tell all these stories to Seung-Gill. And go back to Ma-Gill.|357:1,358:1;Ma-Gill decided to confess what he had done. Go back to Seung-Gill again and tell him about it.|;You brought Yong-Chun's head skin to Seoung-Gill. Show this to Ma-Gill in Temporary Fort of Geum-Ohee Castle.|;Ma-Gill found out who the real murderer was, and he apologized to Seung-Gill. Seung-Gill must want to hear about this news and will be delighted.|",registered-name-alias,1.000,,false,true,false,false,matched-disagrees,43,338790,0,0
48,24,s2-9,Stage 9 — Seoung-Gill’s secret + Ghost Hunter masks,Lv 43,"Fort, with trips out of town.",,2,Quest 40,Quest,40,Lv 43,43,"~282,326 XP",282326,0,0,0,true,[],"[""ms_m7_04.jpg""]","[{""type"":""talk"",""city"":""fort"",""pin"":""13"",""label"":""Talk""},{""type"":""action"",""text"":""Kill Devil Troop Of Jealousy for 100x \""Devil Troop of Jealousy’s Mask\""""},{""type"":""talk"",""city"":""fort"",""pin"":""13"",""label"":""Turn in""}]",Quest,40,Masks of Jealousy,route-number-to-legacy-name,41,Eliminating Devil Troop of Jealousy,43,282326,0,0,,Bring 100 Devil Troop of Jealousy's Masks to Geun-Pyung in Temporary Fort of Geum-Ohee Castle. The Devil Troop of Jealousy is in the Forest of Statues.|348:100,registered-name-alias,1.000,,false,false,false,false,matched-agrees-on-parsed-fields,43,282326,0,0
49,25,s2-10,Stage 10 — Hatred combo + Doggebi spirits,Lv 44,Out of town + Fort + Forsaken Fort.,"Quest 41 and Quest 42 both farm <b>Devil Troop Of Hatred</b> — do them together, one grind covers both.",1,Quest 41,Quest,41,Lv 44,44,"~203,850 XP",203850,0,0,0,true,"[""41.png""]","[""ms_m7_05.jpg""]","[{""type"":""talk"",""city"":""wild"",""pin"":""p8"",""label"":""Talk""},{""type"":""action"",""text"":""Kill Devil Troop Of Hatred for \""Rope\""""},{""type"":""talk"",""city"":""wild"",""pin"":""p8"",""label"":""Turn in""}]",Quest,41,Rope,route-number-to-legacy-name,46,Escape of Hak-Goo,44,203850,0,0,,Devil Troop of Hatred took Hak-Goo's rope away. Help Hak-Goo out. He's so afraid.|359:1,registered-name-alias,1.000,,false,false,false,false,matched-agrees-on-parsed-fields,44,203850,0,0
50,25,s2-10,Stage 10 — Hatred combo + Doggebi spirits,Lv 44,Out of town + Fort + Forsaken Fort.,"Quest 41 and Quest 42 both farm <b>Devil Troop Of Hatred</b> — do them together, one grind covers both.",2,Quest 42,Quest,42,Lv 44,44,"~339,750 XP",339750,0,0,0,true,[],"[""ms_m7_05.jpg""]","[{""type"":""talk"",""city"":""fort"",""pin"":""14"",""label"":""Talk""},{""type"":""action"",""text"":""Kill Devil Troop Of Hatred for 100x \""Devil Troop of Hatred’s Mask\"" (same mob as Quest 41)""},{""type"":""talk"",""city"":""fort"",""pin"":""14"",""label"":""Turn in""}]",Quest,42,Masks of Hatred,route-number-to-legacy-name,42,Eliminating Devil Troop of Hatred,44,339750,0,0,,Bring 100 Devil Troop of Hatred's Masks to Dan-Joong in Temporary Fort of Geum-Ohee Castle. The Devil Troop of Hatred is in the Forest of Statues.|349:100,registered-name-alias,1.000,,false,false,false,false,matched-agrees-on-parsed-fields,44,339750,0,0
51,25,s2-10,Stage 10 — Hatred combo + Doggebi spirits,Lv 44,Out of town + Fort + Forsaken Fort.,"Quest 41 and Quest 42 both farm <b>Devil Troop Of Hatred</b> — do them together, one grind covers both.",3,Event Quest 16,Event,16,Lv 44,44,"~169,875 XP",169875,0,0,0,true,"[""ev7.png""]",[],"[{""type"":""talk"",""city"":""wild"",""pin"":""p11"",""label"":""Talk""},{""type"":""action"",""text"":""Find one spirit of each: Doggebi of Monster Face, Doggebi with a Gong, Drunken Doggebi, Doggebi with a Mask of Black Crow, Doggebi with a Mask of Black Panther, Giant Doggebi, Guardian of Doggebi""},{""type"":""talk"",""city"":""wild"",""pin"":""p11"",""label"":""Turn in""}]",,,,no-confident-legacy-name,9008,[Event] Angry Doggebi Troop,44,373725,0,0,9007,"Jae-Ga tells you that the Doggebi Master needs your help. According to Jae-Ga, Doggebi Master won't harm you. He's at the Forsaken Fort which in the Forest of Statues. Meet the Master Doggebi.|;Master Doggebi tells that Doggebis are turned bad by the Angry Doggebi Troop. They must be purified. Take the Spirit of Doggebi of Monster Face, the Spirit of Doggebi with a Gong, Spirit of Drunken Doggebi, Spirit of Doggebi with a Mask of Black Crow, Spirit of Doggebi with a Mask of Black Panther, Spirit of Giant Doggebi, and Spirit of Guardian of Doggebi to the Master Doggebi.|449:1,450:1,451:1,452:1,453:1,454:1,455:1;For stopping the Angry Doggebi Troop's action, the chief of the Angry Doggebi Troop must be eliminated. The chief of Troop of Angry Doggebi give up the eternal life for obtaining the strong power. Bring his dead body to the Master Doggebi. He's near by the pavilion in the south  beach of the Forest of Statues.|456:1",registered-route-objective-to-bango-name,1.000,,false,true,false,false,matched-disagrees,44,373725,0,0
52,25,s2-10,Stage 10 — Hatred combo + Doggebi spirits,Lv 44,Out of town + Fort + Forsaken Fort.,"Quest 41 and Quest 42 both farm <b>Devil Troop Of Hatred</b> — do them together, one grind covers both.",4,Event Quest 17,Event,17,Lv 44,44,"1,358,165 XP",1358165,0,0,0,false,"[""ev8.png""]","[""ms_m8_07.jpg""]","[{""type"":""talk"",""city"":""wild"",""pin"":""p11"",""label"":""Talk""},{""type"":""talk"",""city"":""wild"",""pin"":""m8"",""label"":""Kill Chief of Angry Doggebi Troop for its dead body""},{""type"":""talk"",""city"":""wild"",""pin"":""p11"",""label"":""Turn in""}]",,,,no-confident-legacy-name,9008,[Event] Angry Doggebi Troop,44,373725,0,0,9007,"Jae-Ga tells you that the Doggebi Master needs your help. According to Jae-Ga, Doggebi Master won't harm you. He's at the Forsaken Fort which in the Forest of Statues. Meet the Master Doggebi.|;Master Doggebi tells that Doggebis are turned bad by the Angry Doggebi Troop. They must be purified. Take the Spirit of Doggebi of Monster Face, the Spirit of Doggebi with a Gong, Spirit of Drunken Doggebi, Spirit of Doggebi with a Mask of Black Crow, Spirit of Doggebi with a Mask of Black Panther, Spirit of Giant Doggebi, and Spirit of Guardian of Doggebi to the Master Doggebi.|449:1,450:1,451:1,452:1,453:1,454:1,455:1;For stopping the Angry Doggebi Troop's action, the chief of the Angry Doggebi Troop must be eliminated. The chief of Troop of Angry Doggebi give up the eternal life for obtaining the strong power. Bring his dead body to the Master Doggebi. He's near by the pavilion in the south  beach of the Forest of Statues.|456:1",registered-route-objective-to-bango-name,1.000,,false,true,false,false,matched-disagrees,44,373725,0,0
53,26,s2-11,Stage 11 — Doll for a Doggebi friend + last mask,Lv 45,Out of town + Fort.,,1,Quest 43,Quest,43,Lv 45,45,"~245,225 XP",245225,0,0,0,true,"[""43.png""]","[""ms_m7_07.jpg""]","[{""type"":""talk"",""city"":""wild"",""pin"":""p9"",""label"":""Talk""},{""type"":""action"",""text"":""Kill Devil Troop Of Anger for \""Defective Doggebi’s Doll\""""},{""type"":""talk"",""city"":""wild"",""pin"":""p9"",""label"":""Report""},{""type"":""talk"",""city"":""fort"",""pin"":""41"",""label"":""Talk""},{""type"":""talk"",""city"":""wild"",""pin"":""p9"",""label"":""Turn in""}]",Quest,43,Broken Doll of Doggebi,route-number-to-legacy-name,44,A Favor of the Doggebi Who Wants To Be a Friend with Humans,45,245225,0,0,,The Doggebi said that the Devil Troop of Anger took the doll away. Please take the doll back from Devil Troop of Anger and bring it to the Doggebi.|355:1;The Doggebi is so sad that the doll is broken. Meet the doll craftsman of Gill-Jun for the Doggebi. He may fix the doll.|355:1;The doll fixed by Gill-Jun now looks good. The Doggebi will like it. Give the doll back to the Doggebi.|356:1,registered-name-alias,1.000,,false,false,false,false,matched-agrees-on-parsed-fields,45,245225,0,0
54,26,s2-11,Stage 11 — Doll for a Doggebi friend + last mask,Lv 45,Out of town + Fort.,,2,Quest 44,Quest,44,Lv 45,45,"~408,708 XP",408708,0,0,0,true,[],"[""ms_m7_06.jpg""]","[{""type"":""talk"",""city"":""fort"",""pin"":""15"",""label"":""Talk""},{""type"":""action"",""text"":""Kill Devil Troop Of Madness for 100x \""Devil Troop of Madness’ Mask\""""},{""type"":""talk"",""city"":""fort"",""pin"":""15"",""label"":""Turn in""}]",Quest,44,Masks of Madness,route-number-to-legacy-name,43,Eliminating Devil Troop of Madness,45,408708,0,0,,Bring 100 Devil Troop of Madness's Masks to Choi-Choong in Temporary Fort of Geum-Ohee Castle. The Devil Troop of Madness is in the Forest of Statues.|350:100,registered-name-alias,1.000,,false,false,false,false,matched-agrees-on-parsed-fields,45,408708,0,0
55,27,s2-12,Stage 12 — Doggebi broom collection,Lv 46-49,"Out of town only, four NPCs in a row.","Quests 45-49 (this stage and the next guide) all need <b>5 ""Blood of Big Handed""</b> on top of their unique drop — stockpile that material once, it covers the whole chain.",1,Quest 45,Quest,45,Lv 46,46,"~491,510 XP, 1 Contribution Point",491510,0,1,0,true,"[""45.png"",""45-1.png""]","[""ms_m8_01.jpg""]","[{""type"":""talk"",""city"":""wildcargo"",""pin"":""p2"",""label"":""Talk""},{""type"":""action"",""text"":""Kill Doggebi Of Monster Face for its broom + 5x Blood of Big Handed""},{""type"":""talk"",""city"":""wildcargo"",""pin"":""p2"",""label"":""Turn in""}]",Quest,45,Limpers' Favor,route-number-to-legacy-name,47,The Limper's Favor,46,491510,1,0,,"Hunt the Doggebi with Monster Face and get the Broom and 5 bottles of Blood of Big Handed. And then, bring them to the Limper.|387:5,389:1",name-content-and-level,0.594,,false,false,false,false,matched-agrees-on-parsed-fields,46,491510,1,0
56,27,s2-12,Stage 12 — Doggebi broom collection,Lv 46-49,"Out of town only, four NPCs in a row.","Quests 45-49 (this stage and the next guide) all need <b>5 ""Blood of Big Handed""</b> on top of their unique drop — stockpile that material once, it covers the whole chain.",2,Quest 46,Quest,46,Lv 47,47,"~590,926 XP, 1 Contribution Point",590926,0,1,0,true,"[""45.png"",""45-1.png""]","[""ms_m8_02.jpg""]","[{""type"":""talk"",""city"":""wildcargo"",""pin"":""p3"",""label"":""Talk""},{""type"":""action"",""text"":""Kill Doggebi with Gong for its broom + 5x Blood of Big Handed""},{""type"":""talk"",""city"":""wildcargo"",""pin"":""p3"",""label"":""Turn in""}]",Quest,46,Blind Man's Favor,route-number-to-legacy-name,48,The Blind Man's Favor,47,590926,1,0,,"Hunt the Doggebi with a Gong and collect the Broom and 5 bottles of Blood of Big Handed. And then, bring them to the blind man.|387:5,390:1",name-content-and-level,0.857,,false,false,false,false,matched-agrees-on-parsed-fields,47,590926,1,0
57,27,s2-12,Stage 12 — Doggebi broom collection,Lv 46-49,"Out of town only, four NPCs in a row.","Quests 45-49 (this stage and the next guide) all need <b>5 ""Blood of Big Handed""</b> on top of their unique drop — stockpile that material once, it covers the whole chain.",3,Quest 47,Quest,47,Lv 48,48,"~710,280 XP, 1 Contribution Point",710280,0,1,0,true,"[""45.png"",""45-1.png""]","[""ms_m8_03.jpg""]","[{""type"":""talk"",""city"":""wildcargo"",""pin"":""p4"",""label"":""Talk""},{""type"":""action"",""text"":""Kill Drunken Doggebi for its broom + 5x Blood of Big Handed""},{""type"":""talk"",""city"":""wildcargo"",""pin"":""p4"",""label"":""Turn in""}]",Quest,47,Coward's Favor,route-number-to-legacy-name,49,The Coward,48,710280,1,0,,"Hunt the Drunken Doggebi and collect the Broom and 5 bottles of Blood of Big Handed. And then, give them to the coward.|387:5,391:1",name-content-and-level,0.595,,false,false,false,false,matched-agrees-on-parsed-fields,48,710280,1,0
58,27,s2-12,Stage 12 — Doggebi broom collection,Lv 46-49,"Out of town only, four NPCs in a row.","Quests 45-49 (this stage and the next guide) all need <b>5 ""Blood of Big Handed""</b> on top of their unique drop — stockpile that material once, it covers the whole chain.",4,Quest 48,Quest,48,Lv 49,49,"~853,562 XP, 1 Contribution Point",853562,0,1,0,true,"[""45.png"",""45-1.png""]","[""ms_m8_04.jpg""]","[{""type"":""talk"",""city"":""wildcargo"",""pin"":""p6"",""label"":""Talk""},{""type"":""action"",""text"":""Kill Doggebi with Mask of Black Crow for its broom + 5x Blood of Big Handed""},{""type"":""talk"",""city"":""wildcargo"",""pin"":""p6"",""label"":""Turn in""}]",Quest,48,Hunchback's Favor,route-number-to-legacy-name,50,The Hunchback's Favor,49,853562,1,0,,"Hunt the Doggebi with a Mask of Black Crow and collect the Broom and 5 bottles of Blood of Big Handed. And then, give them to the hunchback.|387:5,392:1",name-content-and-level,0.876,,false,false,false,false,matched-agrees-on-parsed-fields,49,853562,1,0
59,28,s3-1,Stage 1 — Lv 50 kickoff: 2nd Job Change + Doggebi grind,Lv 50,"Out of town, then the Fort — big milestone stage.",Event Quest 20 is your <b>2nd Job Change</b> — do it the moment you hit 50. Event Quest 21/22 both farm Doggebi outside the Fort near D1 — chain them together.,1,Quest 49,Quest,49,Lv 50,50,"~1,025,563 XP, 1 Contribution Point",1025563,0,1,0,true,"[""45.png"",""45-1.png""]","[""ms_m8_05.jpg""]","[{""type"":""talk"",""city"":""wildcargo"",""pin"":""p1"",""label"":""Talk""},{""type"":""action"",""text"":""Find \""Doggebi with Mask of Black Panther’s Broom\"" and 5x \""Blood of Big Handed\"" from Doggebi with Mask of Black Panther""},{""type"":""talk"",""city"":""wildcargo"",""pin"":""p1"",""label"":""Turn in""}]",Quest,49,Deaf-Man's Favor,route-number-to-legacy-name,51,The Deaf Man's Favor,50,1025563,1,0,,"Hunt the Doggebi with a Mask of Black Panther and collect the Broom and 5 bottles of Blood of Big Handed. And then, give them to the deaf man.|387:5,393:1",name-content-and-level,0.878,,false,false,false,false,matched-agrees-on-parsed-fields,50,1025563,1,0
60,28,s3-1,Stage 1 — Lv 50 kickoff: 2nd Job Change + Doggebi grind,Lv 50,"Out of town, then the Fort — big milestone stage.",Event Quest 20 is your <b>2nd Job Change</b> — do it the moment you hit 50. Event Quest 21/22 both farm Doggebi outside the Fort near D1 — chain them together.,2,Event Quest 20 — 2nd Job Change,Event,20,Lv 50,50,2nd Job Change,0,0,0,0,false,[],[],"[{""type"":""talk"",""city"":""fort"",""pin"":""20"",""label"":""Talk""},{""type"":""action"",""text"":""Pick your job — this choice is permanent, confirm twice""},{""type"":""talk"",""city"":""fort"",""pin"":""20"",""label"":""Talk again""}]",,,,no-confident-legacy-name,9009,[Event] New Government Position!,50,0,0,0,9008,Return to Jae-Ga and report your missions from the Master Doggebi. Jae-Ga will give you a new government position but you must be level 50 or above.|;You got the new government position and ready for a new journey. But you need a rest before that. Get ready for the next journey while you're resting. [Next Event : Lv 70]|;You got the new government position and ready for a new journey. But you need a rest before that. Get ready for the next journey while you're resting.|,registered-route-objective-to-bango-name,1.000,,false,false,false,false,matched-agrees-on-parsed-fields,50,0,0,0
61,28,s3-1,Stage 1 — Lv 50 kickoff: 2nd Job Change + Doggebi grind,Lv 50,"Out of town, then the Fort — big milestone stage.",Event Quest 20 is your <b>2nd Job Change</b> — do it the moment you hit 50. Event Quest 21/22 both farm Doggebi outside the Fort near D1 — chain them together.,3,Event Quest 21,Event,21,Lv 50,50,"500,000 XP",500000,0,0,0,false,[],"[""ms_m8_06.jpg""]","[{""type"":""talk"",""city"":""wild"",""pin"":""p9"",""label"":""Talk""},{""type"":""action"",""text"":""Kill 50 Giant Doggebi""},{""type"":""talk"",""city"":""wild"",""pin"":""p9"",""label"":""Turn in""}]",,,,no-confident-legacy-name,,,,,,,,,no-legacy-name,0.000,,,,,,no-bango-match,50,500000,0,0
62,28,s3-1,Stage 1 — Lv 50 kickoff: 2nd Job Change + Doggebi grind,Lv 50,"Out of town, then the Fort — big milestone stage.",Event Quest 20 is your <b>2nd Job Change</b> — do it the moment you hit 50. Event Quest 21/22 both farm Doggebi outside the Fort near D1 — chain them together.,4,Event Quest 22,Event,22,Lv 50,50,"500,000 XP",500000,0,0,0,false,[],"[""ms_m8_07.jpg""]","[{""type"":""talk"",""city"":""wild"",""pin"":""p9"",""label"":""Talk""},{""type"":""action"",""text"":""Kill 50 Guardian of Doggebi, then kill \""Angry Doggebi of Monster Face\"" (spawns every 2h since last kill, near D1 / the hollow tree — only needs one kill) for \""Captured Doggebi\""""},{""type"":""talk"",""city"":""fort"",""pin"":""20"",""label"":""Talk""}]",,,,no-confident-legacy-name,,,,,,,,,no-legacy-name,0.000,,,,,,no-bango-match,50,500000,0,0
63,29,s3-2,Stage 2 — Lv 51-52: One-armed Man + Forsaken Fort,Lv 51-52,"Out of town, then Forsaken Fort (out of town).","Event Quest 23, 24 and 25 are all the same NPC (Doggebi Master at Forsaken Fort) — farm every Doggebi spirit type back to back before turning any of them in.",1,Quest 50,Quest,50,Lv 51,51,"~1,232,024 XP, 1 Contribution Point",1232024,0,1,0,true,"[""45.png"",""45-1.png""]","[""ms_m8_06.jpg""]","[{""type"":""talk"",""city"":""wildcargo"",""pin"":""p13"",""label"":""Talk""},{""type"":""action"",""text"":""Find \""Giant Doggebi’s Broom\"" and 5x \""Blood of Big Handed\"" from Giant Doggebis""},{""type"":""talk"",""city"":""wildcargo"",""pin"":""p13"",""label"":""Turn in""}]",Quest,50,One-Armed Man's Favor,route-number-to-legacy-name,52,One-Armed Man's Favor,51,1232024,1,0,,"Hunt the Giant Doggebis and collect the Broom and 5 bottles of Blood of Blood of Big Handed. And then, give them to the one-armed man.|387:5,394:1",exact-normalized-name,0.911,,false,false,false,false,matched-agrees-on-parsed-fields,51,1232024,1,0
64,29,s3-2,Stage 2 — Lv 51-52: One-armed Man + Forsaken Fort,Lv 51-52,"Out of town, then Forsaken Fort (out of town).","Event Quest 23, 24 and 25 are all the same NPC (Doggebi Master at Forsaken Fort) — farm every Doggebi spirit type back to back before turning any of them in.",2,Event Quest 23,Event,23,Lv 52,52,"681,882 XP",681882,0,0,0,false,"[""ev7.png""]",[],"[{""type"":""talk"",""city"":""wild"",""pin"":""p11"",""label"":""Talk""},{""type"":""action"",""text"":""Find Spirit of Doggebi of Monster Face, Spirit of Doggebi with a Gong, Spirit of Drunken Doggebi""},{""type"":""talk"",""city"":""wild"",""pin"":""p11"",""label"":""Turn in""}]",,,,no-confident-legacy-name,,,,,,,,,no-legacy-name,0.000,,,,,,no-bango-match,52,681882,0,0
65,29,s3-2,Stage 2 — Lv 51-52: One-armed Man + Forsaken Fort,Lv 51-52,"Out of town, then Forsaken Fort (out of town).","Event Quest 23, 24 and 25 are all the same NPC (Doggebi Master at Forsaken Fort) — farm every Doggebi spirit type back to back before turning any of them in.",3,Event Quest 24,Event,24,Lv 52,52,"681,882 XP",681882,0,0,0,false,"[""ev7.png""]",[],"[{""type"":""talk"",""city"":""wild"",""pin"":""p11"",""label"":""Talk""},{""type"":""action"",""text"":""Find Spirit of Doggebi with a Mask of Black Crow, Spirit of Doggebi with a Mask of Black Panther""},{""type"":""talk"",""city"":""wild"",""pin"":""p11"",""label"":""Turn in""}]",,,,no-confident-legacy-name,,,,,,,,,no-legacy-name,0.000,,,,,,no-bango-match,52,681882,0,0
66,29,s3-2,Stage 2 — Lv 51-52: One-armed Man + Forsaken Fort,Lv 51-52,"Out of town, then Forsaken Fort (out of town).","Event Quest 23, 24 and 25 are all the same NPC (Doggebi Master at Forsaken Fort) — farm every Doggebi spirit type back to back before turning any of them in.",4,Event Quest 25,Event,25,Lv 52,52,"681,882 XP",681882,0,0,0,false,"[""ev7.png""]",[],"[{""type"":""talk"",""city"":""wild"",""pin"":""p11"",""label"":""Talk""},{""type"":""action"",""text"":""Find Spirit of Giant Doggebi, Spirit of Guardian of Doggebi""},{""type"":""talk"",""city"":""wild"",""pin"":""p11"",""label"":""Turn in""}]",,,,no-confident-legacy-name,,,,,,,,,no-legacy-name,0.000,,,,,,no-bango-match,52,681882,0,0
67,29,s3-2,Stage 2 — Lv 51-52: One-armed Man + Forsaken Fort,Lv 51-52,"Out of town, then Forsaken Fort (out of town).","Event Quest 23, 24 and 25 are all the same NPC (Doggebi Master at Forsaken Fort) — farm every Doggebi spirit type back to back before turning any of them in.",5,Event Quest 26,Event,26,Lv 52,52,"681,882 XP",681882,0,0,0,false,[],"[""ms_m8_01.jpg"",""ms_m8_02.jpg"",""ms_m8_03.jpg"",""ms_m8_04.jpg"",""ms_m8_05.jpg"",""ms_m8_06.jpg"",""ms_m8_07.jpg""]","[{""type"":""talk"",""city"":""wild"",""pin"":""p11"",""label"":""Talk""},{""type"":""action"",""text"":""Kill 10 each of Doggebi of Monster Face, Doggebi with a Gong, Drunken Doggebi, Doggebi with a Mask of Black Crow, Doggebi with a Mask of Black Panther, Giant Doggebi, Guardian of Doggebi""},{""type"":""talk"",""city"":""wild"",""pin"":""m8"",""label"":""Kill Chief of Angry Doggebi Troop (1x)""},{""type"":""talk"",""city"":""wild"",""pin"":""p11"",""label"":""Turn in""}]",,,,no-confident-legacy-name,,,,,,,,,no-legacy-name,0.000,,,,,,no-bango-match,52,681882,0,0
68,30,s3-3,Stage 3 — Lv 52-53: Manager’s errand + first Pub visit,Lv 52-53,"Out of town, then Fort → Pub of the Giant Bird.",,1,Quest 51,Quest,51,Lv 52,52,"~1,479,838 XP, 1 Contribution Point",1479838,0,1,0,true,"[""51.png"",""45-1.png""]","[""ms_m8_07.jpg""]","[{""type"":""talk"",""city"":""wildcargo"",""pin"":""p5"",""label"":""Talk""},{""type"":""action"",""text"":""Find \""Guardian of Doggebi’s Stone\"" and 5x \""Water Dragon Blood\"" from Guardian of Doggebi""},{""type"":""talk"",""city"":""wildcargo"",""pin"":""p5"",""label"":""Turn in""}]",Quest,51,Manager's Favor,route-number-to-legacy-name,53,Legend of the Oh-Do Canyon Bridge,52,1479838,1,0,,"Hunt the Guardian Doggebi and collect the Stone and 5 bottles of Blood of Water Dragon. And then, bring them to the manager near Oh-Do bridge.|388:5,395:1",registered-name-alias,1.000,,false,false,false,false,matched-agrees-on-parsed-fields,52,1479838,1,0
69,30,s3-3,Stage 3 — Lv 52-53: Manager’s errand + first Pub visit,Lv 52-53,"Out of town, then Fort → Pub of the Giant Bird.",,2,Quest 53,Quest,53,Lv 53,53,"~1,777,279 XP, 1 Contribution Point",1777279,0,1,0,true,"[""52.png""]","[""ms_m9_01.jpg""]","[{""type"":""talk"",""city"":""fort"",""pin"":""36"",""label"":""Talk""},{""type"":""talk"",""city"":""pub"",""pin"":""13"",""label"":""Talk""},{""type"":""action"",""text"":""Find 5x \""Skeleton Warrior’s Head\"" from Rotten Skeleton Warrior of the Royal Tomb""},{""type"":""talk"",""city"":""pub"",""pin"":""13"",""label"":""Turn in""}]",Quest,52,The Dead People Around The Tomb(1),route-content-and-level-to-legacy-name,58,The Dead People Around The Tomb(1),53,1777279,1,0,,"Ja-Sang in Temporary Fort of Geum-Ohee Castle got a report about the Spirits of The Royal Tomb. Something is happening in the Royal Tomb, located southwest from The Pub of the Giant Bird. Meet the Tomb manager and find out what's happening in the Tomb.|;Gang-Man's job is to take care of the Royal Tomb but he escaped from the Tomb when the Spirits came out from the Tomb. He must seal them and return back to the Tomb. Help him to collect 5 Skeleton Warrior with Sword's Head.|432:5",exact-normalized-name,0.827,,false,false,false,false,matched-agrees-on-parsed-fields,53,1777279,1,0
70,31,s3-4,Stage 4 — Lv 54-57: Tomb Keeper grind chain begins,Lv 54-57,Pub of the Giant Bird — this NPC carries you for a while.,"Event Quest 30, 31, 32 and 33 plus Quest 56-59 all cycle through the same NPC — <b>Tomb Keeper [Gang-Man]</b> (pin 13) — stack them and grind Royal Tomb mobs together across this whole level range instead of turning in one at a time.",1,Quest 56,Quest,56,Lv 54,54,"~2,134,273 XP, 1 Contribution Point",2134273,0,1,0,true,"[""53.png""]","[""ms_m9_02.jpg""]","[{""type"":""talk"",""city"":""pub"",""pin"":""13"",""label"":""Talk""},{""type"":""action"",""text"":""Find 5x \""Skeleton Warrior’s Ribs\"" from Rotten Skeleton Warrior of the Royal Tomb""},{""type"":""talk"",""city"":""pub"",""pin"":""13"",""label"":""Turn in""}]",Quest,53,The Dead People Around The Tomb(2),route-content-and-level-to-legacy-name,59,The Dead People Around The Tomb(2),54,2134273,1,0,58,The Skeleton Warriors with the Spears were the best fighters before they died. They keep the Tomb even after they died. Seal them and collect the 5 Ribs for Gang-Man.|433:5,exact-normalized-name,0.850,,false,false,false,false,matched-agrees-on-parsed-fields,54,2134273,1,0
71,31,s3-4,Stage 4 — Lv 54-57: Tomb Keeper grind chain begins,Lv 54-57,Pub of the Giant Bird — this NPC carries you for a while.,"Event Quest 30, 31, 32 and 33 plus Quest 56-59 all cycle through the same NPC — <b>Tomb Keeper [Gang-Man]</b> (pin 13) — stack them and grind Royal Tomb mobs together across this whole level range instead of turning in one at a time.",2,Event Quest 28,Event,28,Lv 54,54,"3,013,282 XP",3013282,0,0,0,false,[],"[""ms_m8_01.jpg"",""ms_m8_02.jpg"",""ms_m8_03.jpg"",""ms_m8_04.jpg"",""ms_m8_05.jpg""]","[{""type"":""talk"",""city"":""fort"",""pin"":""20"",""label"":""Talk""},{""type"":""action"",""text"":""Go to D1 and kill 20x each: Doggebi of Monster Face, Doggebi with a Gong, Drunken Doggebi, Doggebi with a Mask of Black Crow, Doggebi with a Mask of Black Panther""},{""type"":""talk"",""city"":""fort"",""pin"":""20"",""label"":""Talk again""}]",,,,no-confident-legacy-name,,,,,,,,,no-legacy-name,0.000,,,,,,no-bango-match,54,3013282,0,0
72,31,s3-4,Stage 4 — Lv 54-57: Tomb Keeper grind chain begins,Lv 54-57,Pub of the Giant Bird — this NPC carries you for a while.,"Event Quest 30, 31, 32 and 33 plus Quest 56-59 all cycle through the same NPC — <b>Tomb Keeper [Gang-Man]</b> (pin 13) — stack them and grind Royal Tomb mobs together across this whole level range instead of turning in one at a time.",3,Quest 57,Quest,57,Lv 55,55,"~2,562,731 XP, 1 Contribution Point",2562731,0,1,0,true,"[""54.png""]","[""ms_m9_03.jpg""]","[{""type"":""talk"",""city"":""pub"",""pin"":""13"",""label"":""Talk""},{""type"":""action"",""text"":""Find 5x \""Royal Tomb Keeper’s Book\"" from Minister of the Royal Tomb""},{""type"":""talk"",""city"":""pub"",""pin"":""13"",""label"":""Turn in""}]",Quest,54,The Dead People Around The Tomb(3),route-content-and-level-to-legacy-name,60,The Dead People Around The Tomb(3),55,2562731,1,0,59,"It's the tradition that when the King died, he's buried with the ministers alive because people believe that the ministers can support the king in the other world. The ministers' spirits are in the books they wear on their heads. Eliminate them and collect 5 books to Gang-Man.|434:5",exact-normalized-name,0.829,,false,false,false,false,matched-agrees-on-parsed-fields,55,2562731,1,0
73,31,s3-4,Stage 4 — Lv 54-57: Tomb Keeper grind chain begins,Lv 54-57,Pub of the Giant Bird — this NPC carries you for a while.,"Event Quest 30, 31, 32 and 33 plus Quest 56-59 all cycle through the same NPC — <b>Tomb Keeper [Gang-Man]</b> (pin 13) — stack them and grind Royal Tomb mobs together across this whole level range instead of turning in one at a time.",4,Event Quest 30,Event,30,Lv 55,55,"3,289,241 XP",3289241,0,0,0,false,"[""eq30speed.jpg""]",[],"[{""type"":""talk"",""city"":""pub"",""pin"":""13"",""label"":""Talk""},{""type"":""talk"",""city"":""pub"",""pin"":""2"",""label"":""Talk""},{""type"":""action"",""text"":""Get 5x \""Speed up Medicine\""""},{""type"":""talk"",""city"":""pub"",""pin"":""2"",""label"":""Turn in""}]",,,,no-confident-legacy-name,,,,,,,,,no-legacy-name,0.000,,,,,,no-bango-match,55,3289241,0,0
74,31,s3-4,Stage 4 — Lv 54-57: Tomb Keeper grind chain begins,Lv 54-57,Pub of the Giant Bird — this NPC carries you for a while.,"Event Quest 30, 31, 32 and 33 plus Quest 56-59 all cycle through the same NPC — <b>Tomb Keeper [Gang-Man]</b> (pin 13) — stack them and grind Royal Tomb mobs together across this whole level range instead of turning in one at a time.",5,Event Quest 31,Event,31,Lv 55,55,"5,289,241 XP, 10x Talisman of Magic",5289241,0,0,0,false,[],"[""ms_m9_01.jpg"",""ms_m9_02.jpg""]","[{""type"":""talk"",""city"":""pub"",""pin"":""13"",""label"":""Talk""},{""type"":""action"",""text"":""Kill 60x Rotten Skeleton Warrior of the Royal Tomb (Sword) + 60x (Lance)""},{""type"":""talk"",""city"":""pub"",""pin"":""13"",""label"":""Turn in""}]",,,,no-confident-legacy-name,,,,,,,,,no-legacy-name,0.000,,,,,,no-bango-match,55,5289241,0,0
75,31,s3-4,Stage 4 — Lv 54-57: Tomb Keeper grind chain begins,Lv 54-57,Pub of the Giant Bird — this NPC carries you for a while.,"Event Quest 30, 31, 32 and 33 plus Quest 56-59 all cycle through the same NPC — <b>Tomb Keeper [Gang-Man]</b> (pin 13) — stack them and grind Royal Tomb mobs together across this whole level range instead of turning in one at a time.",6,Event Quest 32,Event,32,Lv 55,55,"12,000,000 XP, 5x Talisman of Defense, Artisan’s Fixing Tool",12000000,0,0,0,false,[],"[""ms_m9_04.jpg""]","[{""type"":""talk"",""city"":""pub"",""pin"":""13"",""label"":""Talk""},{""type"":""action"",""text"":""Kill 100x Maid of Honor of the Royal Tomb""},{""type"":""talk"",""city"":""pub"",""pin"":""13"",""label"":""Turn in""}]",,,,no-confident-legacy-name,,,,,,,,,no-legacy-name,0.000,,,,,,no-bango-match,55,12000000,0,0
76,31,s3-4,Stage 4 — Lv 54-57: Tomb Keeper grind chain begins,Lv 54-57,Pub of the Giant Bird — this NPC carries you for a while.,"Event Quest 30, 31, 32 and 33 plus Quest 56-59 all cycle through the same NPC — <b>Tomb Keeper [Gang-Man]</b> (pin 13) — stack them and grind Royal Tomb mobs together across this whole level range instead of turning in one at a time.",7,Quest 58,Quest,58,Lv 56,56,"~3,076,950 XP, 1 Contribution Point",3076950,0,1,0,true,"[""55.png""]","[""ms_m9_04.jpg""]","[{""type"":""talk"",""city"":""pub"",""pin"":""13"",""label"":""Talk""},{""type"":""action"",""text"":""Find 5x \""Royal Tomb Keeper’s Lute\"" from Maid of Honor of the Royal Tomb""},{""type"":""talk"",""city"":""pub"",""pin"":""13"",""label"":""Turn in""}]",Quest,55,The Dead People Around The Tomb(4),route-content-and-level-to-legacy-name,61,The Dead People Around The Tomb(4),56,3076950,1,0,60,"It's the tradition that when the King died, he's buried with the maid alive because people believe that the maids can support the king in the other world. The maids' spirits are in the lutes. Eliminate them and collect 5 lutes to Gang-Man.|435:5",exact-normalized-name,0.832,,false,false,false,false,matched-agrees-on-parsed-fields,56,3076950,1,0
77,31,s3-4,Stage 4 — Lv 54-57: Tomb Keeper grind chain begins,Lv 54-57,Pub of the Giant Bird — this NPC carries you for a while.,"Event Quest 30, 31, 32 and 33 plus Quest 56-59 all cycle through the same NPC — <b>Tomb Keeper [Gang-Man]</b> (pin 13) — stack them and grind Royal Tomb mobs together across this whole level range instead of turning in one at a time.",8,Event Quest 33,Event,33,Lv 57,57,"12,975,811 XP",12975811,0,0,0,false,[],"[""ms_m9_03.jpg""]","[{""type"":""talk"",""city"":""pub"",""pin"":""13"",""label"":""Talk""},{""type"":""action"",""text"":""Kill 100x Minister of the Royal Tomb""},{""type"":""talk"",""city"":""pub"",""pin"":""13"",""label"":""Turn in""}]",,,,no-confident-legacy-name,,,,,,,,,no-legacy-name,0.000,,,,,,no-bango-match,57,12975811,0,0
78,31,s3-4,Stage 4 — Lv 54-57: Tomb Keeper grind chain begins,Lv 54-57,Pub of the Giant Bird — this NPC carries you for a while.,"Event Quest 30, 31, 32 and 33 plus Quest 56-59 all cycle through the same NPC — <b>Tomb Keeper [Gang-Man]</b> (pin 13) — stack them and grind Royal Tomb mobs together across this whole level range instead of turning in one at a time.",9,Quest 59,Quest,59,Lv 57,57,"~3,694,082 XP, 1 Contribution Point",3694082,0,1,0,true,"[""56.png""]","[""ms_m9_06.jpg""]","[{""type"":""talk"",""city"":""pub"",""pin"":""13"",""label"":""Talk""},{""type"":""action"",""text"":""Find 5x \""Royal Tomb Keeper’s Sword\"" from The Royal Tomb Keeper""},{""type"":""talk"",""city"":""pub"",""pin"":""13"",""label"":""Turn in""}]",Quest,56,The Dead People Around The Tomb(5),route-content-and-level-to-legacy-name,62,The Dead People Around The Tomb(5),57,3694082,1,0,61,"It's the tradition that when the King died, he's buried with the Tomb Keepers alive because it represents that the king has the power. The spirits of the keepers are in their swords. Collect 5 of their swords to Gang-Man.|436:5",exact-normalized-name,0.837,,false,false,false,false,matched-agrees-on-parsed-fields,57,3694082,1,0
79,32,s3-5,Stage 5 — Lv 58: City of Priest opens up,Lv 58,"Pub of the Giant Bird, then City of Priest.","Event Quest 35, 36 and 37 are the same NPC (An-Hyunsoo, pin 11); Event Quest 38 switches to Sur-An (pin 9) for the combined kill. Both are in the City of Priest.",1,Quest 60,Quest,60,Lv 58,58,"~4,434,711 XP, 1 Contribution Point",4434711,0,1,0,true,"[""57.png""]","[""ms_m9_05.jpg""]","[{""type"":""talk"",""city"":""pub"",""pin"":""13"",""label"":""Talk""},{""type"":""action"",""text"":""Find 5x \""Royal Tomb Keeper’s Shield\"" from The Royal Tomb Keeper""},{""type"":""talk"",""city"":""pub"",""pin"":""13"",""label"":""Turn in""}]",Quest,57,The Dead People Around The Tomb(6),route-content-and-level-to-legacy-name,63,The Dead People Around The Tomb(6),58,4434711,1,0,62,"It's the tradition that when the King died, he's buried with the Tomb Keepers alive because it represents that the king has the power. The spirits of the keepers are in their shields. Collect 5 of their shields to Gang-Man.|437:5",exact-normalized-name,0.822,,false,false,false,false,matched-agrees-on-parsed-fields,58,4434711,1,0
80,32,s3-5,Stage 5 — Lv 58: City of Priest opens up,Lv 58,"Pub of the Giant Bird, then City of Priest.","Event Quest 35, 36 and 37 are the same NPC (An-Hyunsoo, pin 11); Event Quest 38 switches to Sur-An (pin 9) for the combined kill. Both are in the City of Priest.",2,Event Quest 35,Event,35,Lv 58,58,"10,000,000 XP",10000000,0,0,0,false,"[""eq35b.jpg""]",[],"[{""type"":""talk"",""city"":""cop"",""pin"":""11"",""label"":""Talk""},{""type"":""action"",""text"":""Get 5x \""Baked Mackarel in Soy Sauce\"" — cook at the Fort with 1x Mackerel fish""},{""type"":""talk"",""city"":""cop"",""pin"":""11"",""label"":""Turn in""}]",,,,no-confident-legacy-name,,,,,,,,,no-legacy-name,0.000,,,,,,no-bango-match,58,10000000,0,0
81,32,s3-5,Stage 5 — Lv 58: City of Priest opens up,Lv 58,"Pub of the Giant Bird, then City of Priest.","Event Quest 35, 36 and 37 are the same NPC (An-Hyunsoo, pin 11); Event Quest 38 switches to Sur-An (pin 9) for the combined kill. Both are in the City of Priest.",3,Event Quest 36,Event,36,Lv 58,58,"10,000,000 XP",10000000,0,0,0,false,[],"[""ms_m9_05.jpg"",""ms_m9_06.jpg""]","[{""type"":""talk"",""city"":""cop"",""pin"":""11"",""label"":""Talk""},{""type"":""action"",""text"":""Kill 60x The Royal Tomb Keeper (sword) + 60x (Shield)""},{""type"":""talk"",""city"":""cop"",""pin"":""11"",""label"":""Turn in""}]",,,,no-confident-legacy-name,,,,,,,,,no-legacy-name,0.000,,,,,,no-bango-match,58,10000000,0,0
82,32,s3-5,Stage 5 — Lv 58: City of Priest opens up,Lv 58,"Pub of the Giant Bird, then City of Priest.","Event Quest 35, 36 and 37 are the same NPC (An-Hyunsoo, pin 11); Event Quest 38 switches to Sur-An (pin 9) for the combined kill. Both are in the City of Priest.",4,Event Quest 37,Event,37,Lv 58,58,"20,835,821 XP",20835821,0,0,0,false,[],"[""ms_m9_07.jpg"",""ms_m9_08.jpg""]","[{""type"":""talk"",""city"":""cop"",""pin"":""11"",""label"":""Talk""},{""type"":""action"",""text"":""Kill 60x The Royal Tomb Keeper (Iron Hammer) + 60x (Spear)""},{""type"":""talk"",""city"":""cop"",""pin"":""11"",""label"":""Turn in""}]",,,,no-confident-legacy-name,,,,,,,,,no-legacy-name,0.000,,,,,,no-bango-match,58,20835821,0,0
83,32,s3-5,Stage 5 — Lv 58: City of Priest opens up,Lv 58,"Pub of the Giant Bird, then City of Priest.","Event Quest 35, 36 and 37 are the same NPC (An-Hyunsoo, pin 11); Event Quest 38 switches to Sur-An (pin 9) for the combined kill. Both are in the City of Priest.",5,Event Quest 38,Event,38,Lv 58,58,"20,000,000 XP",20000000,0,0,0,false,[],"[""ms_m9_05.jpg"",""ms_m9_06.jpg"",""ms_m9_07.jpg"",""ms_m9_08.jpg""]","[{""type"":""talk"",""city"":""cop"",""pin"":""9"",""label"":""Talk""},{""type"":""action"",""text"":""Kill 60x each: The Royal Tomb Keeper (sword), (Shield), (Iron Hammer), (Spear)""},{""type"":""talk"",""city"":""cop"",""pin"":""9"",""label"":""Turn in""}]",,,,no-confident-legacy-name,,,,,,,,,no-legacy-name,0.000,,,,,,no-bango-match,58,20000000,0,0
84,33,s3-6,Stage 6 — Lv 59-60: Tomb Keeper finale,Lv 59-60,Pub of the Giant Bird.,,1,Quest 61,Quest,61,Lv 59,59,"~5,323,540 XP, 1 Contribution Point",5323540,0,1,0,true,"[""58.png""]","[""ms_m9_07.jpg""]","[{""type"":""talk"",""city"":""pub"",""pin"":""13"",""label"":""Talk""},{""type"":""action"",""text"":""Find 5x \""Royal Tomb Keeper’s Spear\"" from The Royal Tomb Keeper""},{""type"":""talk"",""city"":""pub"",""pin"":""13"",""label"":""Turn in""}]",Quest,58,The Dead People Around The Tomb(7),route-content-and-level-to-legacy-name,64,The Dead People Around The Tomb(7),59,5323540,1,0,63,"It's the tradition that when the King died, he's buried with the Tomb Keepers alive because it represents that the king has the power. The spirits of the keepers are in their spears. Collect 5 of their spears to Gang-Man.|438:5",exact-normalized-name,0.807,,false,false,false,false,matched-agrees-on-parsed-fields,59,5323540,1,0
85,33,s3-6,Stage 6 — Lv 59-60: Tomb Keeper finale,Lv 59-60,Pub of the Giant Bird.,,2,Quest 62,Quest,62,Lv 60,60,"~6,390,210 XP, 1 Contribution Point",6390210,0,1,0,true,"[""58.png""]","[""ms_m9_08.jpg""]","[{""type"":""talk"",""city"":""pub"",""pin"":""13"",""label"":""Talk""},{""type"":""action"",""text"":""Find 5x \""Royal Tomb Keeper’s Iron Hammer\"" from The Royal Tomb Keeper""},{""type"":""talk"",""city"":""pub"",""pin"":""13"",""label"":""Turn in""}]",Quest,59,The Dead People Around The Tomb(8),route-content-and-level-to-legacy-name,65,The Dead People Around The Tomb(8),60,6390210,1,0,64,"It's the tradition that when the King died, he's buried with the Tomb Keepers alive because it represents that the king has the power. The spirits of the keepers are in their iron hammers. Collect 5 of their iron hammers to Gang-Man.|439:5",exact-normalized-name,0.821,,false,false,false,false,matched-agrees-on-parsed-fields,60,6390210,1,0
86,34,s3-7,Stage 7 — Lv 70: 3rd Job Change + Forest of Elements,Lv 70,Fort → City of Priest → Forest of Elements (field) → City of Priest.,"This is the big one — 3rd Job Change. The element-collection loop (imperfect elements → Hwa-Eun → altars) can be farmed at the same time as the 4 endgame drop items (D4, Highlands of Sky, D2, Emok Island), so read the whole quest before starting.",1,Event Quest 40 — 3rd Job Change,Event,40,Lv 70,70,3rd Job Change + new skills,0,0,0,0,false,"[""ev10_1.png"",""ev10_2.png"",""ev10_3.png"",""ev10_4.png"",""ev10_5.png"",""ev10_6.png"",""ev10_7.png"",""ev10_8.png"",""ev10_9.png""]",[],"[{""type"":""talk"",""city"":""fort"",""pin"":""20"",""label"":""Talk""},{""type"":""talk"",""city"":""cop"",""pin"":""9"",""label"":""Talk""},{""type"":""field"",""label"":""Field"",""name"":""Forest of Elements — drop 10x each: element of fire, water, wood, iron, ground (can substitute \""Imperfect element of..\"" from the same mobs or from D5)""},{""type"":""talk"",""city"":""cop"",""pin"":""19"",""label"":""Talk — convert imperfects (200k each try, ~35% success rate, not guaranteed)""},{""type"":""field"",""label"":""Field"",""name"":""Carry the converted elements to the altars at every major spot in the Forest of Elements""},{""type"":""talk"",""city"":""cop"",""pin"":""9"",""label"":""Talk again""},{""type"":""field"",""label"":""Field"",""name"":""\""Monster’s Right Arm\"" from Demon Monster (D4, every floor)""},{""type"":""field"",""label"":""Field"",""name"":""\""Necklace of Evil\"" from Chief of the Traitor’s Hangout, Yoong-Gi (Highlands of Sky, Traitor Hang Out)""},{""type"":""field"",""label"":""Field"",""name"":""\""Lord’s Jaw\"" from Lord of Shadow Troop (D2)""},{""type"":""field"",""label"":""Field"",""name"":""\""Sword of the Chief Defender\"" from Twisted Demon Defender (Emok Island)""},{""type"":""talk"",""city"":""cop"",""pin"":""9"",""label"":""Turn in — 3rd Job Change with new skills""}]",Event,20,Ceremony for elements2,route-content-and-level-to-legacy-event-name,9010,[Event] Gateway to success,70,0,0,0,9008,"Go to City of Priest and find high priest Sur An and give him Jae Ga's recommendation letter.|1471:1;Find the elements from low level elemental spirits in the forest. There are 5 kinds of elements: elements of fire, water, wood, iron, and earth. Gather 20 of them each.|1461:20,1462:20,1463:20,1464:20,1465:20;Go to the altar in the Forrest of Elements. Purify the elements of fire, water, wood, iron, and earth to get purified elements.|1466:1,1467:1,1468:1,1469:1,1470:1;Collect the materials that is required. They are the 'Necklace of Evil' of the Chief of the Traitor's Hangout, second one is the 'Lord's Jaw' from the Lord of Shadow Troop's head, third one is the 'Monster's Right Arm' from the Demon Monster, and the last one is the 'Sword of the Chief Defender' which the Demon Defender uses.|1493:1,1494:1,1495:1,1496:1;Get the 'Complete E-moogy's Scale' from the Thousand Year Old E-moogy in the E-mok Island, and the 'Horn of Doggebi Lord' from the Doggebi Lord's forehead.|1497:1,1498:1",registered-route-objective-to-bango-name,1.000,,false,false,false,false,matched-agrees-on-parsed-fields,70,0,0,0
87,34,s3-7,Stage 7 — Lv 70: 3rd Job Change + Forest of Elements,Lv 70,Fort → City of Priest → Forest of Elements (field) → City of Priest.,"This is the big one — 3rd Job Change. The element-collection loop (imperfect elements → Hwa-Eun → altars) can be farmed at the same time as the 4 endgame drop items (D4, Highlands of Sky, D2, Emok Island), so read the whole quest before starting.",2,Event Quest 41,Event,41,Lv 70,70,Access to Valley of Devah,0,0,0,0,false,"[""ev11_1.png"",""ev11_2.png"",""ev11_3.png"",""ev11_4.png"",""ev11_5.png"",""ev11_6.png"",""ev11_7.png""]",[],"[{""type"":""talk"",""city"":""forest"",""pin"":""p14"",""label"":""Talk""},{""type"":""action"",""text"":""Find Souls of Undead from higher-level spirits / MK monsters in D5: Essence of earth (F3), wood (F4), water (F6), fire (F8), iron (F9)""},{""type"":""talk"",""city"":""forest"",""pin"":""p14"",""label"":""Talk again""},{""type"":""action"",""text"":""\""The Trial of I’Lryer\"" — go to D5, find 100x \""Essence of Undead\"" (drops from all D5 mobs), and \""I’Lryer’s ring\"" from Cheios/Dunamic on F10 or Illusion of Dunamic / Illusion of Cheios on F9 (R1/R2)""},{""type"":""field"",""label"":""Field"",""name"":""Messenger of Devah [Jin-Heun] — Geum-Oh Mine, through the left gate, down the hill, keep right to the ramp""},{""type"":""action"",""text"":""Receive \""Moving Trinket\"" — grants access to Valley of Devah""}]",,,,no-confident-legacy-name,,,,,,,,,no-legacy-name,0.000,,,,,,no-bango-match,70,0,0,0
88,35,s3-8,Stage 8 — Lv 81: skill training,Lv 81,City of Priest.,,1,Quest 63,Quest,63,Lv 81,81,Selected Mystery Skill (Passive),0,0,0,0,false,[],[],"[{""type"":""talk"",""city"":""cop"",""pin"":""10"",""label"":""Talk""},{""type"":""action"",""text"":""Click \""Receive Training\"" and pick one of 3 skills (OTP, EVA or DEF) — the skill level scales up with your character level, up to skill level 20""}]",,,,no-confident-legacy-name,,,,,,,,,no-legacy-name,0.000,,,,,,no-bango-match,81,0,0,0
89,36,s3-9,Stage 9 — the AWAKEN trilogy,Lv 91 / 96 / 101,Narootuh (talk point) → Emok Island → Valley of Devah farming.,"All three AWAKEN quests start at the same spot: ""DEAD Hye min"", located in Narootuh between NPC 43 and the Refining Deamon Gong — there’s no numbered map pin for this one, it’s a landmark description from the source guide.",1,Event Quest — 1st AWAKEN,,,Lv 91,91,Blue Ball + access to 1st Awaken skills (S → Awaken tab),0,0,0,0,false,"[""marble.gif"",""shiny.gif""]","[""ms_m23_12.jpg"",""ms_m23_13.jpg""]","[{""type"":""field"",""label"":""Field"",""name"":""\""DEAD Hye min\"" — Narootuh, between NPC 43 and Refining Deamon Gong""},{""type"":""action"",""text"":""Kill 200x Twisted Deamon Officer of Attack + 200x Twisted Imperial Deamon Commander (Emok A9)""},{""type"":""action"",""text"":""Find 20x \""Mysterious Marble\"" + 5x \""Piece of Shining Gold\"" from Shadow of D’evah""}]",,,,no-route-type,,,,,,,,,no-legacy-name,0.000,,,,,,no-bango-match,91,0,0,0
90,36,s3-9,Stage 9 — the AWAKEN trilogy,Lv 91 / 96 / 101,Narootuh (talk point) → Emok Island → Valley of Devah farming.,"All three AWAKEN quests start at the same spot: ""DEAD Hye min"", located in Narootuh between NPC 43 and the Refining Deamon Gong — there’s no numbered map pin for this one, it’s a landmark description from the source guide.",2,Event Quest — 2nd AWAKEN,,,Lv 96,96,Pink Ball + access to 2nd Awaken skills (S → Awaken tab),0,0,0,0,false,"[""ingot.gif"",""gold.gif"",""marble.gif"",""shiny.gif""]",[],"[{""type"":""field"",""label"":""Field"",""name"":""\""DEAD Hye min\"" again — Narootuh""},{""type"":""action"",""text"":""Find 2x \""Gold Ingot\"" (craft with 200x Gold Coins at the Gold Master, dropped by Shadow of D’evah), 60x \""Mysterious Marble\"", 15x \""Piece of Shining Gold\""""}]",,,,no-route-type,,,,,,,,,no-legacy-name,0.000,,,,,,no-bango-match,96,0,0,0
91,36,s3-9,Stage 9 — the AWAKEN trilogy,Lv 91 / 96 / 101,Narootuh (talk point) → Emok Island → Valley of Devah farming.,"All three AWAKEN quests start at the same spot: ""DEAD Hye min"", located in Narootuh between NPC 43 and the Refining Deamon Gong — there’s no numbered map pin for this one, it’s a landmark description from the source guide.",3,Event Quest — 3rd AWAKEN,,,Lv 101,101,Yellow Ball + access to 3rd Awaken skills (S → Awaken tab),0,0,0,0,false,"[""ingot.gif"",""gold.gif"",""marble.gif"",""shiny.gif""]",[],"[{""type"":""field"",""label"":""Field"",""name"":""\""DEAD Hye min\"" again — Narootuh""},{""type"":""action"",""text"":""Find \""Processing Awaken Lv3\"" from D’evah Boss""},{""type"":""action"",""text"":""Find 1x \""Gold Ingot\"" (craft with 100x Gold Coins), 120x \""Mysterious Marble\"", 30x \""Piece of Shining Gold\""""}]",,,,no-route-type,,,,,,,,,no-legacy-name,0.000,,,,,,no-bango-match,101,0,0,0
