ita_azon,ita_itype,ita_grade,ita_class,ita_type,ita_name,ita_lvllim,ita_rev,ita_price,ita_pic,ita_pic2,ita_3d
98,1,"G46","Knight","Armor","Intensified Steel Armor",43,"||||||||||||15|36|4","210.800","-",26,"CW_6_a01.gb#111$Tex\CW_6_a01.GTX#Tex\CW_6_a02.GTX$0#0#1#1$-1$0"
99,1,"G46","Knight","Boots","Intensified Steel Boots",37,"||||||||||||17|27|2","102.400","-",29,"CW_6_s01.gb#200$Tex\CW_6_s01.GTX$0#0$0$0"
100,1,"G46","Knight","Gloves","Intensified Steel Gloves",35,"||||||||||||4|33|1","87.200","-",28,"CW_6_g01.gb#182$Tex\CW_6_g01.GTX$0$0$0"
101,1,"G46","Knight","Helmet","Intensified Steel Helmet",39,"||||||||||||7|35|1","117.200","-",27,"CW_6_h01.gb#200$Tex\CW_6_h01=.GTX$0#0$0$0"
102,1,"G46","Knight","Shorts","Intensified Steel Shorts",41,"||||||||||||17|24|2","178.000","-",30,"CW_6_p01.gb#200$Tex\CW_6_p01.GTX$0#0$0$0"
103,0,"G46","Magician","All","BeeDan DaeChangEau",35,"||||||||||||75|95|0|19|19|19|13|13","695.600","ita_m06",,"CR_0_f01.gb#182$Tex\CR_0_f01.GTX$0$0$0"
104,1,"G46","Magician","Armor","BeeDan DaeChangEau Clothes",43,"||||||||||||19|22|0|5|5|5|2|2","210.800","-",116,"CR_6_a01.gb#236$Tex\CR_6_a01.GTX$0#0#0#0$0$0"
105,1,"G46","Magician","Boots","BeeDan DaeChangEau Boots",37,"||||||||||||18|20|0|3|3|3|3|3","102.400","-",119,"CR_6_s01.gb#182$Tex\CR_6_s01.GTX$0$0$0"
106,1,"G46","Magician","Gloves","BeeDan DaeChangEau Gloves",35,"||||||||||||8|18|0|4|4|4|3|3","87.200","-",118,"CR_6_g01.gb#200$Tex\CR_6_g01.GTX$0#0$0$0"
107,1,"G46","Magician","Helmet","BeeDan DaeChangEau Hair Decoration",39,"||||||||||||10|18|0|4|4|4|2|2","117.200","-",117,"CR_6_h01.gb#200$Tex\CR_6_h01.GTX$0#0$0$0"
108,1,"G46","Magician","Shorts","BeeDan DaeChangEau Shorts",41,"||||||||||||20|17|0|3|3|3|3|3","178.000","-",120,"CR_6_p01.gb#182$Tex\CR_6_p01.GTX$0$0$0"
109,0,"G50","Archer","All","Diamond Armor",46,"1|4|||4||||||||93|151|7","0","ita_a07",,"CM_0_f01.gb#182$Tex\CM_0_f01.GTX$0$0$0"
110,1,"G50","Archer","Armor","Diamond Armor",50,"|2|||3||||||||16|46|3","0","-",76,"CM_7_a01.gb#200$Tex\CM_7_a01.GTX$0#0$0$0"
111,1,"G50","Archer","Boots","Diamond Boots",47,"||||1||||||||26|28|1","0","-",79,"CM_7_s01.gb#200$Tex\CM_7_s01.GTX$0#0$0$0"
112,1,"G50","Archer","Gloves","Diamond Gloves",46,"1||||||||||||9|28|1","0","-",78,"CM_7_g01.gb#182$Tex\CM_7_g01.GTX$0$0$0"
113,1,"G50","Archer","Helmet","Diamond Hood",48,"|1|||||||||||10|30|1","0","-",77,"CM_7_h01.gb#218$Tex\CM_7_h01.GTX#Tex\CM_7_h02.GTX$1#0#0$0$0"
114,1,"G50","Archer","Shorts","Diamond Shorts",49,"|1|||||||||||32|19|1","0","-",80,"CM_7_p01.gb#200$Tex\CM_7_p01.GTX$0#0$0$0"
115,0,"G50","Knight","All","Diamond Scaled Armor",46,"4|4|||1||||||||70|189|13","0","ita_k07",,"CW_0_f01.gb#182$Tex\CW_0_f01.GTX$0$0$0"
116,1,"G50","Knight","Armor","Diamond Scaled Armor",50,"3|2|||||||||||17|44|5","0","-",31,"CW_7_a01.gb#290$Tex\CW_7_a01.GTX#Tex\CW_7_a02.GTX#Tex\CW_7_g01.GTX$0#1#1#1#0#0#2$0$0"
117,1,"G50","Knight","Boots","Diamond Scaled Boots",47,"||||1||||||||19|32|2","0","-",34,"CW_7_s01.gb#182$Tex\CW_7_s01.GTX$0$0$0"
118,1,"G50","Knight","Gloves","Diamond Scaled Gloves",46,"1||||||||||||6|43|1","0","-",33,"CW_7_g01.gb#182$Tex\CW_7_g01.GTX$0$0$0"
119,1,"G50","Knight","Helmet","Diamond Scaled Helmet",48,"|1|||||||||||9|42|2","0","-",32,"CW_7_h01.gb#200$Tex\CW_7_h01.GTX$0#0$0$0"
120,1,"G50","Knight","Shorts","Diamond Scaled Shorts",49,"|1|||||||||||19|28|3","0","-",35,"CW_7_p01.gb#200$Tex\CW_7_p01.GTX$0#0$0$0"
121,0,"G50","Magician","All","White DaeChangEau",46,"|4|3|2|||||||||91|122|0|21|21|21|15|15","0","ita_m07",,"CR_0_f01.gb#182$Tex\CR_0_f01.GTX$0$0$0"
122,1,"G50","Magician","Armor","White DaeChangEau Clothes",50,"|2|3||||||||||23|29|0|6|6|6|3|3","0","-",121,"CR_7_a01.gb#308$Tex\CR_7_a01.GTX#Tex\CR_7_a02.GTX$0#0#0#0#1#1#1#1$0$0"
123,1,"G50","Magician","Boots","White DaeChangEau Boots",47,"|||1|||||||||21|26|0|3|3|3|3|3","0","-",124,"CR_7_s01.gb#200$Tex\CR_7_s01.GTX$0#0$0$0"
124,1,"G50","Magician","Gloves","White DaeChangEau Gloves",46,"|||1|||||||||10|23|0|4|4|4|3|3","0","-",123,"CR_7_g01.gb#200$Tex\CR_7_g01.GTX$0#0$0$0"
125,1,"G50","Magician","Helmet","White DaeChangEau Hair Decoration",48,"|1|||||||||||12|23|0|5|5|5|2|2","0","-",122,"CR_7_h01.gb#200$Tex\CR_7_h01.GTX$0#0$0$0"
126,1,"G50","Magician","Shorts","White DaeChangEau Shorts",49,"|1|||||||||||25|21|0|3|3|3|3|3","0","-",125,"CR_7_p01.gb#200$Tex\CR_7_p01.GTX$0#0$0$0"
127,0,"G55","Archer","All","Armor of Doggebi",51,"2|7|||6||||||||115|176|11","0","ita_a08",,"CM_0_f01.gb#182$Tex\CM_0_f01.GTX$0$0$0"
128,1,"G55","Archer","Armor","Armor of Doggebi",55,"|3|||4||||||||19|54|4","0","-",81,"CM_8_a01.gb#200$Tex\CM_8_a01.GTX$0#0$0$0"
129,1,"G55","Archer","Boots","Boots of Doggebi",52,"||||2||||||||34|32|1","0","-",84,"CM_8_s01.gb#182$Tex\CM_8_s01.GTX$0$0$0"
130,1,"G55","Archer","Gloves","Gloves of Doggebi",51,"2||||||||||||11|33|2","0","-",83,"CM_8_g01.gb#182$Tex\CM_8_g01.GTX$0$0$0"
1,0,"G08","Archer","All","Leather Armor",1,"||||||||||||15|23|0","510","ita_a01",,"CM_0_f01.gb#182$Tex\CM_0_f01.GTX$0$0$0"
2,1,"G08","Archer","Armor","Leather Armor",1,"||||||||||||0|9|0","200","-",46,"CM_1_a01.gb#182$Tex\CM_1_a01.GTX$0$0$0"
3,1,"G08","Archer","Boots","Leather Armor Boots",1,"||||||||||||5|4|0","110","-",49,"CM_1_s01.gb#182$Tex\CM_1_s01.GTX$0$0$0"
4,1,"G08","Archer","Gloves","Leather Armor Gloves",1,"||||||||||||1|4|0","50","-",48,"CM_1_g01.gb#182$Tex\CM_1_g01.GTX$0$0$0"
5,1,"G08","Archer","Helmet","Leather Armor Hood",1,"||||||||||||2|4|0","90","-",47,"CM_1_h01.gb#182$Tex\CM_1_h01_1.GTX$0$0$0"
6,1,"G08","Archer","Shorts","Leather Armor Shorts",1,"||||||||||||7|2|0","60","-",50,"CM_1_p01.gb#200$Tex\CM_1_p01.GTX#Tex\CM_1_p01_1.GTX$0#1$0$0"
7,0,"G08","Knight","All","SaSaEul Armor",1,"||||||||||||12|30|3","510","ita_k01",,"CW_0_f01.gb#182$Tex\CW_0_f01.GTX$0$0$0"
8,1,"G08","Knight","Armor","SaSaEul Armor",1,"||||||||||||1|12|1","200","-",1,"CW_1_a01.gb#200$Tex\CW_1_a01.GTX#Tex\CW_1_a02.GTX$0#1$0$0"
9,1,"G08","Knight","Boots","SaSaEul Boots",1,"||||||||||||4|3|1","110","-",4,"CW_1_s01.gb#182$Tex\CW_1_s01.GTX$0$0$0"
10,1,"G08","Knight","Gloves","SaSaEul Gloves",1,"||||||||||||1|7|0","50","-",3,"CW_1_g01.gb#182$Tex\CW_1_g01.GTX$0$0$0"
11,1,"G08","Knight","Helmet","SaSaEul Helmet",1,"||||||||||||1|5|1","90","-",2,"CW_1_h01.gb#182$Tex\CW_1_h01.GTX$0$0$0"
12,1,"G08","Knight","Shorts","SaSaEul Shorts",1,"||||||||||||5|3|0","60","-",5,"CW_1_p01.gb#182$Tex\CW_1_p01.GTX$0$0$0"
13,0,"G08","Magician","All","MyungJoo HakChangEau",1,"||||||||||||20|20|0|0|0|0|0|0","510","ita_m01",,"CR_0_f01.gb#182$Tex\CR_0_f01.GTX$0$0$0"
14,1,"G08","Magician","Armor","MyungJoo HakChangEau Clothes",1,"||||||||||||3|7|0|0|0|0|0|0","200","-",91,"CR_1_a01.gb#182$Tex\CR_1_a01.GTX$0$0$0"
15,1,"G08","Magician","Boots","MyungJoo HakChangEau Boots",1,"||||||||||||6|4|0|0|0|0|0|0","110","-",94,"CR_1_s01.gb#182$Tex\CR_1_s01.GTX$0$0$0"
16,1,"G08","Magician","Gloves","MyungJoo HakChangEau Gloves",1,"||||||||||||2|3|0|0|0|0|0|0","50","-",93,"CR_1_g01.gb#182$Tex\CR_1_g01.GTX$0$0$0"
17,1,"G08","Magician","Helmet","MyungJoo HakChangEau Hair Decoration",1,"||||||||||||4|5|0|0|0|0|0|0","90","-",92,"CR_1_h01.gb#182$Tex\CR_1_h01.GTX$0$0$0"
18,1,"G08","Magician","Shorts","MyungJoo HakChangEau Shorts",1,"||||||||||||5|1|0|0|0|0|0|0","60","-",95,"CR_1_p01.gb#182$Tex\CR_1_p01.GTX$0$0$0"
19,0,"G16","Archer","All","DooJungPeeGap Armor",1,"||||||||||||25|42|0","5.419","ita_a02",,"CM_0_f01.gb#182$Tex\CM_0_f01.GTX$0$0$0"
20,1,"G16","Archer","Armor","DooJungPeeGap Armor",1,"||||||||||||0|12|0","2.126","-",51,"CM_2_a01.gb#182$Tex\CM_2_a01.GTX$0$0$0"
21,1,"G16","Archer","Boots","DooJungPeeGap Boots",1,"||||||||||||10|8|0","1.169","-",54,"CM_2_s01.gb#182$Tex\CM_2_s01.GTX$0$0$0"
22,1,"G16","Archer","Gloves","DooJungPeeGap Gloves",1,"||||||||||||1|8|0","531","-",53,"CM_2_g01.gb#182$Tex\CM_2_g01.GTX$0$0$0"
23,1,"G16","Archer","Helmet","DooJungPeeGap Hood",1,"||||||||||||2|9|0","956","-",52,"CM_2_h01.gb#182$Tex\CM_2_h01_1.GTX$0$0$0"
24,1,"G16","Archer","Shorts","DooJungPeeGap Shorts",1,"||||||||||||12|5|0","637","-",55,"CM_2_p01.gb#200$Tex\CM_2_p01.GTX#Tex\CM_2_p01_1.GTX$0#1$0$0"
25,0,"G16","Knight","All","GyungBunGap Armor",1,"||||||||||||25|51|4","5.419","ita_k02",,"CW_0_f01.gb#182$Tex\CW_0_f01.GTX$0$0$0"
26,1,"G16","Knight","Armor","GyungBunGap Armor",1,"||||||||||||3|15|2","2.126","-",6,"CW_2_a01.gb#200$Tex\CW_2_a01.GTX#Tex\CW_2_a02.GTX$1#0$0$0"
27,1,"G16","Knight","Boots","GyungBunGap Boots",1,"||||||||||||8|8|1","1.169","-",9,"CW_2_s01.gb#182$Tex\CW_2_s01.GTX$0$0$0"
28,1,"G16","Knight","Gloves","GyungBunGap Gloves",1,"||||||||||||2|11|0","531","-",8,"CW_2_g01.gb#182$Tex\CW_2_g01.GTX$0$0$0"
29,1,"G16","Knight","Helmet","GyungBunGap Helmet",1,"||||||||||||3|10|1","956","-",7,"CW_2_h01.gb#182$Tex\CW_2_h01.GTX$0$0$0"
30,1,"G16","Knight","Shorts","GyungBunGap Shorts",1,"||||||||||||9|7|0","637","-",10,"CW_2_p01.gb#182$Tex\CW_2_p01.GTX$0$0$0"
31,0,"G16","Magician","All","BeeDan HakChangEau",1,"||||||||||||30|33|0|3|3|3|0|0","5.419","ita_m02",,"CR_0_f01.gb#182$Tex\CR_0_f01.GTX$0$0$0"
32,1,"G16","Magician","Armor","BeeDan HakChangEau Clothes",1,"||||||||||||5|10|0|2|2|2|0|0","2.126","-",96,"CR_2_a01.gb#182$Tex\CR_2_a01.GTX$0$0$0"
33,1,"G16","Magician","Boots","BeeDan HakChangEau Boots",1,"||||||||||||8|6|0|0|0|0|0|0","1.169","-",99,"CR_2_s01.gb#182$Tex\CR_2_s01.GTX$0$0$0"
34,1,"G16","Magician","Gloves","BeeDan HakChangEau Gloves",1,"||||||||||||3|6|0|0|0|0|0|0","531","-",98,"CR_2_g01.gb#182$Tex\CR_2_g01.GTX$0$0$0"
35,1,"G16","Magician","Helmet","BeeDan HakChangEau Hair Decoration",1,"||||||||||||5|7|0|1|1|1|0|0","956","-",97,"CR_2_h01.gb#182$Tex\CR_2_h01.GTX$0$0$0"
36,1,"G16","Magician","Shorts","BeeDan HakChangEau Shorts",1,"||||||||||||9|4|0|0|0|0|0|0","637","-",100,"CR_2_p01.gb#182$Tex\CR_2_p01.GTX$0$0$0"
37,0,"G24","Archer","All","ShaeJaGap Armor",1,"||||||||||||35|70|1","17.573","ita_a03",,"CM_0_f01.gb#182$Tex\CM_0_f01.GTX$0$0$0"
38,1,"G24","Archer","Armor","ShaeJaGap Armor",1,"||||||||||||2|16|1","6.892","-",56,"CM_3_a01.gb#182$Tex\CM_3_a01.GTX$0$0$0"
39,1,"G24","Archer","Boots","ShaeJaGap Boots",1,"||||||||||||13|11|0","3.790","-",59,"CM_3_s01.gb#182$Tex\CM_3_s01.GTX$0$0$0"
40,1,"G24","Archer","Gloves","ShaeJaGap Gloves",1,"||||||||||||2|11|0","1.723","-",58,"CM_3_g01.gb#182$Tex\CM_3_g01.GTX$0$0$0"
41,1,"G24","Archer","Helmet","ShaeJaGap Hood",1,"||||||||||||3|13|0","3.101","-",57,"CM_3_h01.gb#182$Tex\CM_3_h01_1.GTX$0$0$0"
42,1,"G24","Archer","Shorts","ShaeJaGap Shorts",1,"||||||||||||15|9|0","2.067","-",60,"CM_3_p01.gb#200$Tex\CM_3_p01.GTX#Tex\CM_3_p01_1.GTX$0#1$0$0"
43,0,"G24","Knight","All","PanGap Armor",1,"||||||||||||33|75|5","17.573","ita_k03",,"CW_0_f01.gb#182$Tex\CW_0_f01.GTX$0$0$0"
44,1,"G24","Knight","Armor","PanGap Armor",1,"||||||||||||4|22|2","6.892","-",11,"CW_3_a01.gb#200$Tex\CW_3_a01.GTX$0#0$0$0"
45,1,"G24","Knight","Boots","PanGap Boots",1,"||||||||||||11|12|2","3.790","-",14,"CW_3_s01.gb#182$Tex\CW_3_s01.GTX$0$0$0"
46,1,"G24","Knight","Gloves","PanGap Gloves",1,"||||||||||||3|15|0","1.723","-",13,"CW_3_g01.gb#182$Tex\CW_3_g01.GTX$0$0$0"
47,1,"G24","Knight","Helmet","PanGap Helmet",1,"||||||||||||4|14|1","3.101","-",12,"CW_3_h01.gb#200$Tex\CW_3_h01.GTX$0#0$0$0"
48,1,"G24","Knight","Shorts","PanGap Shorts",1,"||||||||||||11|12|0","2.067","-",15,"CW_3_p01.gb#182$Tex\CW_3_p01.GTX$0$0$0"
49,0,"G24","Magician","All","MyungJoo SoChangEau",1,"||||||||||||40|45|0|6|6|6|0|0","17.573","ita_m03",,"CR_0_f01.gb#182$Tex\CR_0_f01.GTX$0$0$0"
50,1,"G24","Magician","Armor","MyungJoo SoChangEau Clothes",1,"||||||||||||7|13|0|3|3|3|0|0","6.892","-",101,"CR_3_a01.gb#182$Tex\CR_3_a01.GTX$0$0$0"
51,1,"G24","Magician","Boots","MyungJoo SoChangEau Boots",1,"||||||||||||12|9|0|0|0|0|0|0","3.790","-",104,"CR_3_s01.gb#182$Tex\CR_3_s01.GTX$0$0$0"
52,1,"G24","Magician","Gloves","MyungJoo SoChangEau Gloves",1,"||||||||||||4|8|0|1|1|1|0|0","1.723","-",103,"CR_3_g01.gb#182$Tex\CR_3_g01.GTX$0$0$0"
53,1,"G24","Magician","Helmet","MyungJoo SoChangEau Hair Decoration",1,"||||||||||||5|9|0|2|2|2|0|0","3.101","-",102,"CR_3_h01.gb#182$Tex\CR_3_h01.GTX$0$0$0"
54,1,"G24","Magician","Shorts","MyungJoo SoChangEau Shorts",1,"||||||||||||12|6|0|0|0|0|0|0","2.067","-",105,"CR_3_p01.gb#182$Tex\CR_3_p01.GTX$0$0$0"
55,0,"G32","Archer","All","Intensified ShaeJaGap Armor",1,"||||||||||||45|85|1","73.002","ita_a04",,"CM_0_f01.gb#182$Tex\CM_0_f01.GTX$0$0$0"
56,1,"G32","Archer","Armor","Intensified ShaeJaGap Armor",1,"||||||||||||3|24|1","28.629","-",61,"CM_4_a01.gb#182$Tex\CM_4_a01.GTX$0$0$0"
57,1,"G32","Archer","Boots","Intensified ShaeJaGap Boots",1,"||||||||||||18|15|0","15.745","-",64,"CM_4_s01.gb#182$Tex\CM_4_s01.GTX$0$0$0"
58,1,"G32","Archer","Gloves","Intensified ShaeJaGap Gloves",1,"||||||||||||2|15|0","7.157","-",63,"CM_4_g01.gb#182$Tex\CM_4_g01.GTX$0$0$0"
59,1,"G32","Archer","Helmet","Intensified ShaeJaGap Hood",1,"||||||||||||3|19|0","12.883","-",62,"CM_4_h01.gb#182$Tex\CM_4_h01_1.GTX$0$0$0"
60,1,"G32","Archer","Shorts","Intensified ShaeJaGap Shorts",1,"||||||||||||19|12|0","8.588","-",65,"CM_4_p01.gb#200$Tex\CM_4_p01.GTX#Tex\CM_4_p01_1.GTX$0#1$0$0"
61,0,"G32","Knight","All","Steel Armor",1,"||||||||||||40|105|6","73.002","ita_k04",,"CW_0_f01.gb#182$Tex\CW_0_f01.GTX$0$0$0"
62,1,"G32","Knight","Armor","Steel Armor",1,"||||||||||||5|27|3","28.629","-",16,"CW_4_a01.gb#200$Tex\CW_4_a01.GTX$0#0$0$0"
63,1,"G32","Knight","Boots","Steel Armor Boots",1,"||||||||||||13|18|2","15.745","-",19,"CW_4_s01.gb#200$Tex\CW_4_s01.GTX$0#0$0$0"
64,1,"G32","Knight","Gloves","Steel Armor Gloves",1,"||||||||||||3|21|0","7.157","-",18,"CW_4_g01.gb#200$Tex\CW_4_g01.GTX$0#0$0$0"
65,1,"G32","Knight","Helmet","Steel Armor Helmet",1,"||||||||||||5|22|1","12.883","-",17,"CW_4_h01.gb#200$Tex\CW_4_h01.GTX$0#0$0$0"
66,1,"G32","Knight","Shorts","Steel Armor Shorts",1,"||||||||||||14|17|0","8.588","-",20,"CW_4_p01.gb#182$Tex\CW_4_p01.GTX$0$0$0"
67,0,"G32","Magician","All","BeeDan SoChangEau",1,"||||||||||||52|60|0|10|10|10|0|0","73.002","ita_m04",,"CR_0_f01.gb#182$Tex\CR_0_f01.GTX$0$0$0"
68,1,"G32","Magician","Armor","BeeDan SoChangEau Clothes",1,"||||||||||||8|16|0|4|4|4|0|0","28.629","-",106,"CR_4_a01.gb#182$Tex\CR_4_a01.GTX$0$0$0"
69,1,"G32","Magician","Boots","BeeDan SoChangEau Boots",1,"||||||||||||14|12|0|1|1|1|0|0","15.745","-",109,"CR_4_s01.gb#182$Tex\CR_4_s01.GTX$0$0$0"
70,1,"G32","Magician","Gloves","BeeDan SoChangEau Gloves",1,"||||||||||||7|11|0|2|2|2|0|0","7.157","-",108,"CR_4_g01.gb#182$Tex\CR_4_g01.GTX$0$0$0"
71,1,"G32","Magician","Helmet","BeeDan SoChangEau Hair Decoration",1,"||||||||||||7|13|0|3|3|3|0|0","12.883","-",107,"CR_4_h01.gb#182$Tex\CR_4_h01.GTX$0$0$0"
72,1,"G32","Magician","Shorts","BeeDan SoChangEau Shorts",1,"||||||||||||16|8|0|0|0|0|0|0","8.588","-",110,"CR_4_p01.gb#182$Tex\CR_4_p01.GTX$0$0$0"
73,0,"G42","Archer","All","DooSukLinGap Armor",1,"||||||||||||60|115|2","374.830","ita_a05",,"CM_0_f01.gb#182$Tex\CM_0_f01.GTX$0$0$0"
74,1,"G42","Archer","Armor","DooSukLinGap Armor",1,"||||||||||||4|35|2","148.872","-",66,"CM_5_a01.gb#182$Tex\CM_5_a01.GTX$0$0$0"
75,1,"G42","Archer","Boots","DooSukLin Boots",1,"||||||||||||22|22|0","82.705","-",69,"CM_5_s01.gb#182$Tex\CM_5_s01.GTX$0$0$0"
76,1,"G42","Archer","Gloves","DooSukLin Gloves",1,"||||||||||||5|21|0","37.217","-",68,"CM_5_g01.gb#182$Tex\CM_5_g01.GTX$0$0$0"
77,1,"G42","Archer","Helmet","DooSukLinGap Armor Hood",1,"||||||||||||4|23|0","67.668","-",67,"CM_5_h01.gb#182$Tex\CM_5_h01_1.GTX$0$0$0"
78,1,"G42","Archer","Shorts","DooSukLinGap Shorts",1,"||||||||||||25|14|0","38.368","-",70,"CM_5_p01.gb#200$Tex\CM_5_p01.GTX#Tex\CM_5_p01_1.GTX$0#1$0$0"
79,0,"G42","Knight","All","GangChulGap Armor",1,"||||||||||||50|138|7","374.830","ita_k05",,"CW_0_f01.gb#182$Tex\CW_0_f01.GTX$0$0$0"
80,1,"G42","Knight","Armor","GangChulGap Armor",1,"||||||||||||6|35|4","148.872","-",21,"CW_5_a01.gb#236$Tex\CW_5_a01.GTX#Tex\CW_5_a01_1.GTX$0#1#0#0$0$0"
81,1,"G42","Knight","Boots","GangChulGap Armor Boots",1,"||||||||||||17|23|2","82.705","-",24,"CW_5_s01.gb#200$Tex\CW_5_s01.GTX$0#0$0$0"
82,1,"G42","Knight","Gloves","GangChulGap Armor Gloves",1,"||||||||||||4|29|0","37.217","-",23,"CW_5_g01.gb#182$Tex\CW_5_g01.GTX$0$0$0"
83,1,"G42","Knight","Helmet","GangChulGap Armor Helmet",1,"||||||||||||7|29|1","67.668","-",22,"CW_5_h01.gb#200$Tex\CW_5_h01.GTX$0#0$0$0"
84,1,"G42","Knight","Shorts","GangChulGap Armor Shorts",1,"||||||||||||16|22|0","38.368","-",25,"CW_5_p01.gb#200$Tex\CW_5_p01.GTX$0#0$0$0"
85,0,"G42","Magician","All","MyungJoo DaeChangEau",1,"||||||||||||60|80|0|15|15|15|5|5","374.830","ita_m05",,"CR_0_f01.gb#182$Tex\CR_0_f01.GTX$0$0$0"
86,1,"G42","Magician","Armor","MyungJoo DaeChangEau Clothes",1,"||||||||||||8|21|0|5|5|5|2|2","148.872","-",111,"CR_5_a01.gb#218$Tex\CR_5_a01.GTX$0#0#0$0$0"
87,1,"G42","Magician","Boots","MyungJoo DaeChangEau Boots",1,"||||||||||||18|16|0|2|2|2|1|1","82.705","-",114,"CR_5_s01.gb#182$Tex\CR_5_s01.GTX$0$0$0"
88,1,"G42","Magician","Gloves","MyungJoo DaeChangEau Gloves",1,"||||||||||||7|15|0|3|3|3|1|1","37.217","-",113,"CR_5_g01.gb#182$Tex\CR_5_g01.GTX$0$0$0"
89,1,"G42","Magician","Helmet","MyungJoo DaeChangEau Hair Decoration",1,"||||||||||||7|17|0|4|4|4|1|1","67.668","-",112,"CR_5_h01.gb#182$Tex\CR_5_h01.GTX$0$0$0"
90,1,"G42","Magician","Shorts","MyungJoo DaeChangEau Shorts",1,"||||||||||||20|11|0|1|1|1|0|0","38.368","-",115,"CR_5_p01.gb#182$Tex\CR_5_p01.GTX$0$0$0"
91,0,"G46","Archer","All","SinGak DooSukLin Armor",35,"||||||||||||75|125|5","695.600","ita_a06",,"CM_0_f01.gb#182$Tex\CM_0_f01.GTX$0$0$0"
92,1,"G46","Archer","Armor","SinGak DooSukLin Armor",43,"||||||||||||13|37|2","210.800","-",71,"CM_6_a01.gb#182$Tex\CM_6_a01.GTX$0$0$0"
93,1,"G46","Archer","Boots","SinGak DooSukLin Boots",37,"||||||||||||22|24|1","102.400","-",74,"CM_6_s01.gb#200$Tex\CM_6_s01.GTX$0#0$0$0"
94,1,"G46","Archer","Gloves","SinGak DooSukLin Gloves",35,"||||||||||||7|23|0","87.200","-",73,"CM_6_g01.gb#182$Tex\CM_6_g01.GTX$0$0$0"
95,1,"G46","Archer","Helmet","SinGak DooSukLin Hood",39,"||||||||||||8|25|1","117.200","-",72,"CM_6_h01.gb#218$Tex\CM_6_h01.GTX#Tex\CM_6_h01_1.GTX$0#1#0$0$0"
96,1,"G46","Archer","Shorts","SinGak DooSukLin Shorts",41,"||||||||||||25|16|1","178.000","-",75,"CM_6_p01.gb#200$Tex\CM_6_p01.GTX$0#0$0$0"
97,0,"G46","Knight","All","Intensified Steel Armor",35,"||||||||||||60|155|10","695.600","ita_k06",,"CW_0_f01.gb#182$Tex\CW_0_f01.GTX$0$0$0"
131,1,"G55","Archer","Helmet","Hood of Doggebi",53,"|2|||||||||||12|35|2","0","-",82,"CM_8_h01.gb#182$Tex\CM_8_h01.GTX$0$0$0"
132,1,"G55","Archer","Shorts","Shorts of Doggebi",54,"|2|||||||||||39|22|2","0","-",85,"CM_8_p01.gb#200$Tex\CM_8_p01.GTX$0#0$0$0"
133,0,"G55","Knight","All","Scaled Armor of Doggebi",51,"6|7|||2||||||||80|222|17","0","ita_k08",,"CW_0_f01.gb#182$Tex\CW_0_f01.GTX$0$0$0"
134,1,"G55","Knight","Armor","Scaled Armor of Doggebi",55,"4|3|||||||||||19|52|6","0","-",36,"CW_8_a01.gb#236$Tex\CW_8_a01.GTX#Tex\CW_8_a02.GTX#Tex\CW_8_a03.GTX#Tex\CW_8_a04.GTX$0#1#2#3$0$0"
135,1,"G55","Knight","Boots","Scaled Boots of Doggebi",52,"||||2||||||||21|37|2","0","-",39,"CW_8_s01.gb#182$Tex\CW_8_s01.GTX$0$0$0"
136,1,"G55","Knight","Gloves","Scaled Gloves of Doggebi",51,"2||||||||||||8|51|2","0","-",38,"CW_8_g01.gb#200$Tex\CW_8_g01.GTX$0#0$0$0"
137,1,"G55","Knight","Helmet","Scaled Helmet of Doggebi",53,"|2|||||||||||11|50|3","0","-",37,"CW_8_h01.gb#182$Tex\CW_8_h01.GTX$0$0$0"
138,1,"G55","Knight","Shorts","Scaled Shorts of Doggebi",54,"|2|||||||||||21|32|4","0","-",40,"CW_8_p01.gb#182$Tex\CW_8_p01.GTX$0$0$0"
139,0,"G55","Magician","All","DaeChangEau Armor of Doggebi",51,"|7|4|4|||||||||107|148|0|24|24|24|17|17","0","ita_m08",,"CR_0_f01.gb#182$Tex\CR_0_f01.GTX$0$0$0"
140,1,"G55","Magician","Armor","DaeChangEau Clothes of Doggebi",55,"|3|4||||||||||27|35|0|7|7|7|4|4","0","-",126,"CR_8_a01.gb#272$Tex\CR_8_a01.GTX$0#0#0#0#0#0$0$0"
141,1,"G55","Magician","Boots","DaeChangEau Boots of Doggebi",52,"|||2|||||||||24|32|0|3|3|3|4|4","0","-",129,"CR_8_s01.gb#182$Tex\CR_8_s01.GTX$0$0$0"
142,1,"G55","Magician","Gloves","DaeChangEau Gloves of Doggebi",51,"|||2|||||||||12|28|0|5|5|5|3|3","0","-",128,"CR_8_g01.gb#200$Tex\CR_8_g01.GTX$0#0$0$0"
143,1,"G55","Magician","Helmet","DaeChangEau Hair Decoration of Doggebi",53,"|2|||||||||||14|28|0|6|6|6|3|3","0","-",127,"CR_8_h01.gb#200$Tex\CR_8_h01.GTX$0#0$0$0"
144,1,"G55","Magician","Shorts","DaeChangEau Shorts of Doggebi",54,"|2|||||||||||30|25|0|3|3|3|3|3","0","-",130,"CR_8_p01.gb#182$Tex\CR_8_p01.GTX$0$0$0"
145,0,"G65","Archer","All","Blood Dragon Armor",65,"10|8|||12|||||||3|158|219|24","0","ita_a10",,"CM_0_f01.gb#182$Tex\CM_0_f01.GTX$0$0$0"
146,1,"G65","Archer","Armor","Blood Dragon Armor",65,"3|3|||6|||||||1|30|68|7|1|0|1|0|1","0","-",159,"CM_12_a01.gb#254$Tex\CM_12_a01.GTX#Tex\CM_12_a02.GTX#Tex\CM_12_h02.GTX$0#0#0#1#2$0$1"
147,1,"G65","Archer","Boots","Blood Dragon Boots",62,"1|1|||2||||||||44|38|3","0","-",162,"CM_12_s01.gb#200$Tex\CM_12_s01.GTX#Tex\CM_12_h02.GTX$1#0$0$1"
148,1,"G65","Archer","Gloves","Blood Dragon Gloves",61,"3||||1||||||||15|40|4","0","-",161,"CM_12_g01.gb#200$Tex\CM_12_g01.GTX#Tex\CM_12_h02.GTX$0#1$0$1"
149,1,"G65","Archer","Helmet","Blood Dragon Hood",63,"2|2|||||||||||16|42|4","0","-",160,"CM_12_h01.gb#200$Tex\CM_12_h01.GTX#Tex\CM_12_h02.GTX$0#1$0$1"
150,1,"G65","Archer","Shorts","Blood Dragon Shorts",64,"1|2|||3|||||||2|53|31|6|1|0|1|0|1","0","-",163,"CM_12_p01.gb#218$Tex\CM_12_p01.GTX#Tex\CM_12_p02.GTX#Tex\CM_12_a01.GTX$0#1#2$0$1"
151,0,"G65","Knight","All","Blood Dragon Scaled Armor",65,"17|3|||10||||||||125|317|31","0","ita_k10",,"CW_0_f01.gb#182$Tex\CW_0_f01.GTX$0$0$0"
152,1,"G65","Knight","Armor","Blood Dragon Scaled Armor",65,"9||||3|||||||3|31|70|9|1|1|0|1|0","0","-",164,"CW_12_a01.gb#200$Tex\CW_12_a01.GTX$0#0$0$1"
153,1,"G65","Knight","Boots","Blood Dragon Scaled Boots",62,"|1|||3||||||||30|53|5","0","-",167,"CW_12_s01.gb#182$Tex\CW_12_s01.GTX$0$0$1"
154,1,"G65","Knight","Gloves","Blood Dragon Scaled Gloves",61,"3||||1||||||||12|66|4","0","-",166,"CW_12_g01.gb#200$Tex\CW_12_g01.GTX$0#0$0$1"
155,1,"G65","Knight","Helmet","Blood Dragon Scaled Helmet",63,"1|2|||1||||||||15|65|5","0","-",165,"CW_12_h01.gb#200$Tex\CW_12_h01.GTX#Tex\CW_12_h02.GTX$0#1$0$1"
156,1,"G65","Knight","Shorts","Blood Dragon Scaled Shorts",64,"4||||2|||||||2|38|67|8|1|1|0|1|0","0","-",168,"CW_12_p01.gb#182$Tex\CW_12_p01.GTX$0$0$1"
157,0,"G65","Magician","All","Blood Dragon DeaChangEau",65,"|4|22|8|||||||||143|194|7|34|34|34|29|29","0","ita_m10",,"CR_0_f01.gb#182$Tex\CR_0_f01.GTX$0$0$0"
158,1,"G65","Magician","Armor","Blood Dragon DeaChangEau Clothes",65,"|1|13|2|||||||||37|47|2|9|9|9|9|9","0","-",169,"CR_12_a01.gb#236$Tex\CR_12_a01.GTX#Tex\CR_12_a02.GTX#Tex\CR_12_h03.GTX$0#0#1#2$0$1"
159,1,"G65","Magician","Boots","Blood Dragon DeaChangEau Boots",62,"||2|2|||||||||30|41|1|5|5|5|6|6","0","-",172,"CR_12_s01.gb#182$Tex\CR_12_s01.GTX$0$0$1"
160,1,"G65","Magician","Gloves","Blood Dragon DeaChangEau Gloves",61,"||2|2|||||||||17|36|1|7|7|7|5|5","0","-",171,"CR_12_g01.gb#182$Tex\CR_12_g01.GTX$0$0$1"
161,1,"G65","Magician","Helmet","Blood Dragon DeaChangEau Decoration",63,"|2|2||||||||||18|35|1|8|8|8|5|5","0","-",170,"CR_12_h01.gb#236$Tex\CR_12_h01.GTX#Tex\CR_12_h02.GTX#Tex\CR_12_h03.GTX$0#0#1#2$0$1"
162,1,"G65","Magician","Shorts","Blood Dragon DeaChangEau Shorts",64,"|1|7|2|||||||||41|35|2|5|5|5|5|5","0","-",173,"CR_12_p01.gb#182$Tex\CR_12_p01.GTX$0$0$1"
163,2,"G10","Knight","Shield","Small Iron Shield",1,"||||||||||||2|0|0","80","31",136,"PS_B1_01.gb#182$Tex\PS_B1_01.GTX$0$0$0"
164,2,"G23","Knight","Shield","Mid-Iron Shield",1,"||||||||||||4|0|0","520","32",137,"PS_B2_01.gb#182$Tex\PS_B2_01.GTX$0$0$0"
165,2,"G40","Knight","Shield","Mid-Steel Shield",1,"||||||||||||6|0|0","3.200","33",138,"PS_B3_01.gb#182$Tex\PS_B3_01.GTX$0$0$0"
166,2,"G44","Knight","Shield","Large Iron Shield",40,"||||||||||||8|12|0","0","34",139,"PS_B4_01.gb#182$Tex\PS_B4_01.GTX$0$0$0"
167,2,"G48","Knight","Shield","Ghost Shaped Iron Shield",45,"||||||||||||8|16|1","0","35",140,"PS_B4_02.gb#182$Tex\PS_B4_02.GTX$0$0$0"
168,2,"G52","Knight","Shield","Iron Shield With Gong",50,"||||||||||||8|20|1","0","36",141,"PS_B4_03.gb#182$Tex\PS_B4_03.GTX$0$0$0"
169,2,"G60","Knight","Shield","Golden Shield",60,"||||||||||||10|34|2","0","142",142,"PS_B5_02.gb#200$Tex\PS_B5_02.GTX#Tex\PS_B5_021.GTX$0#1$0$0"
170,3,"G62","Archer","Bow","Golden Bow",60,"1|2|||7|400||280|360|||81","0","145",138,"PB_S12_01.gb#200$Tex\PB_S12_01.GTX$0#0$0$0"
171,3,"G62","Magician","Stick","Golden Stick",60,"||7|3||250|150|190|190|350|420|72","0","146",139,"PG_S12_01.gb#200$Tex\PG_S12_01.GTX$0#0$0$0"
172,3,"G62","Knight","Sw.1H","Golden Sword",60,"5|4|||1|450||300|370|||83","0","143",136,"PS_S17_01.gb#200$Tex\PS_S17_01.GTX$0$0$0"
173,3,"G62","Knight","Sw.2H","Golden Giant Sword",60,"7|3||||400||560|620|||82","0","144",137,"PS_S18_01.gb#200$Tex\PS_S18_01.GTX$0$0$0"
174,3,"G01","Knight","Sw.1H","Short Iron Sword",1,"|||||||3|10|||15","4","69",1,"PS_S1_01.gb#200$Tex\PS_S1_01.GTX$0#0$0$0"
175,3,"G05","Knight","Sw.1H","Short Steel Sword",1,"|||||||16|24|||18","180","70",2,"PS_S2_01.gb#200$Tex\PS_S2_01.GTX$0#0$0$0"
176,3,"G09","Knight","Sw.1H","Small Steel Sword",1,"|||||||25|37|||21","1.650","71",3,"PS_S2_02.gb#200$Tex\PS_S2_02.GTX$0#0$0$0"
177,3,"G13","Knight","Sw.1H","Iron Sword",1,"|||||||34|49|||25","3.120","72",4,"PS_S3_01.gb#200$Tex\PS_S3_01.GTX$0#0$0$0"
178,3,"G17","Knight","Sw.1H","Iron Red-Blood Sword",1,"|||||||45|65|||29","6.973","73",5,"PS_S3_02.gb#200$Tex\PS_S3_02.GTX$0#0$0$0"
179,3,"G21","Knight","Sw.1H","Steel Sword",1,"|||||||51|75|||33","10.826","74",6,"PS_S3_03.gb#200$Tex\PS_S3_03.GTX$0#0$0$0"
180,3,"G25","Knight","Sw.1H","Big Steel Sword",1,"|||||||55|80|||38","14.680","75",7,"PS_S4_01.gb#200$Tex\PS_S4_01.GTX$0#0$0$0"
181,3,"G29","Knight","Sw.1H","Red Big Steel Sword",1,"|||||||63|94|||43","27.120","76",8,"PS_S4_02.gb#200$Tex\PS_S4_02.GTX$0#0$0$0"
182,3,"G33","Knight","Sw.1H","Big Steel Sword with Pattern of Leaf",1,"|||||||92|96|||48","39.560","77",9,"PS_S4_03.gb#200$Tex\PS_S4_03.GTX$0#0$0$0"
183,3,"G37","Knight","Sw.1H","HwanDoo Big Sword",1,"|||||||79|117|||54","51.320","78",10,"PS_S5_01.gb#200$Tex\PS_S5_01.GTX$0#0$0$0"
184,3,"G40","Knight","Sw.1H","Red HwanDoo Big Sword",1,"|||||||74|184|||55","0","79",13,"PS_S5_02.gb#200$Tex\PS_S5_02.GTX$0#0$0$0"
185,3,"G40","Knight","Sw.1H","White HwanDoo Big Sword",1,"|||||||98|139|||67","0","80",11,"PS_S5_03.gb#200$Tex\PS_S5_03.GTX$0#0$0$0"
186,3,"G40","Knight","Sw.1H","HwanDoo SaeHyung Big Sword",1,"|||||||104|146|||60","159.092","81",12,"PS_S6_01.gb#200$Tex\PS_S6_01.GTX$0#0$0$0"
187,3,"G45","Knight","Sw.1H","Maegak Hwandoo Saehyung Big Sword",40,"|1||||150||122|152|||62","0","82",14,"PS_S6_02.gb#200$Tex\PS_S6_02.GTX$0#0$0$0"
188,3,"G45","Knight","Sw.1H","Hwandoo Saehyung Big Sword with PoL",40,"||||1|100|50|80|204|||68","0","83",15,"PS_S6_03.gb#182$Tex\PS_S6_03.GTX$0$0$0"
189,3,"G48","Knight","Sw.1H","Savage Tribes Treasure Sword",45,"1|1||||200||113|195|||68","0","84",16,"PS_S15_01.gb#200$Tex\PS_S15_01.GTX$0#0$0$0"
190,3,"G48","Knight","Sw.1H","Savage Tribes Tiger Teeth Sword",45,"2|||||150||121|203|||64","0","85",17,"PS_S15_02.gb#200$Tex\PS_S15_02.GTX$0#0$0$0"
191,3,"G48","Knight","Sw.1H","Savage Tribes Truth Sword",45,"1||||1|100|50|106|188|||72","0","86",18,"PS_S15_03.gb#200$Tex\PS_S15_03.GTX$0#0$0$0"
192,3,"G50","Knight","Sw.1H","Golden Treasure Sword",50,"1|2||||200||147|187|||72","0","87",19,"PS_S7_01.gb#200$Tex\PS_S7_01.GTX$0#0$0$0"
193,3,"G50","Knight","Sw.1H","Butterfly-Shaped Treasure Sword",50,"3|||||150||163|203|||68","0","88",20,"PS_S7_02.gb#182$Tex\PS_S7_02.GTX$0$0$0"
194,3,"G50","Knight","Sw.1H","Black Golden Treasure Sword",50,"1|2|||1|100|50|132|172|||76","0","89",21,"PS_S7_03.gb#182$Tex\PS_S7_03.GTX$0$0$0"
195,3,"G50","Knight","Sw.2H","Giant Sword",50,"3|||||150||360|440|||72","0","90",22,"PS_S8_01.gb#200$Tex\PS_S8_01.GTX$0#0$0$0"
196,3,"G50","Knight","Sw.2H","Revengeful Sword",50,"4|||||100||390|470|||66","0","91",23,"PS_S8_02.gb#200$Tex\PS_S8_02.GTX$0#0$0$0"
197,3,"G50","Knight","Sw.2H","Butterfly-Shaped Giant Sword",50,"2|||||100||330|410|||74","0","92",24,"PS_S8_03.gb#200$Tex\PS_S8_03.GTX$0#0$0$0"
198,3,"G53","Knight","Sw.1H","Diamond Treasure Sword",53,"1|2|||1|200||167|207|||74","0","93",25,"PS_S9_01.gb#200$Tex\PS_S9_01.GTX$0#0$0$0"
199,3,"G53","Knight","Sw.1H","Diamond Sword of Pain",53,"4|||||150||182|222|||70","0","95",26,"PS_S9_02.gb#200$Tex\PS_S9_02.GTX$0#0$0$0"
200,3,"G53","Knight","Sw.1H","Diamond Sword of Phantom",53,"1|2||1|1|100||152|192|||78","0","96",27,"PS_S9_03.gb#182$Tex\PS_S9_03.GTX$0$0$0"
201,3,"G53","Knight","Sw.2H","Diamond Giant Sword",53,"3||||1|150||400|480|||74","0","94",28,"PS_S10_01.gb#182$Tex\PS_S10_01.GTX$0$0$0"
202,3,"G53","Knight","Sw.2H","Diamond Giant Sword of Pain",53,"5|||||100||440|520|||68","0","97",29,"PS_S10_02.gb#200$Tex\PS_S10_02.GTX$0#0$0$0"
203,3,"G53","Knight","Sw.2H","Diamond Giant Sword of Phantom",53,"2|||1|1|100|50|370|450|||76","0","98",30,"PS_S10_03.gb#182$Tex\PS_S10_03.GTX$0$0$0"
204,3,"G56","Knight","Sw.1H","Ancient Treasure Sword",56,"2|2|||1|250||187|227|||76","0","99",31,"PS_S13_01.gb#200$Tex\PS_S13_01.GTX$0#0$0$0"
205,3,"G56","Knight","Sw.1H","Generals Treasure Sword",56,"4|1||||200||202|242|||73","0","100",32,"PS_S13_02.gb#200$Tex\PS_S13_02.GTX$0#0$0$0"
206,3,"G56","Knight","Sw.1H","Ancient Dynastys Treasure Sword",56,"1|2||1|2|150|50|172|212|||79","0","101",33,"PS_S13_03.gb#200$Tex\PS_S13_03.GTX$0#0$0$0"
207,3,"G56","Knight","Sw.2H","Ancient Giant Sword",56,"4||||1|200||430|490|||76","0","102",34,"PS_S14_01.gb#200$Tex\PS_S14_01.GTX$0#0$0$0"
208,3,"G56","Knight","Sw.2H","Generals Giant Sword",56,"6|||||150||470|530|||71","0","103",35,"PS_S14_02.gb#200$Tex\PS_S14_02.GTX$0#0$0$0"
209,3,"G56","Knight","Sw.2H","Ancient Dynastys Giant Sword",56,"3|||1|1|150|50|410|470|||77","0","104",36,"PS_S14_03.gb#200$Tex\PS_S14_03.GTX$0#0$0$0"
210,3,"G59","Knight","Sw.1H","Treasure Sword of Doggebi",59,"4|3|||1|350||220|275|||79","0","105",37,"PS_S11_01.gb#182$Tex\PS_S11_01.GTX$0$0$0"
211,3,"G59","Knight","Sw.1H","Treasure Sword of High Class Doggebi",59,"6|2||||300||245|300|||76","0","106",38,"PS_S11_03.gb#182$Tex\PS_S11_03.GTX$0$0$0"
212,3,"G59","Knight","Sw.1H","Treasure Sword of Doggebi Lord",59,"2|4||1|2|250|150|210|260|||82","0","107",39,"PS_S11_02.gb#182$Tex\PS_S11_02.GTX$0$0$0"
213,3,"G59","Knight","Sw.2H","Giant Sword of Doggebi",59,"6|2||||300||440|530|||79","0","108",40,"PS_S12_01.gb#182$Tex\PS_S12_01.GTX$0$0$0"
214,3,"G59","Knight","Sw.2H","Giant Sword of High Class Doggebi",59,"8|||||250||490|570|||74","0","109",41,"PS_S12_02.gb#182$Tex\PS_S12_02.GTX$0$0$0"
215,3,"G59","Knight","Sw.2H","Giant Sword of Doggebi Lord",59,"4|3||1|1|200|100|420|510|||80","0","110",42,"PS_S12_03.gb#200$Tex\PS_S12_03.GTX$0#0$0$0"
216,3,"G01","Archer","Bow","Birch Bow",1,"|||||||2|7|||12","4","0",45,"PB_S1_01.gb#182$Tex\PB_S1_01.GTX$0$0$0"
217,3,"G05","Archer","Bow","Oak Bow",1,"|||||||14|22|||17","180","1",46,"PB_S2_01.gb#182$Tex\PB_S2_01.GTX$0$0$0"
218,3,"G09","Archer","Bow","Big Oak Bow",1,"|||||||20|31|||19","1650","2",47,"PB_S2_02.gb#182$Tex\PB_S2_02.GTX$0$0$0"
219,3,"G13","Archer","Bow","YeonGak Bow",1,"|||||||26|40|||24","3.120","3",48,"PB_S3_01.gb#182$Tex\PB_S3_01.GTX$0$0$0"
220,3,"G17","Archer","Bow","YeonHwang Bow",1,"|||||||35|51|||28","6.973","4",49,"PB_S3_02.gb#182$Tex\PB_S3_02.GTX$0$0$0"
221,3,"G21","Archer","Bow","SooWoo YeonGak Bow",1,"|||||||41|59|||32","10.826","5",50,"PB_S3_03.gb#182$Tex\PB_S3_03.GTX$0$0$0"
222,3,"G25","Archer","Bow","GangGak Bow",1,"|||||||43|64|||36","14.680","6",51,"PB_S4_01.gb#182$Tex\PB_S4_01.GTX$0$0$0"
223,3,"G29","Archer","Bow","SooWoo GangGak Bow",1,"|||||||51|74|||40","27.120","7",52,"PB_S4_02.gb#182$Tex\PB_S4_02.GTX$0$0$0"
224,3,"G33","Archer","Bow","TaeWoon GangGak Bow",1,"|||||||60|83|||44","39.560","8",53,"PB_S4_03.gb#182$Tex\PB_S4_03.GTX$0$0$0"
225,3,"G37","Archer","Bow","HoMeeGak Bow",1,"|||||||65|93|||49","51.320","9",54,"PB_S5_01.gb#200$Tex\PB_S5_01.GTX$0#0$0$0"
226,3,"G40","Archer","Bow","Yellow Tiger Pattern Gak Bow",1,"|||||||58|151|||50","159.092","10",55,"PB_S5_02.gb#218$Tex\PB_S5_02.GTX$0#0#0$0$0"
227,3,"G40","Archer","Bow","Red Tiger Pattern Gak Bow",1,"|||||||76|109|||62","0","11",56,"PB_S5_03.gb#218$Tex\PB_S5_03.GTX$0#0#0$0$0"
228,3,"G40","Archer","Bow","ChulTae Bow",1,"|||||||85|118|||54","0","12",57,"PB_S6_01.gb#200$Tex\PB_S6_01.GTX$0#0$0$0"
229,3,"G45","Archer","Bow","Baek Dae Steel Bow",40,"|1||||150||100|128|||60","0","13",59,"PB_S6_02.gb#200$Tex\PB_S6_02.GTX$0#0$0$0"
230,3,"G45","Archer","Bow","Yeon Lin Steel Bow",40,"||||1|100|50|72|182|||65","0","14",58,"PB_S6_03.gb#200$Tex\PB_S6_03.GTX$0#0$0$0"
231,3,"G48","Archer","Bow","Savage Tribes ChulTae Bow",45,"||||2|150||92|182|||68","0","15",60,"PB_S11_01.gb#200$Tex\PB_S11_01_1.GTX#Tex\PB_S11_01_2.GTX$0#1$0$0"
232,3,"G48","Archer","Bow","Savage Tribes Blue ChulTae Bow",45,"||||2|100|50|107|197|||66","0","16",61,"PB_S11_02.gb#200$Tex\PB_S11_02_1.GTX#Tex\PB_S11_02_2.GTX$0#1$0$0"
233,3,"G48","Archer","Bow","Savage Tribes Red ChulTae Bow",45,"||||2|100||77|167|||70","0","17",62,"PB_S11_03.gb#200$Tex\PB_S11_03_1.GTX#Tex\PB_S11_03_2.GTX$0#1$0$0"
234,3,"G50","Archer","Bow","Steel Bow",50,"||||3|150||112|182|||70","0","18",63,"PB_S7_01.gb#200$Tex\PB_S7_01.GTX$0#0$0$0"
235,3,"G50","Archer","Bow","Steel Bow with Crows Feather",50,"||||3|100|50|127|197|||68","0","19",64,"PB_S7_02.gb#218$Tex\PB_S7_02.GTX$0#0#0$0$0"
236,3,"G50","Archer","Bow","Steel Bow with Golden Crows Feather",50,"1||||3|100||97|167|||72","0","20",65,"PB_S7_03.gb#182$Tex\PB_S7_03.GTX$0$0$0"
237,3,"G53","Archer","Bow","Diamond Bow",53,"1||||3|150||132|202|||72","0","21",66,"PB_S8_01.gb#200$Tex\PB_S8_01.GTX$0#0$0$0"
238,3,"G53","Archer","Bow","Diamond Bow of Pain",53,"||||4|100|50|147|217|||70","0","22",67,"PB_S8_02.gb#200$Tex\PB_S8_02.GTX$0#0$0$0"
239,3,"G53","Archer","Bow","Diamond Bow of Phantom",53,"2||||3|100||117|187|||74","0","23",68,"PB_S8_03.gb#200$Tex\PB_S8_03.GTX$0#0$0$0"
240,3,"G56","Archer","Bow","Ancient Tribal Macs Bow",56,"1||||4|200||151|217|||74","0","24",69,"PB_S10_01.gb#218$Tex\PB_S10_01_1.GTX#Tex\PB_S10_01_2.GTX$0#1#1$0$0"
241,3,"G56","Archer","Bow","General of Ancient Tribal Macs Bow",56,"1||||4|150|50|172|232|||72","0","25",70,"PB_S10_02.gb#200$Tex\PB_S10_02.GTX$0#0$0$0"
242,3,"G56","Archer","Bow","Ancient Dynasty of Tribal Macs Bow",56,"||||5|150||142|202|||76","0","26",71,"PB_S10_03.gb#218$Tex\PB_S10_03_1.GTX#Tex\PB_S10_03_2.GTX$0#1#1$0$0"
243,3,"G59","Archer","Bow","Bow of Doggebi",59,"1|1|||6|300||200|250|||77","0","27",72,"PB_S9_01.gb#200$Tex\PB_S9_01.GTX$0#0$0$0"
244,3,"G59","Archer","Bow","Bow of High Class Doggebi",59,"4||||4|250||225|275|||75","0","28",73,"PB_S9_02.gb#200$Tex\PB_S9_02.GTX$0#0$0$0"
245,3,"G59","Archer","Bow","Bow of Doggebi Lord",59,"|1||2|5|200|100|190|240|||79","0","29",74,"PB_S9_03.gb#200$Tex\PB_S9_03.GTX$0#0$0$0"
246,3,"G01","Magician","Stick","Bamboo Stick",1,"|||||||1|8|2|12|12","4","38",76,"PG_S1_01.gb#182$Tex\PG_S1_01.GTX$0$0$0"
247,3,"G05","Magician","Stick","Oak Stick",1,"|||||||7|14|10|20|16","180","39",77,"PG_S2_01.gb#182$Tex\PG_S2_01.GTX$0$0$0"
248,3,"G09","Magician","Stick","Oak Petal Stick",1,"|||||||13|20|19|31|20","1650","40",78,"PG_S2_02.gb#182$Tex\PG_S2_02.GTX$0$0$0"
249,3,"G13","Magician","Stick","Iron Stick",1,"|||||||20|27|28|42|21","3.120","41",79,"PG_S3_01.gb#182$Tex\PG_S3_01.GTX$0$0$0"
250,3,"G17","Magician","Stick","Iron JuckMo Stick",1,"|||||||25|32|40|56|26","6.973","42",80,"PG_S3_02.gb#200$Tex\PG_S3_02.GTX$0#0$0$0"
251,3,"G21","Magician","Stick","BangChooHyung Iron Stick",1,"|||||||33|40|52|68|30","10.826","43",81,"PG_S3_03.gb#200$Tex\PG_S3_03.GTX$0#0$0$0"
252,3,"G25","Magician","Stick","HwanDoo Stick",1,"|||||||37|44|58|78|35","14.680","44",82,"PG_S4_01.gb#182$Tex\PG_S4_01.GTX$0$0$0"
253,3,"G29","Magician","Stick","YeongHwaHwanDoo Stick",1,"|||||||44|51|70|92|39","27.120","45",83,"PG_S4_02.gb#200$Tex\PG_S4_02.GTX$0#0$0$0"
254,3,"G33","Magician","Stick","HwanRaeHwanDoo Stick",1,"|||||||52|59|70|92|43","39.560","46",84,"PG_S4_03.gb#200$Tex\PG_S4_03.GTX$0#0$0$0"
255,3,"G37","Magician","Stick","SaeGum Chairpersons Stick",1,"|||||||60|67|91|117|46","51.320","47",85,"PG_S5_01.gb#200$Tex\PG_S5_01.GTX$0#0$0$0"
256,3,"G40","Magician","Stick","Sae Dan Chairpersons Stick",1,"||3||3|||26|43|82|191|42","0","48",86,"PG_S5_02.gb#200$Tex\PG_S5_02.GTX$0#0$0$0"
257,3,"G40","Magician","Stick","Sae Hak Chairpersons Stick",1,"|||5|2||150|95|117|84|93|72","0","49",87,"PG_S5_03.gb#200$Tex\PG_S5_03.GTX$0#0$0$0"
258,3,"G40","Magician","Stick","JoongBang Chairpersons Stick",1,"|||||||78|85|117|146|50","159.092","50",88,"PG_S6_01.gb#218$Tex\PG_S6_01.GTX$0#0#0$0$0"
259,3,"G45","Magician","Stick","Joong Bang Chairpersons WhiteStick",40,"|2||||150||78|89|121|156|57","0","51",89,"PG_S6_02.gb#236$Tex\PG_S6_02.GTX$0#0#0#0$0$0"
260,3,"G45","Magician","Stick","Joong Bang Chairpersons Single Stick",40,"||2|||100|50|75|92|93|225|54","0","52",90,"PG_S6_03.gb#218$Tex\PG_S6_03.GTX$0#0#0$0$0"
261,3,"G48","Magician","Stick","Savage Tribes Religious Stick",45,"||2|||150||92|105|114|225|57","0","53",91,"PG_S11_01.gb#218$Tex\PG_S11_01.GTX$0#0#0$0$0"
262,3,"G48","Magician","Stick","Savage Tribes Big Stick",45,"|||6|2||200|93|110|99|195|61","0","54",92,"PG_S11_02.gb#218$Tex\PG_S11_02.GTX$0#0#0$0$0"
263,3,"G48","Magician","Stick","Savage Tribes Grand Stick",45,"||2||||150|81|102|106|240|57","0","55",93,"PG_S11_03.gb#218$Tex\PG_S11_03.GTX$0#0#0$0$0"
264,3,"G50","Magician","Stick","Stick with Black Crows Feather",50,"||3|||150||109|119|135|225|60","0","56",94,"PG_S7_01.gb#200$Tex\PG_S7_01.GTX$0#0$0$0"
265,3,"G50","Magician","Stick","Line Pattern Stick with Black Crows Feather",50,"|||7|2||200|111|129|105|195|64","0","57",95,"PG_S7_02.gb#200$Tex\PG_S7_02.GTX$0#0$0$0"
266,3,"G50","Magician","Stick","Stick with Blue Crows Feather",50,"||3||||150|88|112|120|240|60","0","58",96,"PG_S7_03.gb#200$Tex\PG_S7_03.GTX$0#0$0$0"
267,3,"G53","Magician","Stick","Diamond Stick",53,"||3|1||150||119|129|155|245|64","0","59",97,"PG_S8_01.gb#200$Tex\PG_S8_01.GTX$0#0$0$0"
268,3,"G53","Magician","Stick","Diamond Stick of Pain",53,"||4||||200|131|141|170|260|62","0","60",98,"PG_S8_02.gb#200$Tex\PG_S8_02.GTX$0#0$0$0"
269,3,"G53","Magician","Stick","Diamond Stick of Phantom",53,"|||8|3||150|105|115|120|200|66","0","61",99,"PG_S8_03.gb#200$Tex\PG_S8_03.GTX$0#0$0$0"
270,3,"G56","Magician","Stick","Ancient Stick",56,"||4|1||200||135|145|200|280|66","0","62",100,"PG_S10_01.gb#218$Tex\PG_S10_01.GTX$0#0#0$0$0"
271,3,"G56","Magician","Stick","Generals Stick",56,"||5||||250|150|160|220|300|64","0","63",101,"PG_S10_02.gb#218$Tex\PG_S10_02.GTX$0#0#0$0$0"
272,3,"G56","Magician","Stick","Ancient Dynastys Stick",56,"|||9|4||200|120|130|160|240|68","0","64",102,"PG_S10_03.gb#218$Tex\PG_S10_03.GTX$0#0#0$0$0"
273,3,"G59","Magician","Stick","Stick of Doggebi",59,"||6|2||150|100|151|161|270|360|69","0","65",103,"PG_S9_01.gb#200$Tex\PG_S9_01.GTX$0#0$0$0"
274,3,"G59","Magician","Stick","Stick of High Class Doggebi",59,"||8||||300|169|179|290|380|67","0","66",104,"PG_S9_02.gb#200$Tex\PG_S9_02.GTX$0#0$0$0"
275,3,"G59","Magician","Stick","Stick of Doggebi Lord",59,"|||12|4||350|135|145|230|320|81","0","67",105,"PG_S9_03.gb#200$Tex\PG_S9_03.GTX$0#0$0$0"
276,4,,,"Geons","Geons",0,,"1",,,"$0"
277,4,,,"Blood","Demons Blood",0,,"20",,,"$0"
278,4,,,"Medicine","Small Medicine",0,,"70",,,"$0"
279,4,,,"Medicine","Medium Medicine",0,,"160",,,"$0"
281,5,"G08",,"Meal","Small Potato",0,"It recovers 420 of your health after 30 seconds.",,,,"$0"
282,5,"G12",,"Meal","Potato",0,"It recovers 420 of your health after 30 seconds.",,,,"$0"
283,5,"G16",,"Meal","Big Potato",0,"It recovers 420 of your health after 30 seconds.",,,,"$0"
285,5,"G24",,"Meal","Small Sweet Potato",0,"It recovers 420 of your health after 30 seconds.",,,,"$0"
286,5,"G28",,"Meal","Sweet Potato",0,"It recovers 420 of your health after 30 seconds.",,,,"$0"
287,5,"G32",,"Meal","Big Sweet Potato",0,"It recovers 420 of your health after 30 seconds.",,,,"$0"
288,5,"G36",,"Meal","Cooked Sweet Potato",0,"It recovers 420 of your health after 30 seconds.",,,,"$0"
290,5,"G40",,"Meal","Piece of Meat",0,"It recovers 420 of your health after 30 seconds.",,,,"$0"
291,5,"G44",,"Meal","Chop of Meat",0,"It recovers 420 of your health after 30 seconds.",,,,"$0"
293,5,"G52",,"Meal","Cooked Chop of Meat",0,"It recovers 420 of your health after 30 seconds.",,,,"$0"
294,5,"G56",,"Meal","Pork Leg of Geum-Oh Mountain",0,"It recovers 420 of your health after 30 seconds.",,,,"$0"
295,5,"G60",,"Meal","Pork Rib of Geum-Oh Mountain",0,"It recovers 420 of your health after 30 seconds.",,,,"$0"
296,5,"G64",,"Meal","Tiger Meat of Geum-Oh Mountain",0,"It recovers 420 of your health after 30 seconds.",,,,"$0"
298,5,"G8",,"Water","Small Water of Geum-Oh Mountain",0,"It recovers 90 of your energy after 30 seconds.",,,,"$0"
299,5,"G12",,"Water","Medium Water of Geum-Oh Mountain",0,"It recovers 120 of your energy after 30 seconds.",,,,"$0"
300,5,"G16",,"Water","Large Water of Geum-Oh Mountain",0,"It recovers 180 of your energy after 30 seconds.",,,,"$0"
302,5,"G24",,"Water","Small Water of Geum-Oh Valley",0,"It recovers 330 of your energy after 30 seconds.",,,,"$0"
304,5,"G32",,"Water","Large Water of Geum-Oh Valley",0,"It recovers 510 of your energy after 30 seconds.",,,,"$0"
305,5,"G36",,"Water","Best Water of Geum-Oh Valley",0,"It recovers 630 of your energy after 30 seconds.",,,,"$0"
306,5,"G40",,"Water","Small Refining Water",0,"It recovers 750 of your energy after 30 seconds.",,,,"$0"
307,5,"G44",,"Water","Medium Refining Water",0,"It recovers 870 of your energy after 30 seconds.",,,,"$0"
308,5,"G48",,"Water","Large Refining Water",0,"It recovers 990 of your energy after 30 seconds.",,,,"$0"
309,5,"G52",,"Water","Best Refining Water",0,"It recovers 1170 of your energy after 30 seconds.",,,,"$0"
310,5,"G56",,"Water","Small Boiling Water",0,"It recovers 1350 of your energy after 30 seconds.",,,,"$0"
312,5,"G64",,"Water","Best Boiling Water",0,"It recovers 1770 of your energy after 30 seconds.",,,,"$0"
313,255,,,,,0,,,,,"$0"
314,6,,,"ToI P.Attack","""Heavy Blows"" / ""Extreme""",0,"51|56|58|14",,"5",,"$0"
315,6,,,"ToI M.Attack","""Fundamental"" / ""High Class""",0,"60|56|66|14",,"5",,"$0"
316,6,,,"ToI Strength","""Melees"" / ""Unlawful""",0,"6|24|2|37",,"5",,"$0"
317,6,,,"ToI Strength","""Bloody Fights"" / ""Unlawful""",0,"7|20|2|38",,"5",,"$0"
318,6,,,"ToI Intelligence","""Mystic"" / ""Sharp""",0,"26|24|22|37",,"5",,"$0"
320,6,,,"ToI Health","""Iron legs"" / ""Vigorous""",0,"16|24|12|37",,"5",,"$0"
321,6,,,"ToI Health","""Steels"" / ""Vigorous""",0,"17|20|12|38",,"5",,"$0"
322,6,,,"ToI Wisdom","""Predictive"" / ""Confirmatory""",0,"36|24|32|37",,"5",,"$0"
323,6,,,"ToI Wisdom","""Foreseeable"" / ""Confirmatory""",0,"37|20|32|38",,"5",,"$0"
324,6,,,"ToI Agility","""Rush"" / ""Reflective""",0,"46|24|42|37",,"5",,"$0"
325,6,,,"ToI Agility","""Fierce"" / ""Reflective""",0,"47|20|42|38",,"5",,"$0"
327,6,,,"ToI Health","""Limitable"" / ""Vigorous""",0,"18|16|12|39",,"5",,"$0"
328,6,,,"ToI Wisdom","""War Leaders"" / ""Confirmatory""",0,"38|16|32|39",,"5",,"$0"
329,6,,,"ToI Agility","""Flashy"" / ""Reflective""",0,"48|16|42|39",,"5",,"$0"
330,6,,,"ToI P.Attack","""Explosive"" / ""Destructive""",0,"53|46|59|17",,"5",,"$0"
331,6,,,"ToI M.Attack","""Mighty"" / ""Absoluteness""",0,"62|46|67|17",,"5",,"$0"
333,6,,,"ToI Intelligence","""Pure"" / ""Keen""",0,"29|12|23|35",,"5",,"$0"
334,6,,,"ToI Health","""Infinitely"" / ""Heroic""",0,"19|12|13|35",,"5",,"$0"
335,6,,,"ToI Wisdom","""Reverent"" / ""Celebrated""",0,"39|12|33|35",,"5",,"$0"
336,6,,,"ToI Agility","""Unlimited"" / ""Instant""",0,"49|12|43|35",,"5",,"$0"
338,6,,,"ToI Intelligence","""Absolute"" / ""Keen""",0,"30|8|23|36",,"5",,"$0"
339,6,,,"ToI Health","""Diamond"" / ""Heroic""",0,"20|8|13|36",,"5",,"$0"
340,6,,,"ToI Wisdom","""Paradoxical"" / ""Celebrated""",0,"40|8|33|36",,"5",,"$0"
341,6,,,"ToI Agility","""Gliding"" / ""Instant""",0,"50|8|43|36",,"5",,"$0"
342,6,,,"ToI","""Distinct"" / ""Merciful""",0,"80|24|35|38",,"5",,"$0"
344,6,,,"ToI","""Breakthroughs"" / ""Strongest Mans""",0,"82|24|5|38",,"5",,"$0"
345,6,,,"ToI","""Decisional"" / ""Dashy""",0,"88|24|45|38",,"5",,"$0"
346,6,,,"ToI","""Magical Powers"" / ""Wise""",0,"89|24|25|38",,"5",,"$0"
347,6,,,"ToI","""Legendary"" / ""Rash""",0,"90|29|91|56",,"5",,"$0"
348,6,,,"ToI","""The King, GuhBalHans"" / ""Rash""",0,"92|15|91|45",,"5",,"$0"
349,6,,,"ToW Strength","""Harsh"" / ""Forced""",0,"3|34|1|46",,"5",,"$0"
350,6,,,"ToW Strength","""Strong Mans"" / ""Forced""",0,"4|32|1|47",,"5",,"$0"
352,6,,,"ToW Health","""Heroic"" / ""Healthy""",0,"13|34|11|46",,"5",,"$0"
353,6,,,"ToW Health","""Vital"" / ""Healthy""",0,"14|32|11|47",,"5",,"$0"
354,6,,,"ToW Health","""Ablaze"" / ""Healthy""",0,"15|30|11|48",,"5",,"$0"
355,6,,,"ToW Intelligence","""Keen"" / ""Fictional""",0,"23|34|21|46",,"5",,"$0"
356,6,,,"ToW Intelligence","""Ordinary"" / ""Fictional""",0,"24|32|21|47",,"5",,"$0"
358,6,,,"ToW Wisdom","""Celebrated"" / ""Fixed""",0,"33|34|31|46",,"5",,"$0"
359,6,,,"ToW Wisdom","""Dignified"" / ""Fixed""",0,"34|32|31|47",,"5",,"$0"
360,6,,,"ToW Wisdom","""Merciful"" / ""Fixed""",0,"35|30|31|48",,"5",,"$0"
361,6,,,"ToW Agility","""Instant"" / ""Agile""",0,"43|34|41|46",,"5",,"$0"
362,6,,,"ToW Agility","""Flexible"" / ""Agile""",0,"44|32|41|47",,"5",,"$0"
364,6,,,"ToP","""Feathery"" / ""Healthy""",0,"56|36|11|42",,"5",,"$0"
365,6,,,"ToP","""Mans"" / ""Healthy""",0,"57|36|11|42",,"5",,"$0"
366,6,,,"ToP","""Wisdoms"" / ""Fixed""",0,"65|36|31|42",,"5",,"$0"
367,6,,,"ToP","""Despotic"" / ""Forced""",0,"83|17|1|59",,"5",,"$0"
368,6,,,"ToP","""Revenges"" / ""Agile""",0,"84|17|41|59",,"5",,"$0"
370,6,,,"ToP","""Ruinous"" / ""Fictional""",0,"86|17|21|59",,"5",,"$0"
371,6,,,"ToP","""Glorious"" / ""Fixed""",0,"87|17|31|59",,"5",,"$0"
372,6,,,"TaoA","Talisman of Attack",0,"Min. / Max. Physical Attack Point Up
[1,2,4,6,9,12,16,20,25,30,35,41,47,54,61,69]",,"0",,"$0"
373,6,,,"TaoM","Talisman of Magic",0,"Min. / Max. Magic Point Up
[1,2,4,6,9,12,16,20,25,30,35,41,47,54,61,69]",,"1",,"$0"
375,6,,,"ToD","Talisman of Defense",0,"Defense +1",,"3",,"$0"
376,7,"G0",,"Belt","Protection Talisman",0,,,,1,"$0"
377,7,"G0",,"Ring","Ring",0,,,,2,"$0"
378,7,"G0",,"Trinket","Trinket",0,"||||||",,,3,"$0"
379,4,,,"SBwB","Sea Bream with Blood",0,,,,,"$0"
381,4,,,"Mirror","First Piece of Bronze Mirror",0,,,,,"$0"
382,4,,,"Mirror","Second Piece of Bronze Mirror",0,,,,,"$0"
383,4,,,"Mirror","Third Piece of Bronze Mirror",0,,,,,"$0"
385,4,,,"Mirror","Fifth Piece of Bronze Mirror",0,,,,,"$0"
386,4,,,"Mirror","Six Piece of Bronze Mirror",0,,,,,"$0"
387,4,,,"Mirror","Seventh Piece of Bronze Mirror",0,,,,,"$0"
388,4,,,"Mirror","Eighth Piece of Bronze Mirror",0,,,,,"$0"
390,4,,,"Blood","Blood of Water Dragon",0,,,,,"$0"
391,7,"G0",,"Trinket","Apprentice Archers Trinket",0,"||||1|180|140",,,3,"$0"
392,7,"G0",,"Trinket","Apprentice Knight Trinket",0,"1|||||280|40",,,3,"$0"
394,3,"G40","Knight","Sw.1H","HwanDoo SaeHyung Big Sword (Imperial)",1,"|||||||114|150|||60","0","113",107,"PS_S6_04.gb#200$Tex\PS_S6_04.GTX$0#0$0$0"
395,3,"G40","Archer","Bow","ChulTae Bow (Imperial)",1,"|||||||95|134|||54","0","114",108,"PB_S6_04.gb#200$Tex\PB_S6_04.GTX$0#0$0$0"
396,3,"G40","Magician","Stick","JoongBang Chairpersons Stick (Imperial)",1,"|||||||85|93|128|160|50","0","115",109,"PG_S6_04.gb#218$Tex\PG_S6_04.GTX$0#0#0$0$0"
397,3,"G45","Knight","Sw.1H","Hwandoo Saehyung Big Sword with PoL (Imperial)",40,"||||1|100|50|88|224|||68","0","116",110,"PS_S6_05.gb#182$Tex\PS_S6_05.GTX$0$0$0"
398,3,"G45","Archer","Bow","Yeon Lin Steel Bow (Imperial)",40,"||||1|100|50|79|200|||65","0","117",111,"PB_S6_05.gb#218$Tex\PB_S6_05.GTX$0#0#0$0$0"
399,3,"G45","Magician","Stick","Joong Bang Chairpersons WhiteStick (Imperial)",40,"|2||||150||85|97|138|181|57","0","118",112,"PG_S6_05.gb#254$Tex\PG_S6_05.GTX$0#0#0#0#0$0$0"
400,3,"G48","Knight","Sw.1H","Savage Tribes Tiger Teeth Sword (Imperial)",45,"2|||||150||133|223|||64","0","119",113,"PS_S15_04.gb#182$Tex\PS_S15_04.GTX$0$0$0"
401,3,"G48","Archer","Bow","Savage Tribes Blue ChulTae Bow (Imperial)",45,"||||2|100|50|117|216|||66","0","120",114,"PB_S11_04.gb#200$Tex\PB_S11_04_1.GTX#Tex\PB_S11_04_2.GTX$0#1$0$0"
402,3,"G48","Magician","Stick","Savage Tribes Grand Stick (Imperial)",45,"||2||||150|89|112|116|264|57","0","121",115,"PG_S11_04.gb#218$Tex\PG_S11_04.GTX$0#0#0$0$0"
403,3,"G50","Knight","Sw.1H","Black Golden Tresure Sword (Imperial)",50,"1|2|||1|100|50|145|189|||76","0","122",116,"PS_S7_04.gb#182$Tex\PS_S7_04.GTX$0$0$0"
404,3,"G50","Knight","Sw.2H","Butterfly-Shaped Giant Sword (Imperial)",50,"2|||||100||363|454|||74","0","123",117,"PS_S8_04.gb#200$Tex\PS_S8_04.GTX$0#0$0$0"
405,3,"G50","Archer","Bow","Steel Bow with Crow Feather (Imperial)",50,"||||3|100|50|139|216|||68","0","124",118,"PB_S7_04.gb#200$Tex\PB_S7_04.GTX$0#0$0$0"
406,3,"G50","Magician","Stick","Stick with Blue Crows Feather (Imperial)",50,"||3||||150|96|123|132|264|60","0","125",119,"PG_S7_04.gb#218$Tex\PG_S7_04.GTX$0#0#0$0$0"
407,3,"G53","Knight","Sw.1H","Diamond Sword of Pain (Imperial)",53,"4|||||150||200|244|||70","0","126",120,"PS_S9_04.gb#200$Tex\PS_S9_04.GTX$0#0$0$0"
408,3,"G53","Knight","Sw.2H","Diamond Giant Sword of Pain (Imperial)",53,"5|||||100||484|575|||68","0","127",121,"PS_S10_04.gb#200$Tex\PS_S10_04.GTX$0#0$0$0"
409,3,"G53","Archer","Bow","Diamond Bow of Phantom (Imperial)",53,"2||||3|100||128|205|||74","0","128",122,"PB_S8_04.gb#200$Tex\PB_S8_04.GTX$0#0$0$0"
410,3,"G53","Magician","Stick","Diamond Stick of Pain (Imperial)",53,"||4||||200|144|155|187|286|62","0","129",123,"PG_S8_04.gb#218$Tex\PG_S8_04.GTX$0#0#0$0$0"
411,3,"G56","Knight","Sw.1H","Generals Treasure Sword (Imperial)",56,"4|1||||200||222|266|||73","0","130",124,"PS_S13_04.gb#200$Tex\PS_S13_04.GTX$0#0$0$0"
412,3,"G56","Knight","Sw.2H","Generals Giant Sword (Imperial)",56,"6|||||150||517|585|||71","0","131",125,"PS_S14_04.gb#200$Tex\PS_S14_04.GTX$0#0$0$0"
413,3,"G56","Archer","Bow","General of Ancient Tribal Macs Bow (Imperial)",56,"1||||4|150|50|189|255|||72","0","132",126,"PB_S10_04.gb#200$Tex\PB_S10_04.GTX$0#0$0$0"
414,3,"G56","Magician","Stick","Generals Stick (Imperial)",56,"||5||||250|165|176|242|330|64","0","133",127,"PG_S10_04.gb#218$Tex\PG_S10_04.GTX$0#0#0$0$0"
415,3,"G59","Knight","Sw.1H","Treasure Sword of High Class Doggebi (Imperial)",59,"6|2||||300||269|330|||76","0","134",128,"PS_S11_04.gb#182$Tex\PS_S11_04.GTX$0$0$0"
416,3,"G59","Knight","Sw.2H","Giant Sword of High Class Doggebi (Imperial)",59,"8|||||250||539|627|||74","0","135",129,"PS_S12_04.gb#182$Tex\PS_S12_04.GTX$0$0$0"
417,3,"G59","Archer","Bow","Bow of High Class Doggebi (Imperial)",59,"4||||4|250||247|302|||75","0","136",130,"PB_S9_04.gb#200$Tex\PB_S9_04.GTX$0#0$0$0"
418,3,"G59","Magician","Stick","Stick of High Class Doggebi (Imperial)",59,"||8||||300|185|196|319|418|67","0","137",131,"PG_S9_04.gb#200$Tex\PG_S9_04.GTX$0#0$0$0"
419,3,"G62","Knight","Sw.1H","Golden Sword (Imperial)",60,"5|4|||1|450||330|407|||83","0","138",140,"PS_S17_03.gb#200$Tex\PS_S17_03.GTX$0$0$0"
420,3,"G62","Knight","Sw.2H","Golden Giant Sword (Imperial)",60,"7|3||||400||615|686|||82","0","139",141,"PS_S18_03.gb#200$Tex\PS_S18_03.GTX$0$0$0"
421,3,"G62","Archer","Bow","Golden Bow (Imperial)",60,"1|2|||7|400||308|396|||81","0","140",142,"PB_S12_03.gb#200$Tex\PB_S12_03.GTX$0#0$0$0"
422,3,"G62","Magician","Stick","Golden Stick (Imperial)",60,"||7|3||250|150|207|218|385|462|72","0","141",143,"PG_S12_03.gb#200$Tex\PG_S12_03.GTX$0#0$0$0"
423,9,,,"Stone","Stone of Shadow",0,"2||2||2|20||||||||||||||,3||3||3|50||||||||||||||",,"0",0,"$0"
424,9,,,"Stone","Stone of Holy",0,"|2||2|||20|||||||||||||,|5||5|||50|||||||||||||",,"1",0,"$0"
425,9,,,"Stone","Stone of Flame",0,"||||||||||||||||||||5|||||||,||||||||||||||||||||10|||||||",,"2",0,"$0"
427,9,,,"Stone","Stone of Lightening",0,"||||||||||||||||||||||5|||-10||,||||||||||||||||||||||10|||-10||",,"4",0,"$0"
428,9,,,"Stone","Stone of Poison",0,"|||||||||||||||||||||||5||||,|||||||||||||||||||||||10||||",,"5",0,"$0"
429,9,,,"Stone","Stone of Paralyzis",0,"||||||||||||||||||||||||5|||,||||||||||||||||||||||||10|||",,"6",0,"$0"
430,9,,,"Stone","Stone of Strength",0,"||||||||||||||||||||||||||10|-5,||||||||||||||||||||||||||20|-10",,"7",0,"$0"
431,9,,,"Stone","Stone of Skill",0,"||||||||||||||||||||||||||-5|10,||||||||||||||||||||||||||-10|20",,"8",0,"$0"
432,9,,,"Stone","Stone of Mystery",0,"||||||||||||||||||||||||||||,||||||||||||||||||||||||||||,|||||||50|50|50|50|||||||||",,"9",0,"$0"
433,9,,,"Stone","Stone of Demons Blood",0,"||||||||||||||||||||||||||||,||||||||||||||||||||||||||||,6|10|6|10|6|50|50|||||||||||||",,"10",0,"$0"
434,2,"G55","Knight","Shield","Ghost Shaped Steel Shield",55,"||||||||||||9|27|1","0","147",143,"PS_B4_04.gb#182$Tex\PS_B4_04.GTX$0$0$0"
435,10,"G00","Archer","All","Leather Armor",1,,,"-",,"CM_0_f01.gb#182$Tex\CM_0_f01.GTX$0$0$0"
436,11,"G00","Archer","Armor","Leather Armor",1,,,"-",46,"CM_0_a01.gb#182$Tex\CM_0_a01.GTX$0$0$0"
437,11,"G00","Archer","Boots","Leather Armor Boots",1,,,"-",49,"CM_0_s01.gb#182$Tex\CM_0_s01.GTX$0$0$0"
438,11,"G00","Archer","Gloves","Leather Armor Gloves",1,,,"-",48,"CM_0_g01.gb#182$Tex\CM_0_g01.GTX$0$0$0"
439,11,"G00","Archer","Helmet","Leather Armor Hood",1,,,"-",47,"CM_0_h01.gb#182$Tex\CM_0_h01_1.GTX$0$0$0"
440,11,"G00","Archer","Shorts","Leather Armor Shorts",1,,,"-",50,"CM_0_p01.gb#200$Tex\CM_0_p01.GTX#Tex\CM_0_p01_1.GTX$0#1$0$0"
441,10,"G00","Knight","All","SaSaEul Armor",1,,,"-",,"CW_0_f01.gb#182$Tex\CW_0_f01.GTX$0$0$0"
442,11,"G00","Knight","Armor","SaSaEul Armor",1,,,"-",1,"CW_0_a01.gb#218$Tex\CW_0_a01.GTX#Tex\CW_0_a02.GTX$1#0#0$0$0"
443,11,"G00","Knight","Boots","SaSaEul Boots",1,,,"-",4,"CW_0_s01.gb#182$Tex\CW_0_s01.GTX$0$0$0"
444,11,"G00","Knight","Gloves","SaSaEul Gloves",1,,,"-",3,"CW_0_g01.gb#182$Tex\CW_0_g01.GTX$0$0$0"
445,11,"G00","Knight","Helmet","SaSaEul Helmet",1,,,"-",2,"CW_0_h01.gb#182$Tex\CW_0_h01.GTX$0$0$0"
446,11,"G00","Knight","Shorts","SaSaEul Shorts",1,,,"-",5,"CW_0_p01.gb#182$Tex\CW_0_p01.GTX$0$0$0"
447,10,"G00","Magician","All","MyungJoo HakChangEau",1,,,"-",,"CR_0_f01.gb#182$Tex\CR_0_f01.GTX$0$0$0"
448,11,"G00","Magician","Armor","MyungJoo HakChangEau Clothes",1,,,"-",91,"CR_0_a01.gb#182$Tex\CR_0_a01.GTX$0$0$0"
449,11,"G00","Magician","Boots","MyungJoo HakChangEau Boots",1,,,"-",94,"CR_0_s01.gb#182$Tex\CR_0_s01.GTX$0$0$0"
450,11,"G00","Magician","Gloves","MyungJoo HakChangEau Gloves",1,,,"-",93,"CR_0_g01.gb#182$Tex\CR_0_g01.GTX$0$0$0"
451,11,"G00","Magician","Helmet","MyungJoo HakChangEau Hair Decoration",1,,,"-",92,"CR_0_h01.gb#182$Tex\CR_0_h01.GTX$0$0$0"
452,11,"G00","Magician","Shorts","MyungJoo HakChangEau Shorts",1,,,"-",95,"CR_0_p01.gb#182$Tex\CR_0_p01.GTX$0$0$0"
453,12,"G11","Magician","Animal","Bird",11,,,,0,"GB06_B01.gb#57$Tex\GB06.GTX$0$-1$0 GB06_B02.gb#57$Tex\GB06.GTX$0$-1$0 GB06_B03.gb#57$Tex\GB06.GTX$0$-1$0 GB06_B04.gb#57$Tex\GB06.GTX$0$-1$0 GB06_B05.gb#57$Tex\GB06.GTX$0$-1$0 GB06_B06.gb#57$Tex\GB06.GTX$0$-1$0 GB06_B07.gb#57$Tex\GB06.GTX$0$-1$0"
454,12,"G21","Magician","Animal","Bird",21,,,,0,"GB06_B01.gb#57$Tex\GB06.GTX$0$-1$0 GB06_B02.gb#57$Tex\GB06.GTX$0$-1$0 GB06_B03.gb#57$Tex\GB06.GTX$0$-1$0 GB06_B04.gb#57$Tex\GB06.GTX$0$-1$0 GB06_B05.gb#57$Tex\GB06.GTX$0$-1$0 GB06_B06.gb#57$Tex\GB06.GTX$0$-1$0 GB06_B07.gb#57$Tex\GB06.GTX$0$-1$0"
455,12,"G31","Magician","Animal","Bird",31,,,,0,"GD06_B01.gb#154$Tex\GD06_1.GTX#Tex\GD06_2.GTX#Tex\GD06_3.GTX$0#1#2$0$0 GD06_B02.gb#136$Tex\GD06_4.GTX#Tex\GD06_6.GTX$0#1$0$0 GD06_B03.gb#118$Tex\GD06_7.GTX$0$0$0 GD06_B04.gb#118$Tex\GD06_5.GTX$0$0$0 GD06_B05.gb#118$Tex\GD06_5.GTX$0$0$0"
456,12,"G41","Magician","Animal","Bird",41,,,,0,"GD14_B01.gb#182$Tex\GD14_b1.GTX$0$0$1 GD14_B02.gb#182$Tex\GD14_b2.GTX$0$0$1 GD14_B03.gb#182$Tex\GD14_b3.GTX$0$0$1 GD14_B04.gb#182$Tex\GD14_b4.GTX$0$0$1"
457,12,"G11","Magician","Animal","Panther",11,,,,0,"GB04_B01.gb#75$Tex\GB04.GTX$0#0$-1$0 GB04_B02.gb#75$Tex\GB04.GTX$0#0$-1$0 GB04_B03.gb#75$Tex\GB04.GTX$0#0$-1$0 GB04_B04.gb#57$Tex\GB04.GTX$0$-1$0"
458,12,"G21","Magician","Animal","Panther",21,,,,0,"GB04_B01.gb#75$Tex\GB04.GTX$0#0$-1$0 GB04_B02.gb#75$Tex\GB04.GTX$0#0$-1$0 GB04_B03.gb#75$Tex\GB04.GTX$0#0$-1$0 GB04_B04.gb#57$Tex\GB04.GTX$0$-1$0"
459,12,"G31","Magician","Animal","Panther",31,,,,0,"GD04_B01.gb#136$Tex\GD04_1.GTX$0#0$0$0 GD04_B02.gb#136$Tex\GD04_1.GTX#Tex\GD04_2.GTX$0#1$0$0 GD04_B03.gb#190$Tex\GD04_1.GTX#Tex\GD04_2.GTX#Tex\GD04_3.GTX$0#1#1#2#2$0$0 GD04_B04.gb#118$Tex\GD04_3.GTX$0$0$0 GD04_B05.gb#136$Tex\GD04_2.GTX$0#0$0$0 GD04_B06.gb#136$Tex\GD04_2.GTX$0#0$0$0"
460,12,"G41","Magician","Animal","Panther",41,,,,0,"GD12_B01.gb#182$Tex\GD12_b1.GTX$0$0$1 GD12_B02.gb#182$Tex\GD12_b2.GTX$0$0$1 GD12_B03.gb#182$Tex\GD12_b3.GTX$0$0$1"
461,12,"G11","Magician","Animal","Tiger",11,,,,0,"GB00_B01.gb#75$Tex\GB00.GTX$0#0$-1$0 GB00_B02.gb#75$Tex\GB00.GTX$0#0$-1$0 GB00_B03.gb#75$Tex\GB00.GTX$0#0$-1$0 GB00_B04.gb#75$Tex\GB00.GTX$0#0$-1$0"
462,12,"G21","Magician","Animal","Tiger",21,,,,0,"GB00_B01.gb#75$Tex\GB00.GTX$0#0$-1$0 GB00_B02.gb#75$Tex\GB00.GTX$0#0$-1$0 GB00_B03.gb#75$Tex\GB00.GTX$0#0$-1$0 GB00_B04.gb#75$Tex\GB00.GTX$0#0$-1$0"
463,12,"G31","Magician","Animal","Tiger",31,,,,0,"GD00_B01.gb#182$Tex\GD00_1.GTX$0$0$0 GD00_B02.gb#182$Tex\GD00_1.GTX$0$0$0 GD00_B03.gb#236$Tex\GD00_2.GTX#Tex\GD00_3.GTX$0#0#1#1$0$0 GD00_B04.gb#182$Tex\GD00_4.GTX$0$0$0 GD00_B05.gb#182$Tex\GD00_4.GTX$0$0$0 GD00_B06.gb#182$Tex\GD00_4.GTX$0$0$0 GD00_B07.gb#200$Tex\GD00_3.GTX$0#0$0$0 GD00_B08.gb#200$Tex\GD00_3.GTX$0#0$0$0 GD00_B09.gb#200$Tex\GD00_5.GTX$0#0$0$0"
464,12,"G41","Magician","Animal","Tiger",41,,,,0,"GD10_B01.gb#182$Tex\GD10_b1.GTX$0$0$1 GD10_B02.gb#182$Tex\GD10_b2.GTX$0$0$1 GD10_B03.gb#182$Tex\GD10_b3.GTX$0$0$1 GD10_B04.gb#200$Tex\GD10_b4.GTX$0#0$0$1 GD10_B05.gb#200$Tex\GD10_b5.GTX$0#0$0$1 GD10_B06.gb#182$Tex\GD10_b3.GTX$0$0$1 GD10_B07.gb#182$Tex\GD10_b1.GTX$0$0$1"
466,4,,,"Stone","Piece of Lucky Stone",0,,,,0,"$0"
467,0,"G60","Archer","All","Golden Armor",56,"7|8|||6||||||||137|201|16","0","ita_a09",,"CM_0_f01.gb#182$Tex\CM_0_f01.GTX$0$0$0"
468,1,"G60","Archer","Armor","Golden Armor",60,"2|3|||4||||||||22|62|5","0","-",149,"CM_10_a01.gb#200$Tex\CM_10_a01.GTX$0#0$0$1"
469,1,"G60","Archer","Boots","Golden Boots",57,"|1|||2||||||||42|36|2","0","-",152,"CM_10_s01.gb#182$Tex\CM_10_S01.GTX$0$0$1"
470,1,"G60","Archer","Gloves","Golden Gloves",56,"3||||||||||||13|38|3","0","-",151,"CM_10_g01.gb#200$Tex\CM_10_g01.GTX$0#0$0$1"
471,1,"G60","Archer","Helmet","Golden Helmet",58,"1|2|||||||||||14|40|3","0","-",150,"CM_10_h01.gb#200$Tex\CM_10_h01.GTX$0#0$0$1"
472,1,"G60","Archer","Shorts","Golden Shorts",59,"1|2|||||||||||46|25|3","0","-",153,"CM_10_p01.gb#200$Tex\CM_10_p01.GTX$0#0$0$1"
473,0,"G60","Knight","All","Golden Scaled Armor",56,"12|7|||2||||||||89|262|22","0","ita_k09",,"CW_0_f01.gb#182$Tex\CW_0_f01.GTX$0$0$0"
474,1,"G60","Knight","Armor","Golden Scaled Armor",60,"6|3|||||||||||21|60|7","0","-",144,"CW_10_a01.gb#218$Tex\CW_10_a01.GTX#Tex\CW_10_a02.GTX$0#0#1$0$0"
475,1,"G60","Knight","Boots","Golden Scaled Armor Boots",57,"|1|||2||||||||23|45|3","0","-",147,"CW_10_s01.gb#182$Tex\CW_10_s01.GTX$0$0$0"
476,1,"G60","Knight","Gloves","Golden Scaled Armor Gloves",56,"3||||||||||||10|59|3","0","-",146,"CW_10_g01.gb#200$Tex\CW_10_g01.GTX$0#0$0$0"
477,1,"G60","Knight","Helmet","Golden Scaled Armor Helmet",58,"1|2|||||||||||13|58|4","0","-",145,"CW_10_h01.gb#182$Tex\CW_10_h01.GTX$0$0$0"
478,1,"G60","Knight","Shorts","Golden Scaled Armor Shorts",59,"1|2|||||||||||23|40|5","0","-",148,"CW_10_p01.gb#182$Tex\CW_10_p01.GTX$0$0$0"
479,0,"G60","Magician","All","Golden DaeChangEau",56,"|7|10|4|||||||||123|169|0|29|29|29|22|22","0","ita_m09",,"CR_0_f01.gb#182$Tex\CR_0_f01.GTX$0$0$0"
480,1,"G60","Magician","Armor","Golden DaeChangEau Clothes",60,"|3|6||||||||||31|41|0|8|8|8|5|5","0","-",154,"CR_10_a01.gb#200$Tex\CR_10_a01.GTX$0#0$0$1"
481,1,"G60","Magician","Boots","Golden DaeChangEau Boots",57,"||1|2|||||||||27|38|0|4|4|4|5|5","0","-",157,"CR_10_s01.gb#182$Tex\CR_10_s01.GTX$0$0$0"
482,1,"G60","Magician","Gloves","Golden DaeChangEau Gloves",56,"||1|2|||||||||14|33|0|6|6|6|4|4","0","-",156,"CR_10_g01.gb#200$Tex\CR_10_g01.GTX$0#0$0$0"
483,1,"G60","Magician","Helmet","Golden DaeChangEau Hair Decoration",58,"|2|1||||||||||16|33|0|7|7|7|4|4","0","-",155,"CR_10_h01.gb#200$Tex\CR_10_h01.GTX$0#0$0$0"
484,1,"G60","Magician","Shorts","Golden DaeChangEau Shorts",59,"|2|1||||||||||35|29|0|4|4|4|4|4","0","-",158,"CR_10_p01.gb#200$Tex\CR_10_p01.GTX$0#0$0$0"
485,3,"G65","Knight","Sw.1H","Dragon Sword of Sky",65,"6|4|||2|550||360|430|||86","0","148",144,"PS_S17_02.gb#182$Tex\PS_S17_04.GTX$0$0$0"
486,3,"G65","Knight","Sw.2H","Dragon Giant Sword of Sky",65,"9|3||||500||600|670|||85","0","149",145,"PS_S18_02.gb#182$Tex\PS_S18_02.GTX$0$0$0"
487,3,"G65","Archer","Bow","Dragon Bow of Sky",65,"1|2|||9|450|50|345|415|||84","0","150",146,"PB_S12_02.gb#182$Tex\PB_S12_04.GTX$0$0$0"
488,3,"G65","Magician","Stick","Dragon Stick of Sky",65,"|1|8|3||350|200|210|220|420|490|75","0","151",147,"PG_S12_02.gb#182$Tex\PG_S12_04.GTX$0$0$0"
489,3,"G65","Knight","Sw.1H","Dragon Sword of Sky (Imperial)",65,"6|4|||2|550||393|470|||86","0","152",148,"PS_S17_04.gb#182$Tex\PS_S17_04.GTX$0$0$0"
490,3,"G65","Knight","Sw.2H","Dragon Giant Sword of Sky (Imperial)",65,"9|3||||500||660|736|||85","0","153",149,"PS_S18_04.gb#182$Tex\PS_S18_04.GTX$0$0$0"
491,3,"G65","Archer","Bow","Dragon Bow of Sky (Imperial)",65,"1|2|||9|450|50|379|456|||84","0","154",150,"PB_S12_04.gb#182$Tex\PB_S12_04.GTX$0$0$0"
492,3,"G65","Magician","Stick","Imperial Dragon Stick of Sky",65,"|1|8|3||350|200|232|242|462|539|75","0","155",151,"PG_S12_04.gb#182$Tex\PG_S12_04.GTX$0$0$0"
493,3,"G59","Magician","Stick","Guardian Stick with a Blue Gem",59,"|6||6||210|140|144|153|257|342|69","0","156",152,"PG_S9_05.gb#236$Tex\PG_S9_05.GTX$0#0#0#0$0$0"
494,3,"G62","Magician","Stick","Guardian Stick with a Lotus Flower",62,"|3||7||350|210|180|189|333|399|72","0","158",154,"PG_S12_05.gb#200$Tex\PG_S12_05.GTX$0#0$0$0"
495,3,"G59","Magician","Stick","Guardian Stick with a Blue Gem (Imperial)",59,"|||8|||390|174|186|304|398|69","0","157",153,"PG_S9_06.gb#236$Tex\PG_S9_05.GTX$0#0#0#0$0$0"
496,3,"G62","Magician","Stick","Guardian Stick with a Lotus Flower (Imperial)",62,"|3||7||350|210|197|207|367|440|72","0","159",155,"PG_S12_06.gb#200$Tex\PG_S12_05.GTX$0#0$0$0"
497,0,"G90","Archer","All","Armor of Darkness",90,"10|8|||8||||||||155|215|22","0","ita_a11",,"CM_0_f01.gb#182$Tex\CM_0_f01.GTX$0$0$0"
498,1,"G90","Archer","Armor","Armor of Darkness",90,"||||||||||||||","0","-",86,"CM_9_a01.gb#154$Tex\CM_9_a01.GTX#Tex\CM_9_s01.GTX$0#0#1$0$0"
499,1,"G90","Archer","Boots","Boots of Darkness",90,"||||||||||||||","0","-",89,"CM_9_s01.gb#172$Tex\CM_9_a01.GTX#Tex\CM_9_g01.GTX#Tex\CM_9_p01.GTX#Tex\CM_9_s01.GTX$0#2#1#3$0$0"
500,1,"G90","Archer","Gloves","Gloves of Darkness",90,"||||||||||||||","0","-",88,"CM_9_g01.gb#136$Tex\CM_9_a01.GTX#Tex\CM_9_g01.GTX$0#1$0$0"
501,1,"G90","Archer","Helmet","Helmet of Darkness",90,"||||||||||||||","0","-",87,"CM_9_h01.gb#118$Tex\CM_9_h01.GTX$0$0$0"
502,1,"G90","Archer","Shorts","Shorts of Darkness",90,"||||||||||||||","0","-",90,"CM_9_p01.gb#118$Tex\CM_9_p01.GTX$0$0$0"
503,0,"G90","Knight","All","Armor of Darkness",90,"||||||||||||||","0","ita_k11",,"CW_0_f01.gb#182$Tex\CW_0_f01.GTX$0$0$0"
504,1,"G90","Knight","Armor","Armor of Darkness",90,"||||||||||||||","0","-",41,"CW_9_a01.gb#200$Tex\CW_9_a01.GTX#Tex\CW_9_a02.GTX$0#1$0$0"
505,1,"G90","Knight","Boots","Boots of Darkness",90,"||||||||||||||","0","-",44,"CW_9_s01.gb#182$Tex\CW_9_s01.GTX$0$0$0"
506,1,"G90","Knight","Gloves","Gloves of Darkness",90,"||||||||||||||","0","-",43,"CW_9_g01.gb#200$Tex\CW_9_g01.GTX$0#0$0$0"
507,1,"G90","Knight","Helmet","Helmet of Darkness",90,"||||||||||||||","0","-",42,"CW_9_h01.gb#182$Tex\CW_9_h01.GTX$0$0$0"
508,1,"G90","Knight","Shorts","Shorts of Darkness",90,"||||||||||||||","0","-",45,"CW_9_p01.gb#182$Tex\CW_9_p01.GTX$0$0$0"
509,0,"G90","Magician","All","Armor of Darkness",90,"||||||||||||||","0","ita_m11",,"CR_0_f01.gb#182$Tex\CR_0_f01.GTX$0$0$0"
510,1,"G90","Magician","Armor","Armor of Darkness",90,"||||||||||||||","0","-",131,"CR_9_a01.gb#182$Tex\CR_9_a01.GTX$0$0$0"
511,1,"G90","Magician","Boots","Boots of Darkness",90,"||||||||||||||","0","-",134,"CR_9_s01.gb#182$Tex\CR_9_s01.GTX$0$0$0"
512,1,"G90","Magician","Gloves","Gloves of Darkness",90,"||||||||||||||","0","-",133,"CR_9_g01.gb#182$Tex\CR_9_g01.GTX$0$0$0"
513,1,"G90","Magician","Helmet","Helmet of Darkness",90,"||||||||||||||","0","-",132,"CR_9_h01.gb#182$Tex\CR_9_h01.GTX$0$0$0"
514,1,"G90","Magician","Shorts","Shorts of Darkness",90,"||||||||||||||","0","-",135,"CR_9_p01.gb#182$Tex\CR_9_p01.GTX$0$0$0"
515,3,"G62","Knight","Sw.1H","Guardian Sword with a Lotus Flower",62,"3|7||||540||276|341|||85","0","160",156,"PS_S20_01.gb#182$Tex\PS_S20_01.GTX$0$0$0"
516,3,"G62","Knight","Sw.2H","Guardian Giant Sword with a Lotus Flower",62,"4|6||||480||516|571|||84","0","162",158,"PS_S20_02.gb#182$Tex\PS_S20_02.GTX$0$0$0"
517,3,"G62","Archer","Bow","Guardian Bow with a Lotus Flower",62,"|6|||4|480||258|332|||83","0","164",160,"PB_S20_01.gb#182$Tex\PB_S20_01.GTX$0$0$0"
518,3,"G62","Knight","Sw.1H","Guardian Sword with a Lotus Flower (Imperial)",62,"3|7||||540||281|346|||85","0","161",157,"PS_S20_03.gb#182$Tex\PS_S20_03.GTX$0$0$0"
519,3,"G62","Knight","Sw.2H","Guardian Giant Sword with a Lotus Flower (Imperial",62,"4|6||||480||592|652|||84","0","163",159,"PS_S20_04.gb#182$Tex\PS_S20_04.GTX$0$0$0"
520,3,"G62","Archer","Bow","Guardian Bow with a Lotus Flower (Imperial)",62,"|6|||4|480||258|332|||83","0","165",161,"PB_S20_02.gb#182$Tex\PB_S20_02.GTX$0$0$0"
521,0,"G08","Thief","All","MyungJoo Suit of lcT",1,"||||||||||||13|21|0","510","ita_t01",0,"CT_0_f01.gb#182$Tex\CT_0_f01.GTX$0$0$1"
522,1,"G08","Thief","Armor","MyungJoo Suit of lcT",1,"||||||||||||1|8|0","200",,174,"CT_1_a01.gb#200$Tex\CT_1_a01.GTX#Tex\CT_1_a02.GTX$0#1$0$1"
523,1,"G08","Thief","Boots","MyungJoo Suit of lcT Boots",1,"||||||||||||4|4|0","110",,177,"CT_1_s01.gb#182$Tex\CT_1_s01.GTX$0$0$1"
524,1,"G08","Thief","Gloves","MyungJoo Suit of lcT Gloves",1,"||||||||||||2|3|0","50",,176,"CT_1_g01.gb#200$Tex\CT_0_g01.GTX#Tex\CT_1_g02.GTX$0#1$0$1"
525,1,"G08","Thief","Helmet","MyungJoo Suit of lcT Helmet",1,"||||||||||||1|4|0","90",,175,"CT_1_h01.gb#182$Tex\CT_1_h02.GTX$0$0$1"
526,1,"G08","Thief","Shorts","MyungJoo Suit of lcT Shorts",1,"||||||||||||5|2|0","60",,178,"CT_1_p01.gb#218$Tex\CT_1_p01.GTX#Tex\CT_1_p02.GTX#Tex\CT_1_a02.GTX$0#2#1$0$1"
527,0,"G16","Thief","All","BeeDan suit of lcT",1,"||||||||||||25|37|0","5.419","ita_t02",0,"CT_0_f01.gb#182$Tex\CT_0_f01.GTX$0$0$1"
528,1,"G16","Thief","Armor","BeeDan suit of lcT",1,"||||||||||||2|11|0","2.126",,179,"CT_2_a01.gb#200$Tex\CT_2_a01.GTX#Tex\CT_2_a02.GTX$0#1$0$1"
529,1,"G16","Thief","Boots","BeeDan suit of lcT Boots",,"||||||||||||5|7|0","1.169",,182,"CT_2_s01.gb#182$Tex\CT_2_s02.GTX$0$0$1"
530,1,"G16","Thief","Gloves","BeeDan suit of lcT Gloves",1,"||||||||||||3|7|0","531",,181,"CT_2_g01.gb#200$Tex\CT_0_g01.GTX#Tex\CT_2_g02.GTX$0#1$0$1"
531,1,"G16","Thief","Helmet","BeeDan suit of lcT Helmet",1,"||||||||||||2|8|0","956",,180,"CT_2_h01.gb#182$Tex\CT_2_h02.GTX$0$0$1"
532,1,"G16","Thief","Shorts","BeeDan suit of lcT Shorts",1,"||||||||||||13|4|0","637",,183,"CT_2_p01.gb#218$Tex\CT_2_p01.GTX#Tex\CT_2_p02.GTX#Tex\CT_2_a02.GTX$1#0#2$0$1"
533,0,"G24","Thief","All","Myung Joo suit of T",0,"||||||||||||34|52|1","17.573","ita_t03",0,"CT_0_f01.gb#182$Tex\CT_0_f01.GTX$0$0$1"
534,1,"G24","Thief","Armor","Myung Joo suit of T",1,"||||||||||||3|14|1","6.892",,184,"CT_3_a01.gb#200$Tex\CT_3_a01.GTX#Tex\CT_3_a02.GTX$0#1$0$1"
535,1,"G24","Thief","Boots","Myung Joo suit of T Boots",1,"||||||||||||9|10|0","3.790",,187,"CT_3_s01.gb#182$Tex\CT_3_s01.GTX$0$0$1"
536,1,"G24","Thief","Gloves","Myung Joo suit of T Gloves",1,"||||||||||||4|9|0","1.723",,186,"CT_3_g01.gb#200$Tex\CT_0_g01.GTX#Tex\CT_3_g02.GTX$0#1$0$1"
537,1,"G24","Thief","Helmet","Myung Joo suit of T Helmet",1,"||||||||||||3|11|0","3.101",,185,"CT_3_h01.gb#182$Tex\CT_3_h02.GTX$0$0$1"
538,1,"G24","Thief","Shorts","Myung Joo suit of T Shorts",1,"||||||||||||15|8|0","2.067",,188,"CT_3_p01.gb#200$Tex\CT_3_p01.GTX#Tex\CT_3_p02.GTX$1#0$0$1"
539,0,"G32","Thief","All","BeeDan suit of T",1,"||||||||||||43|72|1","73.002","ita_t04",0,"CT_0_f01.gb#182$Tex\CT_0_f01.GTX$0$0$1"
540,1,"G32","Thief","Armor","BeeDan suit of T",1,"||||||||||||4|21|1","28.629",,189,"CT_4_a01.gb#200$Tex\CT_4_a01.GTX#Tex\CT_4_a02.GTX$0#1$0$1"
541,1,"G32","Thief","Boots","BeeDan suit of T Boots",1,"||||||||||||11|12|0","15.745",,192,"CT_4_s01.gb#182$Tex\CT_4_s01.GTX$0$0$1"
542,1,"G32","Thief","Gloves","BeeDan suit of T Gloves",1,"||||||||||||5|12|0","7.157",,191,"CT_4_g01.gb#200$Tex\CT_0_g01.GTX#Tex\CT_4_g02.GTX$0#1$0$1"
543,1,"G32","Thief","Helmet","BeeDan suit of T Helmet",1,"||||||||||||4|16|0","12.883",,190,"CT_4_h01.gb#182$Tex\CT_4_h02.GTX$0$0$1"
544,1,"G32","Thief","Shorts","BeeDan suit of T Shorts",1,"||||||||||||19|11|0","8.588",,193,"CT_4_p01.gb#218$Tex\CT_4_p01.GTX#Tex\CT_4_p02.GTX#Tex\CT_4_a02.GTX$2#0#1$0$1"
545,0,"G42","Thief","All","Myung Joo suit of hcT",1,"|||||||||||7|55|97|2","374.830","ita_t05",0,"CT_0_f01.gb#182$Tex\CT_0_f01.GTX$0$0$1"
546,1,"G42","Thief","Armor","Myung Joo suit of hcT",1,"|||||||||||2|5|28|2","148.872",,194,"CT_5_a01.gb#200$Tex\CT_5_a01.GTX#Tex\CT_5_a02.GTX$0#1$0$1"
547,1,"G42","Thief","Boots","Myung Joo suit of hcT Boots",1,"||||||||||||16|19|0","82.705",,197,"CT_5_s01.gb#182$Tex\CT_5_s01.GTX$0$0$1"
548,1,"G42","Thief","Gloves","Myung Joo suit of hcT Gloves",1,"|||||||||||4|6|17|0","37.217",,196,"CT_5_g01.gb#200$Tex\CT_5_g01.GTX#Tex\CT_5_g02.GTX$0#1$0$1"
549,1,"G42","Thief","Helmet","Myung Joo suit of hcT Helmet",1,"||||||||||||5|20|0","67.668",,195,"CT_5_h01.gb#182$Tex\CT_5_h02.GTX$0$0$1"
550,1,"G42","Thief","Shorts","Myung Joo suit of hcT Shorts",1,"|||||||||||1|23|13|0","38.368",,198,"CT_5_p01.gb#200$Tex\CT_5_p01.GTX#Tex\CT_5_p02.GTX$0#1$0$1"
551,0,"G46","Thief","All","BeeDan suit of hcT",43,"|||||||||||11|67|110|5","695.600","ita_t06",0,"CT_0_f01.gb#182$Tex\CT_0_f01.GTX$0$0$1"
552,1,"G46","Thief","Armor","BeeDan suit of hcT",43,"|||||||||||3|6|32|2","210.800",,199,"CT_6_a01.gb#200$Tex\CT_6_a01.GTX#Tex\CT_6_a02.GTX$0#1$0$1"
553,1,"G46","Thief","Boots","BeeDan suit of hcT Boots",37,"||||||||||||20|21|1","102.400",,202,"CT_6_s01.gb#182$Tex\CT_6_s01.GTX$0$0$1"
554,1,"G46","Thief","Gloves","BeeDan suit of hcT Gloves",35,"|||||||||||6|7|19|0","87.200",,201,"CT_6_g01.gb#200$Tex\CT_6_g01.GTX#Tex\CT_6_g02.GTX$0#1$0$1"
555,1,"G46","Thief","Helmet","BeeDan suit of hcT Helmet",39,"||||||||||||6|23|1","117.200",,200,"CT_6_h01.gb#182$Tex\CT_6_h02.GTX$0$0$1"
556,1,"G46","Thief","Shorts","BeeDan suit of hcT Shorts",41,"|||||||||||2|28|15|1","178.000",,203,"CT_6_p01.gb#218$Tex\CT_6_p01.GTX#Tex\CT_6_p02.GTX#Tex\CT_6_a02.GTX$2#0#1$0$1"
557,0,"G50","Thief","All","Diamond suit of T",50,"2|4|||3|||||||16|81|134|7",,"ita_t07",0,"CT_0_f01.gb#182$Tex\CT_0_f01.GTX$0$0$1"
558,1,"G50","Thief","Armor","Diamond suit of T",50,"1|2|||2|||||||4|7|43|3",,,204,"CT_7_a01.gb#200$Tex\CT_7_a01.GTX#Tex\CT_7_a02.GTX$0#1$0$1"
559,1,"G50","Thief","Boots","Diamond suit of T Boots",47,"||||1||||||||24|25|1",,,207,"CT_7_s01.gb#182$Tex\CT_7_s01.GTX$0$0$1"
560,1,"G50","Thief","Gloves","Diamond suit of T Gloves",46,"1|||||||||||8|8|22|1",,,206,"CT_7_g01.gb#200$Tex\CT_7_g01.GTX#Tex\CT_7_g02.GTX$0#1$0$1"
561,1,"G50","Thief","Helmet","Diamond suit of T Helmet",48,"|1|||||||||||7|26|1",,,205,"CT_7_h01.gb#182$Tex\CT_7_h02.GTX$0$0$1"
562,1,"G50","Thief","Shorts","Diamond suit of T Shorts",49,"|1||||||||||4|35|18|1",,,208,"CT_7_p01.gb#218$Tex\CT_7_p01.GTX#Tex\CT_7_p02.GTX#Tex\CT_7_a02.GTX$2#0#1$0$1"
563,0,"G55","Thief","All","Doggebi suit of T",55,"3|12|||5|||||||20|97|159|11",,"ita_t08",0,"CT_0_f01.gb#182$Tex\CT_0_f01.GTX$0$0$1"
564,1,"G55","Thief","Armor","Doggebi suit of T",55,"1|3|||3|||||||5|8|50|4",,,209,"CT_8_a01.gb#200$Tex\CT_8_a01.GTX#Tex\CT_8_a02.GTX$0#1$0$1"
565,1,"G55","Thief","Boots","Doggebi suit of T Boots",52,"||||2||||||||29|30|1",,,212,"CT_8_s01.gb#182$Tex\CT_8_s01.GTX$0$0$1"
566,1,"G55","Thief","Gloves","Doggebi suit of T Gloves",51,"2|||||||||||10|9|28|2",,,211,"CT_8_g01.gb#200$Tex\CT_8_g01.GTX#Tex\CT_8_g02.GTX$0#1$0$1"
567,1,"G55","Thief","Helmet","Doggebi suit of T Helmet",53,"|7|||||||||||8|31|2",,,210,"CT_8_h01.gb#182$Tex\CT_8_h02.GTX$0$0$1"
568,1,"G55","Thief","Shorts","Doggebi suit of T Shorts",54,"|2||||||||||5|43|20|2",,,213,"CT_8_p01.gb#218$Tex\CT_8_p01.GTX#Tex\CT_8_p02.GTX#Tex\CT_8_a02.GTX$2#0#1$0$1"
569,0,"G60","Thief","All","Golden suit of T",60,"8|16|||5|||||||24|113|185|16",,"ita_t10",0,"CT_0_f01.gb#182$Tex\CT_0_f01.GTX$0$0$1"
570,1,"G60","Thief","Armor","Golden suit of T",60,"3|3|||3|||||||6|9|58|5",,,214,"CT_9_a01.gb#200$Tex\CT_9_a01.GTX#Tex\CT_9_a02.GTX$0#1$0$1"
571,1,"G60","Thief","Boots","Golden suit of T Boots",57,"|1|||2||||||||34|35|2",,,217,"CT_9_s01.gb#182$Tex\CT_9_s01.GTX$0$0$1"
572,1,"G60","Thief","Gloves","Golden suit of T Gloves",56,"3|||||||||||12|10|32|3",,,216,"CT_9_g01.gb#182$Tex\CT_9_g01.GTX$0$0$1"
573,1,"G60","Thief","Helmet","Golden suit of T Helmet",58,"1|10|||||||||||9|36|3",,,215,"CT_9_h01.gb#182$Tex\CT_9_h01.GTX$0$0$1"
574,1,"G60","Thief","Shorts","Golden suit of T Shorts",59,"1|2||||||||||6|51|24|3",,,218,"CT_9_p01.gb#218$Tex\CT_9_p01.GTX#Tex\CT_9_p02.GTX#Tex\CT_9_a02.GTX$2#0#1$0$1"
575,3,"G01","Thief","Dagger","Raining Dagger",1,"|||||||3|12|||15",,"69",162,"PD_S1_01.gb#182$Tex\PS_S2_02.GTX$0$0$1"
576,3,"G05","Thief","Dagger","Iron Dagger",1,"|||||||19|29|||18",,"69",163,"PD_S2_01.gb#182$Tex\PD_S2_01.GTX$0$0$1"
577,3,"G09","Thief","Dagger","Steel Dagger",1,"|||||||30|44|||21",,"69",164,"PD_S2_02.gb#182$Tex\PD_S2_02.GTX$0$0$1"
578,3,"G13","Thief","Dagger","Intensified Iron Dagger",1,"|||||||40|59|||25",,"69",165,"PD_S3_01.gb#182$Tex\PD_S3_01.GTX$0$0$1"
579,3,"G17","Thief","Dagger","Iron Red-blood Dagger",1,"|||||||54|78|||29",,"69",166,"PD_S3_02.gb#182$Tex\PD_S3_02.GTX$0$0$1"
580,3,"G21","Thief","Dagger","Intensified Steel Dagger",1,"|||||||61|90|||33",,"69",167,"PD_S3_03.gb#182$Tex\PD_S3_03.GTX$0$0$1"
581,3,"G25","Thief","Dagger","JuckAh Big Steel Dagger",1,"|||||||66|96|||38",,"69",168,"PD_S4_01.gb#182$Tex\PD_S4_01.GTX$0$0$1"
582,3,"G33","Thief","Dagger","Steel Dagger with Pattern of Leaf",1,"|||||||86|115|||48",,"69",169,"PD_S4_02.gb#182$Tex\PD_S4_02.GTX$0$0$1"
583,3,"G37","Thief","Dagger","HwanDoo Dagger",1,"|||||||95|140|||54",,"69",170,"PD_S5_01.gb#182$Tex\PD_S5_01.GTX$0$0$1"
584,3,"G40","Thief","Dagger","Red HwanDoo Dagger",1,"|||||||89|220|||55",,"69",172,"PD_S5_02.gb#182$Tex\PD_S5_02.GTX$0$0$1"
585,3,"G40","Thief","Dagger","HwanDoo SaeHyung Dagger",1,"|||||||117|167|||67",,"69",173,"PD_S5_03.gb#182$Tex\PD_S5_03.GTX$0$0$1"
586,3,"G45","Thief","Dagger","MaeGak Hwandoo SaeHyung Dagger",40,"|1||||150||170|212|||68",,"69",174,"PD_S6_01.gb#182$Tex\PD_S6_01.GTX$0$0$1"
587,3,"G45","Thief","Dagger","Hwandoo Saehyung Dagger with PoL",40,"||||1|100|50|112|285|||74",,"69",175,"PD_S6_02.gb#182$Tex\PD_S6_02.GTX$0$0$1"
588,3,"G48","Thief","Dagger","Savage Tribes Dagger",45,"1|1||||200||158|273|||74",,"69",176,"PD_S6_03.gb#182$Tex\PD_S6_03.GTX$0$0$1"
589,3,"G48","Thief","Dagger","Savage Tribes Tiger Teeth Dagger",45,"2|||||150||169|284|||70",,"69",177,"PD_S6_04.gb#182$Tex\PD_S6_04.GTX$0$0$1"
590,3,"G50","Thief","Dagger","Golden Treasure Dagger",50,"1|2||||200||205|261|||79",,"69",178,"PD_S6_05.gb#182$Tex\PD_S6_05.GTX$0$0$1"
591,3,"G50","Thief","Dagger","Butterfly-Shaped Dagger",50,"3|||||150||228|284|||75",,"69",179,"PD_S6_06.gb#182$Tex\PD_S6_06.GTX$0$0$1"
592,3,"G50","Thief","Dagger","Revengeful Dagger",50,"4|||||100||184|240|||73",,"69",180,"PD_S6_07.gb#182$Tex\PD_S6_07.GTX$0$0$1"
593,3,"G53","Thief","Dagger","Diamond Dagger",53,"1|2|||1|200||233|290|||81",,"69",181,"PD_S7_01.gb#182$Tex\PD_S7_01.GTX$0$0$1"
594,3,"G53","Thief","Dagger","Diamond Dagger of Pain",53,"4|||||150||254|310|||77",,"69",182,"PD_S7_02.gb#182$Tex\PD_S7_02.GTX$0$0$1"
595,3,"G53","Thief","Dagger","Diamond Dagger of Phantom",53,"1|2||1|1|100|50|212|269|||78",,"69",183,"PD_S7_03.gb#182$Tex\PD_S7_03.GTX$0$0$1"
596,3,"G56","Thief","Dagger","Ancient Dagger",56,"2|2|||1|250||240|296|||86",,"69",184,"PD_S7_04.gb#182$Tex\PD_S7_04.GTX$0$0$1"
597,3,"G56","Thief","Dagger","Generals Dagger",56,"4|1||||200||282|338|||83",,"69",185,"PD_S7_05.gb#182$Tex\PD_S7_05.GTX$0$0$1"
598,3,"G56","Thief","Dagger","Ancient Dynastys Dagger",56,"1|2||1|2|150|50|261|359|||80",,"69",186,"PD_S7_06.gb#182$Tex\PD_S7_06.GTX$0$0$1"
599,3,"G59","Thief","Dagger","Dagger of Doggebi",59,"4|3|||1|350||308|385|||86",,"69",187,"PD_S8_01.gb#182$Tex\PD_S8_01.GTX$0$0$1"
600,3,"G59","Thief","Dagger","Dagger of High Class Doggebi",59,"6|2||||300||343|420|||83",,"69",188,"PD_S8_02.gb#182$Tex\PD_S8_02.GTX$0$0$1"
601,3,"G62","Thief","Dagger","Golden dagger",62,"5|4|||1|450||420|518|||91",,"69",189,"PD_S9_01.gb#200$Tex\PD_S9_01.GTX$0#0$0$1"
602,3,"G65","Thief","Dagger","Dragon Dagger of Sky",65,"6|4|||2|550||504|602|||94",,"69",190,"PD_S9_02.gb#182$Tex\PD_S9_02.GTX$0$0$1"
603,3,"G40","Thief","Dagger","HwanDoo SaeHyung Dagger (Imperial)",1,"|||||||160|210|||60",,"69",191,"PD_S5_04.gb#182$Tex\PD_S5_04.GTX$0$0$1"
604,3,"G45","Thief","Dagger","Hwandoo Saehyung Dagger with PoL (Imperial)",45,"||||1|100|50|123|314|||68",,"69",192,"PD_S6_08.gb#182$Tex\PD_S6_08.GTX$0$0$1"
605,3,"G48","Thief","Dagger","Savage Tribes Tiger Teeth Dagger (Imperial)",48,"2|||||150||186|312|||64",,"69",193,"PD_S6_09.gb#182$Tex\PD_S6_09.GTX$0$0$1"
606,3,"G50","Thief","Dagger","Golden Treasure Dagger (Imperial)",50,"1|2|||1|100|50|203|265|||76",,"69",194,"PD_S6_10.gb#182$Tex\PD_S6_10.GTX$0$0$1"
607,3,"G53","Thief","Dagger","Diamond Dagger of Pain (Imperial)",53,"4|||||150||280|342|||70",,"69",195,"PD_S7_07.gb#182$Tex\PD_S7_07.GTX$0$0$1"
608,3,"G56","Thief","Dagger","Generals Dagger (Imperial)",56,"4|1||||200||311|372|||73",,"69",196,"PD_S7_08.gb#182$Tex\PD_S7_08.GTX$0$0$1"
609,3,"G59","Thief","Dagger","Dagger of High Class Doggebi (Imperial)",59,"6|2||||300||377|462|||76",,"69",197,"PD_S8_03.gb#182$Tex\PD_S8_03.GTX$0$0$1"
610,3,"G62","Thief","Dagger","Golden dagger (Imperial)",62,"5|4|||1|450||462|570|||83",,"69",198,"PD_S9_03.gb#182$Tex\PD_S9_03.GTX$0$0$1"
611,3,"G65","Thief","Dagger","Dragon Dagger of Sky (Imperial)",65,"6|4|||2|550||550|658|||86",,"69",199,"PD_S9_04.gb#182$Tex\PD_S9_04.GTX$0$0$1"
612,7,"G0",,"Trinket","Apprentice Thief Trinket",0,"|1||||220|100",,,3,"$0"
613,1,"G65b","Knight","Armor","Blood Dragon Scaled Armor",65,"2|9|||1||||||||34|70|10|2|2|2|2|2","0","-",221,"CW_12_a01.gb#200$Tex\CW_12_a01.GTX$0#0$0$1"
614,1,"G65b","Knight","Shorts","Blood Dragon Scaled Shorts",64,"1|4|||1||||||||41|67|8|1|1|1|1|1","0","-",222,"CW_12_p01.gb#182$Tex\CW_12_p01.GTX$0$0$1"
615,1,"G65b","Archer","Armor","Blood Dragon Armor",65,"4|2|||6||||||||33|68|5|1|1|1|1|1","0","-",219,"CM_12_a01.gb#254$Tex\CM_12_a01.GTX#Tex\CM_12_a02.GTX#Tex\CM_12_h02.GTX$0#0#0#1#2$0$1"
616,1,"G65b","Archer","Shorts","Blood Dragon Shorts",64,"2|1|||3||||||||56|31|3|1|1|1|1|1","0","-",220,"CM_12_p01.gb#218$Tex\CM_12_p01.GTX#Tex\CM_12_p02.GTX#Tex\CM_12_a01.GTX$0#1#2$0$1"
617,1,"G65b","Magician","Armor","Blood Dragon DeaChangEau Clothes",65,"|7|1|8|||||||||34|47|4|10|10|10|7|7","0","-",223,"CR_12_a01.gb#236$Tex\CR_12_a01.GTX#Tex\CR_12_a02.GTX#Tex\CR_12_h03.GTX$0#0#1#2$0$1"
618,1,"G65b","Magician","Shorts","Blood Dragon DeaChangEau Shorts",64,"|4|1|5|||||||||38|35|4|6|6|6|6|6","0","-",224,"CR_12_p01.gb#182$Tex\CR_12_p01.GTX$0$0$1"
619,12,"G11","Thief","Animal","Eagle",11,,,,0,"GB08_B01.gb#200$Tex\PGB08_01.GTX#Tex\PGB08_02.GTX$0#1$0$1"
620,12,"G21","Thief","Animal","Eagle",21,,,,0,"GB08_B02.gb#200$Tex\PGB08_01.GTX#Tex\PGB08_02.GTX$0#1$0$1"
621,12,"G31","Thief","Animal","Eagle",31,,,,0,"GD08_B01.gb#200$Tex\PGD08_B01.GTX#Tex\PGD08_B02.GTX$0#1$0$1"
622,12,"G41","Thief","Animal","Eagle",41,,,,0,"GD16_B01.gb#200$Tex\GD16_b1.GTX$0#0$0$1 GD16_B02.gb#200$Tex\GD16_b2.GTX$0#0$0$1 GD16_B03.gb#200$Tex\GD16_b3.GTX$0#0$0$1"
623,3,"G70","Knight","Sw.1H","Blood Dragons Sword",70,"7|4|||3|650||388|458|||89","0","166",200,"PS_S21_01.gb#182$Tex\PS_S21_01.GTX$0$0$1"
624,3,"G70","Knight","Sw.2H","Blood Dragons Giant Sword",70,"11|3|||0|600||628|698|||88","0","168",201,"PS_S21_02.gb#182$Tex\PS_S21_02.GTX$0$0$1"
625,2,"G65","Knight","Shield","Blood Dragons Shield",65,"||||||||||||12|45|3","0","174",232,"PS_B21_01.gb#182$Tex\PS_B21_01.GTX$0$0$1"
626,3,"G70","Archer","Bow","Blood Dragons Bow",70,"1|2|||11|500|100|373|443|||87","0","170",202,"PB_s21_01.gb#200$Tex\PB_s21_01.GTX$0#0$0$1"
627,3,"G70","Magician","Stick","Blood Dragons Stick",70,"|2|9|5||450|250|231|241|490|560|78","0","172",203,"PG_s21_01.gb#200$Tex\PG_s21_01.GTX$0#0$0$1"
628,3,"G70","Magician","Stick","Blood Dragons Stick of Ruin",70,"||25||||450|258|268|525|595|76","0","172",203,"PG_s21_01.gb#200$Tex\PG_s21_01.GTX$0#0$0$1"
629,3,"G70","Magician","Stick","Blood Dragons Stick of Hell",70,"|||18|10||650|212|222|435|505|80","0","172",203,"PG_s21_01.gb#200$Tex\PG_s21_01.GTX$0#0$0$1"
630,3,"G70","Thief","Dagger","Blood Dragons Dagger",70,"7|4|||3|650||588|686|||97","0","173",204,"PD_S21_01.gb#182$Tex\PD_S21_01.GTX$0$0$1"
631,3,"G62","Magician","Stick","Golden Stick of Distress",62,"||10||||350|210|220|375|445|70","0","146",139,"PG_S12_01.gb#200$Tex\PG_S12_01.GTX$0#0$0$0"
632,3,"G62","Magician","Stick","Golden Stick of Sabbath",62,"|||14|6||450|172|182|305|375|74","0","146",139,"PG_S12_01.gb#200$Tex\PG_S12_01.GTX$0#0$0$0"
633,3,"G65","Magician","Stick","Dragons Insight Stick of Sky",65,"||12||||400|234|244|450|520|73","0","151",147,"PG_S12_02.gb#182$Tex\PG_S12_04.GTX$0$0$0"
634,3,"G65","Magician","Stick","Dragons Fury Stick of Sky",65,"|||16|8||550|192|202|370|440|77","0","151",147,"PG_S12_02.gb#182$Tex\PG_S12_04.GTX$0$0$0"
635,0,"G65","Thief","All","Blood Dragon Suit of Thief",65,"13|23|||7|||||||17|133|211|21",,"ita_t11",0,"CT_0_f01.gb#182$Tex\CT_0_f01.GTX$0$0$1"
636,1,"G65","Thief","Armor","Blood Dragon Suit of T",65,"3|5|||4|||||||8|12|66|6|1|1|1||",,,227,"CT_12_a01.gb#200$Tex\CT_12_a01.GTX#Tex\CT_12_a02.GTX$0#1$0$1"
637,1,"G65","Thief","Boots","Blood Dragon Suit of T Boots",62,"2||||3||||||||39|40|3|||1||",,,230,"CT_12_s01.gb#182$Tex\CT_12_s01.GTX$0$0$1"
638,1,"G65","Thief","Gloves","Blood Dragon Suit of T Gloves",61,"4|1|||||||||||11|36|4||1|||",,,229,"CT_12_g01.gb#182$Tex\CT_12_g01.GTX$0$0$1"
639,1,"G65","Thief","Helmet","Blood Dragon Suit of T Helmet",63,"2|13|||||||||||10|41|4|1||||",,,228,"CT_12_h01.gb#182$Tex\CT_12_h01.GTX$0$0$1"
640,1,"G65","Thief","Shorts","Blood Dragon Suit of T Shorts",64,"2|4||||||||||9|61|28|4|1|1|1||",,,231,"CT_12_p01.gb#218$Tex\CT_12_a02.GTX#Tex\CT_12_p01.GTX#Tex\CT_12_p02.GTX$0#1#2$0$1"
641,1,"G65b","Thief","Armor","Blood Dragon Suit of T",65,"2|9|||1|||||||5|12|66|8|1|1|1|1|1",,,225,"CT_12_a01.gb#200$Tex\CT_12_a01.GTX#Tex\CT_12_a02.GTX$0#1$0$1"
642,1,"G65b","Thief","Shorts","Blood Dragon Suit of T Shorts",64,"1|7||||||||||6|61|28|6|1|1|1|1|1",,,226,"CT_12_p01.gb#218$Tex\CT_12_a02.GTX#Tex\CT_12_p01.GTX#Tex\CT_12_p02.GTX$0#1#2$0$1"
643,3,"G65","Magician","Stick","Red Dragon Imperial Stick of Immortality",65,"|1|10|3||450|300|235|255|435|505|77","0","155",151,"PG_S12_04.gb#182$Tex\PG_S12_04.GTX$0$0$0"
644,3,"G65","Magician","Stick","Blood Dragon Imperial Stick of Pain",65,"||15||||600|249|259|465|535|77","0","155",151,"PG_S12_04.gb#182$Tex\PG_S12_04.GTX$0$0$0"
645,3,"G65","Magician","Stick","Blood Dragon Imperial Stick of Ruin",65,"|||19|10||750|207|217|385|455|79","0","155",151,"PG_S12_04.gb#182$Tex\PG_S12_04.GTX$0$0$0"
646,3,"G70","Knight","Sw.1H","Imperial Blood Dragons Sword",70,"7|4|||3|650||456|533|||89","0","167",205,"PS_S21_03.gb#182$Tex\PS_S21_03.GTX$0$0$1"
647,3,"G70","Knight","Sw.2H","Imp. Blood Dragons Giant Sword",70,"11|3|||0|600||715|791|||88","0","169",206,"PS_S21_04.gb#182$Tex\PS_S21_04.GTX$0$0$1"
648,3,"G70","Archer","Bow","Imperial Blood Dragons Bow",70,"1|2|||11|500|100|450|526|||87","0","171",207,"PB_s21_02.gb#200$Tex\PB_s21_02.GTX$0#0$0$1"
649,3,"G70","Magician","Stick","Blood Dragons Imperial Stick Of pain",70,"||11|5||550|350|248|258|503|573|80","0","172",208,"PG_s21_02.gb#200$Tex\PG_s21_02.GTX$0#0$0$1"
650,3,"G70","Magician","Stick","Blood Dragons Imperial Stick of Ruin",70,"||28||||650|273|283|540|610|78","0","172",208,"PG_s21_02.gb#200$Tex\PG_s21_02.GTX$0#0$0$1"
651,3,"G70","Magician","Stick","Blood Dragons Imperial Stick of Hell",70,"|||21|12||850|227|237|450|520|82","0","172",208,"PG_s21_02.gb#200$Tex\PG_s21_02.GTX$0#0$0$1"
652,3,"G70","Thief","Dagger","Imperial Blood Dragons Dagger",70,"7|4|||3|650||638|746|||89","0","173",209,"PD_S21_02.gb#182$Tex\PD_S21_03.GTX$0$0$1"
653,3,"G65","Magician","Stick","Dragons Imperial Stick of Immortality",65,"||11|5|||300|245|255|462|532|77","0","155",151,"PG_S12_04.gb#182$Tex\PG_S12_04.GTX$0$0$0"
654,3,"G70","Magician","Stick","Imperial Blood Dragons Stick",70,"|2|3|9||450|250|259|266|539|616|78","0","172",208,"PG_s21_02.gb#200$Tex\PG_s21_02.GTX$0#0$0$1"
655,3,"G70","Magician","Stick","Red Dragons Imperial Stick of Immortality",70,"||12|8|||350|268|278|530|600|80","0","172",208,"PG_s21_02.gb#200$Tex\PG_s21_02.GTX$0#0$0$1"
656,2,"G70","Knight","Shield","Heavenly Executioner Shield",70,"||||||||||||14|56|4","0","175",233,"PS_B23_01.gb#182$Tex\PS_B23_01.GTX$0$0$1"
657,3,"G75","Knight","Sw.1H","Heavenly Executioner Sword",75,"8|4|||4|750||480|550|||92","0","176",210,"PS_S23_01.gb#182$Tex\PS_S23_01.GTX$0$0$1"
658,3,"G75","Knight","Sw.2H","Heavenly Executioner Giant Sword",75,"13|3|||0|700||700|770|||91","0","177",211,"PS_S23_02.gb#182$Tex\PS_S23_02.GTX$0$0$1"
659,3,"G75","Archer","Bow","Heavenly Executioner Bow",75,"1|2|||13|550|150|475|545|||90","0","178",212,"PB_s23_01.gb#182$Tex\PB_s23_01.GTX$0$0$1"
660,3,"G75","Thief","Dagger","Heavenly Executioner Dagger",75,"8|4|||4|750||672|770|||100","0","179",213,"PD_S23_01.gb#182$Tex\PD_S23_01.GTX$0$0$1"
661,3,"G75","Magician","Stick","Heavenly Executioner Stick",75,"|3|10|3|0|550|300|252|262|560|630|81","0","180",214,"PG_s23_01.gb#182$Tex\PG_s23_01.GTX$0$0$1"
662,3,"G75","Magician","Stick","Heavenly Executioner Stick of Ruin",75,"||29||||300|282|292|600|670|79","0","181",214,"PG_s23_02.gb#182$Tex\PG_s23_01.GTX$0$0$1"
663,3,"G75","Magician","Stick","Heavenly Executioner Stick of Hell",75,"|2||20|10||750|232|242|500|570|83","0","182",214,"PG_s23_03.gb#182$Tex\PG_s23_03.GTX$0$0$1"
664,3,"G75","Knight","Sw.1H","Heavenly Executioner Sword (Imperial)",75,"8|4|||4|750||519|596|||92","0","176",215,"PS_S23_03.gb#182$Tex\PS_S23_01.GTX$0$0$1"
665,3,"G75","Knight","Sw.2H","Heavenly Executioner Giant Sword (Imperial)",75,"13|3|||0|700||770|846|||91","0","177",216,"PS_S23_04.gb#182$Tex\PS_S23_04.GTX$0$0$1"
666,3,"G75","Archer","Bow","Heavenly Executioner Bow (Imperial)",75,"1|2|||13|550|150|521|596|||90","0","178",217,"PB_s23_02.gb#182$Tex\PB_s23_01.GTX$0$0$1"
667,3,"G75","Thief","Dagger","Heavenly Executioner Dagger (Imperial)",75,"8|4|||4|750||726|834|||92","0","179",218,"PD_S23_02.gb#182$Tex\PD_S23_01.GTX$0$0$1"
668,3,"G75","Magician","Stick","Heavenly Executioner Stick (Imperial)",75,"|3|10|3|0|550|300|286|290|616|693|81","0","180",219,"PG_s23_04.gb#182$Tex\PG_s23_01.GTX$0$0$1"
669,3,"G75","Magician","Stick","Heavenly Executioner Stick of Ruin (Imperial)",75,"||32||||700|297|307|615|685|81","0","181",219,"PG_s23_05.gb#182$Tex\PG_s23_01.GTX$0$0$1"
670,3,"G75","Magician","Stick","Heavenly Executioner Stick of Hell (Imperial)",75,"|2||23|12||950|247|257|515|585|85","0","182",219,"PG_s23_06.gb#182$Tex\PG_s23_03.GTX$0$0$1"
671,0,"G70","Archer","All","Heavenly Executioner Armor",70,"14|8|||16|350|300|||||4|182|239|29|3.5|3.5|3.5|3.5|3.5","0","ita_a12",0,"CM_0_f01.gb#182$Tex\CM_0_f01.GTX$0$0$0"
672,1,"G70","Archer","Armor","Heavenly Executioner Armor",70,"4|3|||8|150|150|||||1|40|75|8|2|2|2|2|2","0","-",234,"CM_14_a01.gb#200$Tex\CM_14_a01.GTX#Tex\CM_14_a02.GTX$0#1$0$1"
673,1,"G70","Archer","Boots","Heavenly Executioner Boots",70,"2|1|||2|50|50||||||47|40|4|||||2","0","-",235,"CM_14_s01.gb#182$Tex\CM_14_s01.GTX$0$0$1"
674,1,"G70","Archer","Gloves","Heavenly Executioner Gloves",70,"4||||1|||||||3|17|43|5||||2|","0","-",236,"CM_14_g01.gb#182$Tex\CM_14_g01.GTX$0$0$1"
675,1,"G70","Archer","Helmet","Heavenly Executioner Helmet",70,"3|2||||50|50||||||18|46|5|2||||","0","-",237,"CM_14_h01.gb#200$Tex\CM_14_h01.GTX$0#0$0$1"
676,1,"G70","Archer","Shorts","Heavenly Executioner Shorts",70,"1|2|||5|100|50||||||60|35|7|1.5|1.5|1.5|0.5|","0","-",238,"CM_14_p01.gb#218$Tex\CM_14_p01.GTX#Tex\CM_14_p02.GTX#Tex\CM_14_a02.GTX$2#0#1$0$1"
677,0,"G70","Knight","All","Heavenly Executioner Armor",70,"24|7|||11|420|130|||||5|136|357|38|2|2|2|2|2","0","ita_k12",0,"CW_0_f01.gb#182$Tex\CW_0_f01.GTX$0$0$0"
678,1,"G70","Knight","Armor","Heavenly Executioner Armor",70,"12|3|||3|200|100|||||3|34|83|11|1|1|1|1|1","0","-",241,"CW_14_a01.gb#182$Tex\CW_14_a01.GTX$0$0$1"
679,1,"G70","Knight","Boots","Heavenly Executioner Boots",70,"|2|||3||||||||32|56|6||2|||","0","-",242,"CW_14_s01.gb#182$Tex\CW_14_s01.GTX$0$0$1"
680,1,"G70","Knight","Gloves","Heavenly Executioner Gloves",70,"4||||1||||||||13|71|5","0","-",243,"CW_14_g01.gb#182$Tex\CW_14_g01.GTX$0$0$1"
681,1,"G70","Knight","Helmet","Heavenly Executioner Helmet",70,"2|2|||2|100|||||||16|72|6|2||||","0","-",244,"CW_14_h01.gb#182$Tex\CW_14_h01.GTX$0$0$1"
682,1,"G70","Knight","Shorts","Heavenly Executioner Shorts",70,"6||||2|120|30|||||2|41|75|10|1|1|1|1|1","0","-",245,"CW_14_p01.gb#182$Tex\CW_14_p01.GTX$0$0$1"
683,0,"G70","Magician","All","Heavenly Executioner Armor",70,"|5|33|11||310|510||||||159|208|12|39.5|39.5|39.5|32.5|32.5","0","ita_m12",0,"CR_0_f01.gb#182$Tex\CR_0_f01.GTX$0$0$0"
684,1,"G70","Magician","Armor","Heavenly Executioner Armor",70,"|1|18|2||100|250||||||43|52|3|10.5|10.5|10.5|7.5|7.5","0","-",248,"CR_14_a01.gb#218$Tex\CR_14_a01.GTX#Tex\CR_14_a02.GTX#Tex\CR_14_a03.GTX$2#0#1$0$1"
685,1,"G70","Magician","Boots","Heavenly Executioner Boots",70,"||2|3||30|70||||||33|42|2|6|6|6|7|7","0","-",249,"CR_14_s01.gb#182$Tex\CR_14_s01.GTX$0$0$1"
686,1,"G70","Magician","Gloves","Heavenly Executioner Gloves",70,"||2|3||50|50||||||19|38|2|8|8|8|6|6","0","-",250,"CR_14_g01.gb#182$Tex\CR_14_g01.GTX$0$0$1"
687,1,"G70","Magician","Helmet","Heavenly Executioner Helmet",70,"|3|2|||30|70||||||19|38|2|9|9|9|6|6","0","-",251,"CR_14_h01.gb#200$Tex\CR_14_h01.GTX$0#0$0$1"
688,1,"G70","Magician","Shorts","Heavenly Executioner Shorts",70,"|1|9|3||100|70||||||45|38|3|6|6|6|6|6","0","-",252,"CR_14_p01.gb#182$Tex\CR_14_p01.GTX$0$0$1"
689,0,"G70b","Knight","All","Heavenly Executioner Armor",70,"10|21|||8|500|50||||||142|359|39|4.5|4.5|4.5|4.5|4.5","0","ita_k12",0,"CW_0_f01.gb#182$Tex\CW_0_f01.GTX$0$0$0"
690,1,"G70b","Knight","Armor","Heavenly Executioner Armor",70,"2|12|||1|250|50||||||37|85|12|3|3|3|3|3","0","-",246,"CW_14_a01.gb#182$Tex\CW_14_a01.GTX$0$0$1"
691,1,"G70b","Knight","Shorts","Heavenly Executioner Shorts",70,"2|5|||1|150|||||||44|75|10|1.5|1.5|1.5|1.5|1.5","0","-",247,"CW_14_p01.gb#182$Tex\CW_14_p01.GTX$0$0$1"
692,0,"G70b","Archer","All","Heavenly Executioner Armor",70,"18|6|||14|350|300|||||5|188|239|24|3.5|3.5|3.5|3.5|3.5","0","ita_a12",0,"CM_0_f01.gb#182$Tex\CM_0_f01.GTX$0$0$0"
693,1,"G70b","Archer","Armor","Heavenly Executioner Armor",70,"6|2|||7|150|150||||||43|75|6|2|2|2|2|2","0","-",239,"CM_14_a01.gb#200$Tex\CM_14_a01.GTX#Tex\CM_14_a02.GTX$0#1$0$1"
694,1,"G70b","Archer","Shorts","Heavenly Executioner Shorts",70,"3|1|||4|100|50|||||2|63|35|4|1.5|1.5|1.5|1.5|1.5","0","-",240,"CM_14_p01.gb#218$Tex\CM_14_p01.GTX#Tex\CM_14_p02.GTX#Tex\CM_14_a02.GTX$2#0#1$0$1"
695,0,"G70b","Magician","All","Heavenly Executioner Armor",70,"|17|8|24||330|490||||||153|208|16|42.5|42.5|42.5|35.5|35.5","0","ita_m12",0,"CR_0_f01.gb#182$Tex\CR_0_f01.GTX$0$0$0"
696,1,"G70b","Magician","Armor","Heavenly Executioner Armor",70,"|9|1|11||150|200||||||40|52|5|12|12|12|9|9","0","-",253,"CR_14_a01.gb#218$Tex\CR_14_a01.GTX#Tex\CR_14_a02.GTX#Tex\CR_14_a03.GTX$2#0#1$0$1"
697,1,"G70b","Magician","Shorts","Heavenly Executioner Shorts",70,"|5|1|7||70|100||||||42|38|5|7.5|7.5|7.5|7.5|7.5","0","-",254,"CR_14_p01.gb#182$Tex\CR_14_p01.GTX$0$0$1"
698,0,"G70","Thief","All","Heavenly Executioner Suit of Thief",70,"19|24|||11|300|300|||||17|153|239|26|5.5|5.5|5.5|1.5|1.5","0","ita_t12",0,"CT_0_f01.gb#182$Tex\CT_0_f01.GTX$0$0$1"
699,1,"G70","Thief","Armor","Heavenly Executioner Suit of T",70,"5|5|||5|150|150||||||20|75|7|2|2|2|1|1","0","-",255,"CT_14_a01.gb#200$Tex\CT_14_a01.GTX#Tex\CT_14_top.GTX$0#1$0$1"
700,1,"G70","Thief","Boots","Heavenly Executioner Suit of T Boots",70,"3||||4|50|50||||||43|43|4|||2||","0","-",256,"CT_14_s01.gb#182$Tex\CT_14_s01.GTX$0$0$1"
701,1,"G70","Thief","Gloves","Heavenly Executioner Suit of T Gloves",70,"5|2||||||||||8|13|40|5||2|||","0","-",257,"CT_14_g01.gb#182$Tex\CT_14_g01.GTX$0$0$1"
702,1,"G70","Thief","Helmet","Heavenly Executioner Suit of T Helmet",70,"3|13|||1|50|50||||||11|46|5|2||||","0","-",258,"CT_14_h01.gb#182$Tex\CT_14_h01.GTX$0$0$1"
703,1,"G70","Thief","Shorts","Heavenly Executioner Suit of T Shorts",70,"3|4|||1|100|50|||||9|66|35|5|1.5|1.5|1.5|0.5|0.5","0","-",259,"CT_14_p01.gb#200$Tex\CT_14_a01.GTX#Tex\CT_14_pants.GTX$0#1$0$1"
704,0,"G70b","Thief","All","Heavenly Executioner Suit of Thief",70,"19|24|||11|300|300|||||17|153|239|26|5.5|5.5|5.5|1.5|1.5","0","ita_t12",0,"CT_0_f01.gb#182$Tex\CT_0_f01.GTX$0$0$1"
705,1,"G70b","Thief","Armor","Heavenly Executioner Suit of T",70,"5|9|||1|150|150||||||21|74|9|2|2|2|2|2","0","-",260,"CT_14_a01.gb#200$Tex\CT_14_a01.GTX#Tex\CT_14_top.GTX$0#1$0$1"
706,1,"G70b","Thief","Shorts","Heavenly Executioner Suit of T Shorts",70,"3|7||||100|50|||||6|67|34|7|1.5|1.5|1.5|3.5|3.5","0","-",261,"CT_14_p01.gb#200$Tex\CT_14_a01.GTX#Tex\CT_14_pants.GTX$0#1$0$1"
280,4,,,"Head","Head",0,,,,,"$0"
284,5,"G20",,"Meal","Cooked Potato",0,"It recovers 420 of your health after 30 seconds.",,,,"$0"
292,5,"G48",,"Meal","Big Piece of Meat",0,"It recovers 420 of your health after 30 seconds.",,,,"$0"
301,5,"G20",,"Water","Best Water of Geum-Oh Mountain",0,"It recovers 240 of your energy after 30 seconds.",,,,"$0"
303,5,"G28",,"Water","Medium Water of Geum-Oh Valley",0,"It recovers 420 of your energy after 30 seconds.",,,,"$0"
311,5,"G60",,"Water","Medium Boiling Water",0,"It recovers 1560 of your energy after 30 seconds.",,,,"$0"
319,6,,,"ToI Intelligence","""Worshipful"" / ""Sharp""",0,"27|20|22|38",,"5",,"$0"
326,6,,,"ToI Intelligence","""Sublime"" / ""Sharp""",0,"28|16|22|39",,"5",,"$0"
332,6,,,"ToI Strength","""Barbaric"" / ""Harsh""",0,"9|12|3|35",,"5",,"$0"
337,6,,,"ToI Strength","""Invincible"" / ""Harsh""",0,"10|8|3|36",,"5",,"$0"
343,6,,,"ToI","""Steely"" / ""Ablaze""",0,"81|24|15|38",,"5",,"$0"
351,6,,,"ToW Strength","""Strongest Mans"" / ""Forced""",0,"5|30|1|48",,"5",,"$0"
357,6,,,"ToW Intelligence","""Wise"" / ""Fictional""",0,"25|30|21|48",,"5",,"$0"
363,6,,,"ToW Agility","""Dashy"" / ""Agile""",0,"45|30|41|48",,"5",,"$0"
369,6,,,"ToP","""Prideful"" / ""Healthy""",0,"85|17|11|59",,"5",,"$0"
374,6,,,"ToA","Talisman of Accuracy",0,"On target point +1",,"2",,"$0"
380,8,,,"Shop","Stone of Chance",0,,,,,"$0"
384,4,,,"Mirror","Forth Piece of Bronze Mirror",0,,,,,"$0"
389,4,,,"Blood","Blood of Big Handed",0,,,,,"$0"
393,7,"G0",,"Trinket","Apprentice Scholars Trinket",0,"|||1||20|300",,,3,"$0"
426,9,,,"Stone","Stone of Ice",0,"|||||||||||||||||||||5||||||,|||||||||||||||||||||10||||||",,"3",0,"$0"
465,4,,,"Stone","Revision Stone",0,,,,0,"$0"
