mon_azon,mon_name,mon_group,mon_lvl,mon_hp,mon_ai,mon_range,mon_sight1,mon_sight2,mon_exp,mon_str,mon_hea,mon_int,mon_wis,mon_agi,mon_mp,mon_attspd,mon_otp,mon_eva,mon_minatt,mon_maxatt,mon_mag1,mon_mag2,mon_def1,mon_def2,mon_absorb,mon_move1,mon_move2,mon_res1,mon_res2,mon_res3,mon_res4,mon_res5,mon_pic,mon_3d
1,"Demon Vulgar",1,1,133,1,20,160,240,2,21,1,10,10,2,70,2400,0,0,7,7,0,0,0,0,0,1600,800,,,,,,1,"M001_B1.gb#57$Tex\M001.GTX$0$-1$0 M001_H1.gb#57$Tex\M001.GTX$0$-1$0"
2,"Demon Scout",1,3,168,1,16,160,240,4,27,2,10,10,4,70,2400,0,0,8,8,0,0,1,1,0,1600,800,0,0,1,1,1,2,"M002_B1.gb#57$Tex\M002.GTX$0$-1$0 M002_H1.gb#57$Tex\M002.GTX$0$-1$0"
3,"Demon Spearhead",1,4,186,1,20,160,240,6,30,3,10,10,6,70,2400,2,0,9,9,0,0,2,2,0,1600,800,0,0,1,1,1,3,"M003_B1.gb#57$Tex\M003.GTX$0$-1$0 M003_H1.gb#57$Tex\M003.GTX$0$-1$0"
4,"Demon Plunderer",1,5,207,1,16,160,240,9,33,4,10,10,8,70,2000,5,0,12,12,0,0,4,4,0,1600,800,1,1,2,2,2,4,"M004_B1.gb#57$Tex\M004.GTX$0$-1$0 M004_H1.gb#57$Tex\M004.GTX$0$-1$0"
5,"Wild Small Demon",1,6,243,1,16,160,240,12,36,5,10,10,10,70,1600,5,0,13,13,0,0,5,5,0,1600,800,1,1,3,3,3,5,"M005_B1.gb#57$Tex\M012.GTX$0$-1$0 M005_H1.gb#57$Tex\M012.GTX$0$-1$0"
6,"Demon Escort Soldier",1,8,289,2,20,160,240,16,42,7,10,10,10,70,1600,7,1,16,16,0,0,6,6,1,1600,800,2,2,3,3,3,6,"M006_B1.gb#57$Tex\M013.GTX$0$-1$0 M006_H1.gb#57$Tex\M013.GTX$0$-1$0"
7,"Demon Escort Archer",1,8,314,2,96,160,240,18,42,9,10,10,17,72,2000,7,3,18,18,0,0,8,8,1,1600,800,3,3,4,4,4,7,"M007_B1.gb#57$Tex\M014.GTX$0$-1$0 M007_H1.gb#57$Tex\M014.GTX$0$-1$0"
8,"Demon Scout Commander",1,9,338,2,20,160,240,22,48,11,10,10,14,70,1600,10,5,23,23,0,0,10,10,1,1600,800,5,5,7,7,7,9,"M008_B1.gb#57$Tex\M015.GTX$0$-1$0 M008_H1.gb#57$Tex\M015.GTX$0$-1$0"
9,"Suicide Bomber",1,11,373,1,20,160,320,27,42,13,12,12,12,90,1600,13,7,29,29,0,0,12,12,1,1600,800,4,4,6,6,6,8,"M009_B1.gb#75$Tex\M009.GTX#Tex\M009_1.GTX$0#1$-1$0 M009_H1.gb#57$Tex\M009.GTX$0$-1$0"
10,"Demon Carcass Scavenger",3,13,400,1,28,160,320,31,52,15,8,8,21,70,1600,16,9,32,32,0,0,14,14,2,1600,800,6,6,9,9,9,13,"M010_B1.gb#57$Tex\M010_a.GTX$0$-1$0 M010_H1.gb#57$Tex\M010_a.GTX$0$-1$0"
11,"Big Handed Inhabitant",2,14,434,1,28,160,320,35,56,17,16,12,12,70,2000,16,10,41,41,0,0,16,16,2,1600,800,7,7,9,9,9,10,"M025_B1.gb#57$Tex\M025.GTX$0$-1$0"
12,"Big Handed Slave",2,15,473,1,28,160,320,38,60,19,16,12,12,70,2000,18,13,46,46,0,0,18,18,2,1600,800,8,8,10,10,10,11,"M026_B1.gb#75$Tex\M026.GTX$0#0$-1$0"
13,"Naughty Doggebi",18,15,,1,28,160,320,10,52,15,8,8,21,70,1600,16,9,32,32,0,0,14,14,2,1600,800,6,6,9,9,9,49,"M044_B1.gb#75$Tex\M044.GTX$0#0$-1$0 M044_B2.gb#57$Tex\M044.GTX$0$-1$0 M044_B3.gb#57$Tex\M044.GTX$0$-1$0"
14,"Demon Soldier",3,16,490,1,28,160,320,42,64,21,8,8,21,70,1450,19,14,50,50,0,0,20,20,2,1600,800,9,9,10,10,10,14,"M011_B1.gb#57$Tex\M011_a.GTX$0$-1$0 M011_H1.gb#57$Tex\M011_a.GTX$0$-1$0"
15,"Big Handed Blue Warrior",2,17,525,2,28,160,320,45,66,23,16,12,12,70,1500,18,16,54,54,0,0,21,21,2,1600,800,10,10,11,11,11,12,"M027_B1.gb#57$Tex\M027.GTX$0$-1$0"
16,"Big Handed Red Warrior",2,18,552,2,28,160,320,48,68,23,16,12,12,70,1500,19,17,57,57,0,0,22,22,2,1600,800,10,10,11,11,11,12,"M028_B1.gb#57$Tex\M028.GTX$0$-1$0"
17,"Demon Infantry",3,19,606,1,28,160,320,52,70,25,8,8,21,70,1450,21,18,58,58,0,0,23,23,2,1600,800,11,11,12,12,12,15,"M012_B1.gb#57$Tex\M012_a.GTX$0$-1$0 M012_H1.gb#57$Tex\M012_a.GTX$0$-1$0"
18,"Demon Throwing Soldier",3,20,631,1,96,160,320,55,72,27,8,8,28,70,1450,21,20,62,62,0,0,20,20,2,1600,800,12,12,13,13,13,16,"M013_B1.gb#57$Tex\M013_a.GTX$0$-1$0 M013_H1.gb#57$Tex\M013_a.GTX$0$-1$0"
19,"Wild Demon Soldier",3,21,711,2,28,200,320,60,74,29,8,8,21,70,1350,23,21,66,66,0,0,29,29,2,1600,800,13,13,14,14,14,17,"M014_B1.gb#57$Tex\M014_a.GTX$0$-1$0 M014_H1.gb#57$Tex\M014_a.GTX$0$-1$0"
20,"Demon Shock Trooper",3,22,711,2,28,200,320,65,76,31,8,8,21,70,1350,26,22,70,71,0,0,31,31,2,1600,800,13,13,15,15,15,18,"M015_B1.gb#57$Tex\M015_a.GTX$0$-1$0 M015_H1.gb#57$Tex\M010_a.GTX$0$-1$0"
21,"Demon Flag Bearer",3,23,759,1,28,160,320,71,78,33,8,8,21,70,1350,27,23,74,75,0,0,33,33,2,1600,800,14,14,16,16,16,19,"M016_B1.gb#57$Tex\M016_a.GTX$0$-1$0 M016_H1.gb#57$Tex\M016_a.GTX$0$-1$0"
22,"Demon Water Dragon",4,24,777,1,28,160,320,77,80,35,4,6,24,70,1500,29,25,78,79,0,0,34,34,2,1600,800,15,15,17,17,17,24,"M021_B1.gb#57$Tex\M021.GTX$0$-1$0 M021_B2.gb#57$Tex\M021.GTX$0$-1$0 M021_H1.gb#57$Tex\M021.GTX$0$-1$0"
23,"Demon Band",3,25,803,1,28,160,320,80,81,35,8,8,21,70,1350,31,27,86,87,0,0,35,35,2,1600,800,15,15,18,18,18,20,"M017_B1.gb#57$Tex\M017_a.GTX$0$-1$0 M017_H1.gb#57$Tex\M017_a.GTX$0$-1$0"
24,"Hungry Demon Water Dragon",4,26,827,2,28,200,320,86,82,35,3,6,24,70,1500,32,29,95,96,0,0,36,36,2,1600,800,16,16,18,18,18,25,"M022_B1.gb#57$Tex\M022.GTX$0$-1$0 M022_B2.gb#57$Tex\M022.GTX$0$-1$0 M022_H1.gb#57$Tex\M022.GTX$0$-1$0"
25,"Demon Armored Knight",3,27,864,2,28,106,320,92,84,35,8,8,21,70,1350,34,31,105,107,0,0,37,37,6,1600,800,17,17,19,19,19,21,"M018_B1.gb#57$Tex\M018_a.GTX$0$-1$0 M018_H1.gb#57$Tex\M018_a.GTX$0$-1$0"
26,"Demon Water Dragon Predator",4,28,905,2,28,160,320,99,86,37,4,6,24,70,1500,37,33,111,113,0,0,38,38,6,1600,800,17,17,19,19,19,26,"M023_B1.gb#57$Tex\M023.GTX$0$-1$0 M023_B2.gb#57$Tex\M023.GTX$0$-1$0 M023_H1.gb#57$Tex\M023.GTX$0$-1$0"
27,"Demon Mad Knight",3,29,938,2,28,160,320,105,88,38,8,8,30,70,1200,35,37,118,120,0,0,39,39,3,1600,800,18,18,20,20,20,22,"M019_B1.gb#57$Tex\M019-a.GTX$0$-1$0 M019_H1.gb#57$Tex\M019-a.GTX$0$-1$0"
28,"Castoff Baby Ghost",5,30,1014,2,20,160,320,109,90,40,2,1,36,70,1400,42,40,126,129,0,0,41,41,0,1600,800,19,19,20,20,20,28,"M029_B1.gb#57$Tex\M029.GTX$0$-1$0"
29,"Ghost of Young Man",5,31,1105,2,20,160,320,120,91,42,2,1,38,70,1400,44,43,135,138,0,0,41,41,0,1600,800,19,19,20,20,20,29,"M030_B1.gb#57$Tex\M030.GTX$0$-1$0"
30,"Ghost of Young Woman",5,32,1198,2,20,160,320,131,92,44,2,1,40,70,1400,45,49,145,148,0,0,41,41,0,1600,800,19,19,20,20,20,30,"M031_B1.gb#57$Tex\M031.GTX$0$-1$0"
31,"Ghost of Blacksmith",5,33,1258,2,20,160,320,141,93,46,2,1,42,70,1400,48,52,155,158,0,0,41,41,0,1600,800,19,19,20,20,20,31,"M032_B1.gb#57$Tex\M032.GTX$0$-1$0"
32,"Demon Commander",3,34,1744,2,28,160,320,133,94,50,12,9,36,70,1400,49,44,225,225,0,0,70,70,12,1600,800,41,41,49,49,49,23,"M020_B1.gb#57$Tex\M020_a.GTX$0$-1$0 M020_H1.gb#57$Tex\M020_a.GTX$0$-1$0"
33,"Ghost of Guard",5,34,1384,2,20,160,320,152,95,48,2,1,43,70,1400,52,55,165,168,0,0,41,41,0,1600,800,19,19,20,20,20,32,"M033_B1.gb#57$Tex\M033.GTX$0$-1$0"
34,"Devil Soldier",6,34,1377,2,28,200,320,171,96,52,14,7,43,70,1550,52,51,165,168,0,0,53,53,4,1600,750,24,24,26,26,26,35,"M037_B1.gb#57$Tex\M037.GTX$0$-1$0 M037_B2.gb#57$Tex\M037.GTX$0$-1$0 M037_H1.gb#57$Tex\M037.GTX$0$-1$0"
35,"Fellow Traveler to the Other World",5,35,1465,2,20,160,320,160,98,54,2,1,44,70,1400,54,51,175,178,0,0,41,41,0,1600,800,19,19,20,20,20,33,"M034_B1.gb#57$Tex\M034.GTX$0$-1$0"
36,"Devil Soldier with Twin Blades",6,36,1521,2,28,200,320,179,100,56,14,7,46,70,1550,57,51,182,186,0,0,59,59,4,1600,750,24,24,26,26,26,36,"M038_B1.gb#57$Tex\M038.GTX$0$-1$0 M038_B2.gb#57$Tex\M038.GTX$0$-1$0 M038_H1.gb#57$Tex\M038.GTX$0$-1$0"
37,"Demon Water Dragon Commander",4,37,1979,2,28,160,320,167,101,58,4,6,24,70,1500,52,56,261,261,0,0,72,72,0,1600,800,30,30,34,34,34,27,"M024_B1.gb#75$Tex\M024.GTX$0#0$-1$0 M024_B2.gb#75$Tex\M024.GTX$0#0$-1$0 M024_H1.gb#75$Tex\M024.GTX$0#0$-1$0"
38,"Sealed Ghost Troop",5,37,2121,2,20,160,320,221,103,58,2,1,48,70,1400,58,52,192,196,0,0,50,50,0,1600,800,19,19,20,20,20,34,"M035_B1.gb#57$Tex\M035.GTX$0$-1$0 M035_B2.gb#57$Tex\M035.GTX$0$-1$0 M035_B3.gb#57$Tex\M035.GTX$0$-1$0 M035_B4.gb#57$Tex\M035.GTX$0$-1$0"
39,"Devil Soldier with Bow",6,37,1630,2,120,200,320,185,102,58,14,7,48,70,1600,59,52,192,196,0,0,61,61,4,1600,750,24,24,26,26,26,37,"M039_B1.gb#57$Tex\M039.GTX$0$-1$0 M039_B2.gb#57$Tex\M039.GTX$0$-1$0 M039_H1.gb#57$Tex\M039.GTX$0$-1$0"
40,"Devil Soldier with Sword",6,38,1663,2,28,200,320,192,105,60,14,7,49,70,1550,64,52,200,204,0,0,63,63,4,1600,750,25,25,28,28,28,38,"M040_B1.gb#57$Tex\M040.GTX$0$-1$0 M040_B2.gb#57$Tex\M040.GTX$0$-1$0 M040_H1.gb#57$Tex\M040.GTX$0$-1$0"
41,"Ghost Troop",,39,,2,20,160,320,240,107,62,2,1,51,70,1400,70,60,208,212,0,0,50,50,10,1600,800,19,19,20,20,20,-1,
42,"Devil Soldier with Spear",6,39,1759,2,80,200,320,199,111,62,14,7,51,70,1600,66,53,209,213,0,0,66,66,4,1600,750,25,25,28,28,28,39,"M041_B1.gb#57$Tex\M041.GTX$0$-1$0 M041_B2.gb#57$Tex\M041.GTX$0$-1$0 M041_H1.gb#57$Tex\M041.GTX$0$-1$0"
43,"Devil Troop of Desire",7,40,1947,2,34,200,320,345,110,64,10,10,52,70,1500,69,53,260,261,0,0,47,39,8,1400,600,26,26,26,40,40,42,"M052_H1.gb#57$Tex\M052.GTX$0$-1$0"
44,"Devil Troop of Pain",7,41,2016,2,34,200,320,357,112,66,10,10,53,70,1500,70,53,264,265,0,0,48,40,8,1400,600,26,26,26,40,40,43,"M053_H1.gb#57$Tex\M053.GTX$0$-1$0"
45,"Enemy of Hyun-Woong",18,41,2016,1,34,200,320,100,112,66,10,10,53,70,1600,70,53,264,265,0,0,48,56,8,1600,750,38,38,38,40,40,36,"M038_B1.gb#57$Tex\M038.GTX$0$-1$0 M038_B2.gb#57$Tex\M038.GTX$0$-1$0 M038_H1.gb#57$Tex\M038.GTX$0$-1$0"
46,"Devil Troop of Greed",7,42,2091,2,34,200,320,366,114,68,10,10,54,70,1500,71,54,269,270,0,0,49,41,8,1400,600,27,27,27,40,40,44,"M054_H1.gb#57$Tex\M054.GTX$0$-1$0"
47,"Heuk Yong",18,42,2087,1,34,200,320,120,114,68,10,10,54,70,1500,71,54,269,270,0,0,49,49,8,1600,800,39,39,39,40,40,36,"M038_B1.gb#57$Tex\M038.GTX$0$-1$0 M038_B2.gb#57$Tex\M038.GTX$0$-1$0 M038_H1.gb#57$Tex\M038.GTX$0$-1$0"
48,"Dae-Il",18,42,2087,1,34,200,320,120,114,68,10,10,54,70,1500,71,54,269,270,0,0,49,49,8,1600,800,39,39,39,40,40,36,"M038_B1.gb#57$Tex\M038.GTX$0$-1$0 M038_B2.gb#57$Tex\M038.GTX$0$-1$0 M038_H1.gb#57$Tex\M038.GTX$0$-1$0"
49,"Goon-Sang-Ji",18,42,2087,1,34,200,320,120,114,68,10,10,54,70,1500,71,54,269,270,0,0,49,49,8,1600,800,39,39,39,40,40,36,"M038_B1.gb#57$Tex\M038.GTX$0$-1$0 M038_B2.gb#57$Tex\M038.GTX$0$-1$0 M038_H1.gb#57$Tex\M038.GTX$0$-1$0"
50,"Yoo",18,42,2087,1,34,200,320,120,114,68,10,10,54,70,1500,71,54,269,270,0,0,49,49,8,1600,800,39,39,39,40,40,36,"M038_B1.gb#57$Tex\M038.GTX$0$-1$0 M038_B2.gb#57$Tex\M038.GTX$0$-1$0 M038_H1.gb#57$Tex\M038.GTX$0$-1$0"
51,"Ma-Gwang",18,42,2087,1,34,200,320,120,114,68,10,10,54,70,1500,71,54,269,270,0,0,49,49,8,1600,800,39,39,39,40,40,36,"M038_B1.gb#57$Tex\M038.GTX$0$-1$0 M038_B2.gb#57$Tex\M038.GTX$0$-1$0 M038_H1.gb#57$Tex\M038.GTX$0$-1$0"
52,"Devil Troop of Jealousy",7,43,2160,2,34,200,320,392,116,70,10,10,55,70,1500,72,54,275,276,0,0,50,42,9,1400,600,27,27,27,40,40,45,"M055_H1.gb#57$Tex\M055.GTX$0$-1$0"
53,"Assassin who killed Yong-Chun",18,43,2160,2,34,200,320,120,116,70,10,10,55,70,1500,72,54,275,276,0,0,50,50,9,1600,800,39,39,39,40,40,36,"M038_B1.gb#57$Tex\M038.GTX$0$-1$0 M038_B2.gb#57$Tex\M038.GTX$0$-1$0 M038_H1.gb#57$Tex\M038.GTX$0$-1$0"
54,"Devil Troop of HatRed",7,44,2233,2,34,200,320,423,118,72,10,10,56,70,1500,73,54,282,283,0,0,51,43,9,1400,600,28,28,28,40,40,46,"M056_H1.gb#57$Tex\M056.GTX$0$-1$0"
55,"Doggebi of Monster Face",8,45,2670,2,28,200,320,486,115,75,10,10,57,70,1500,74,58,245,268,0,0,92,78,15,1600,500,21,21,21,40,40,49,"M044_B1.gb#75$Tex\M044.GTX$0#0$-1$0 M044_B2.gb#57$Tex\M044.GTX$0$-1$0 M044_B3.gb#57$Tex\M044.GTX$0$-1$0"
56,"Devil Troop of Madness",7,45,2310,2,34,200,320,459,120,74,10,10,57,70,1500,74,54,290,291,0,0,52,44,9,1400,600,29,29,29,40,40,47,"M057_H1.gb#57$Tex\M057.GTX$0$-1$0"
57,"2nd Devil Monster",6,45,2741,2,80,200,320,487,126,70,16,9,62,70,1500,73,64,321,321,0,0,81,81,7,1600,700,38,38,40,40,40,40,"M042_B1.gb#75$Tex\M042.GTX$0#0$-1$0 M042_B2.gb#75$Tex\M042.GTX$0$-1$0 M042_H1.gb#57$Tex\M042.GTX$0$-1$0"
58,"1st Devil Monster",6,46,3996,2,80,200,320,487,126,76,16,9,62,70,1500,79,64,241,421,0,0,81,81,14,1600,700,38,38,40,40,40,41,"M043_B1.gb#75$Tex\M043.GTX$0#0$-1$0 M043_B2.gb#75$Tex\M043.GTX$0$-1$0 M043_H1.gb#57$Tex\M043.GTX$0$-1$0"
59,"Devil Troop of Anger",7,46,2387,2,34,200,320,482,122,76,10,10,58,70,1500,75,55,299,300,0,0,53,45,10,1400,600,30,30,30,40,40,48,"M058_H1.gb#57$Tex\M058.GTX$0$-1$0"
60,"Doggebi with a Gong",8,47,2827,2,28,200,320,563,117,79,10,10,59,70,1500,76,58,249,276,0,0,96,81,16,1600,500,21,21,21,40,40,50,"M045_B1.gb#129$Tex\M045.GTX#Tex\M045_1.GTX$0#1#0#1#1$-1$0 M045_B2.gb#57$Tex\M045.GTX$0$-1$0 M045_B3.gb#57$Tex\M045.GTX$0$-1$0"
61,"Drunken Doggebi",8,48,2909,2,28,200,320,585,119,81,10,10,60,70,1500,77,59,251,284,0,0,100,85,16,1600,500,21,21,21,40,40,51,"M046_B1.gb#75$Tex\M046.GTX$0#0$-1$0 M046_B2.gb#57$Tex\M046.GTX$0$-1$0 M046_B3.gb#57$Tex\M046.GTX$0$-1$0"
62,"Devil Troop of Absorbing Green",18,48,8433,1,34,200,320,482,145,190,84,84,98,70,1500,75,55,264,324,0,0,53,45,10,1400,600,42,42,42,40,40,43,"M058_H1.gb#57$Tex\M058.GTX$0$-1$0"
63,"Doggebi with a Mask of Black Crow",8,49,2991,2,28,200,320,604,120,83,10,10,61,70,1500,78,59,253,292,0,0,104,88,17,1600,500,22,22,22,40,40,52,"M047_B1.gb#75$Tex\M047.GTX$0#0$-1$0 M047_B2.gb#57$Tex\M047.GTX$0$-1$0 M047_B3.gb#57$Tex\M047.GTX$0$-1$0"
64,"Doggebi with a Mask of Black Panther",8,50,3376,2,28,200,320,635,122,85,10,10,62,70,1500,79,59,258,300,0,0,108,91,17,1600,500,22,22,22,40,40,53,"M048_B1.gb#75$Tex\M048.GTX$0#0$-1$0 M048_B2.gb#57$Tex\M048.GTX$0$-1$0 M048_B3.gb#57$Tex\M048.GTX$0$-1$0"
65,"Evil Spirit",,50,,0,0,0,0,0,0,0,0,0,0,0,0,0,0,0,0,0,50,1000,50,0,0,100,100,100,100,0,,-1,"M214_B1.gb#94$Tex\M214.GTX$0$-1$0"
66,"Giant Doggebi",8,51,3462,2,28,200,320,660,124,87,10,10,64,70,1500,80,60,261,312,0,0,115,97,18,1600,500,22,22,22,40,40,54,"M049_B1.gb#75$Tex\M049.GTX$0#0$-1$0 M049_B2.gb#57$Tex\M049.GTX$0$-1$0 M049_B3.gb#57$Tex\M049.GTX$0$-1$0"
67,"Guardian of Doggebi",8,52,3550,2,28,200,320,693,125,89,10,10,65,70,1500,81,60,264,324,0,0,120,102,18,1600,500,23,23,23,40,40,55,"M050_B1.gb#57$Tex\M050.GTX$0$-1$0 M050_B2.gb#57$Tex\M050.GTX$0$-1$0 M050_B3.gb#57$Tex\M050.GTX$0$-1$0"
68,"Doggebi of Monster Face D1",8,52,3658,2,28,190,320,770,130,92,10,10,65,70,1600,81,60,290,350,0,0,105,88,19,1600,500,24,24,24,40,40,49,"M044_B1.gb#75$Tex\M044.GTX$0#0$-1$0 M044_B2.gb#57$Tex\M044.GTX$0$-1$0 M044_B3.gb#57$Tex\M044.GTX$0$-1$0"
69,"Devil Troop of Desire D1",7,52,2355,2,34,190,320,770,110,64,10,10,52,70,1600,81,57,350,351,0,0,75,65,10,1400,600,29,29,29,40,40,42,"M052_H1.gb#57$Tex\M052.GTX$0$-1$0"
70,"Rotten Skeleton Warrior of the Royal Tomb with Sword 1",9,53,4138,2,28,200,320,823,125,95,60,50,67,150,1400,84,61,335,400,0,0,130,104,20,1500,500,28,28,28,40,40,56,"M078_B1.gb#57$Tex\M078.GTX$0$-1$0 M078_B2.gb#57$Tex\M078.GTX$0$-1$0 M078_B3.gb#57$Tex\M078.GTX$0$-1$0 M078_B4.gb#57$Tex\M078_1.GTX$0$-1$0"
71,"Rotten Skeleton Warrior of the Royal Tomb with Spear 1",9,53,4138,2,32,200,320,823,125,95,60,50,67,150,1400,84,61,335,400,0,0,130,104,20,1500,500,28,28,28,40,40,56,"M079_B1.gb#57$Tex\M079.GTX$0$-1$0 M079_B2.gb#57$Tex\M079.GTX$0$-1$0 M079_B3.gb#57$Tex\M079.GTX$0$-1$0 M079_B4.gb#57$Tex\M079_1.GTX$0$-1$0"
72,"Doggebi with a Gong D1",8,53,3825,2,28,190,320,823,131,92,10,10,67,70,1600,84,61,305,360,0,0,115,89,20,1600,500,25,25,25,40,40,50,"M045_B1.gb#129$Tex\M045.GTX#Tex\M045_1.GTX$0#1#0#1#1$-1$0 M045_B2.gb#57$Tex\M045.GTX$0$-1$0 M045_B3.gb#57$Tex\M045.GTX$0$-1$0"
73,"Devil Troop of Pain D1",7,53,2495,2,34,190,320,823,112,66,10,10,53,70,1600,84,58,360,361,0,0,76,66,11,1400,600,29,29,29,40,40,43,"M053_H1.gb#57$Tex\M053.GTX$0$-1$0"
74,"Rotten Skeleton Warrior of the Royal Tomb with Sword 2",9,54,4194,2,28,200,320,866,126,96,60,50,67,150,1400,84,61,338,402,0,0,131,104,20,1500,500,28,28,28,40,40,56,"M078_B1.gb#57$Tex\M078.GTX$0$-1$0 M078_B2.gb#57$Tex\M078.GTX$0$-1$0 M078_B3.gb#57$Tex\M078.GTX$0$-1$0 M078_B4.gb#57$Tex\M078_1.GTX$0$-1$0"
75,"Rotten Skeleton Warrior of the Royal Tomb with Spear 2",9,54,4194,2,32,200,320,866,126,96,60,50,67,150,1400,84,61,338,402,0,0,131,104,20,1500,500,28,28,28,40,40,56,"M079_B1.gb#57$Tex\M079.GTX$0$-1$0 M079_B2.gb#57$Tex\M079.GTX$0$-1$0 M079_B3.gb#57$Tex\M079.GTX$0$-1$0 M079_B4.gb#57$Tex\M079_1.GTX$0$-1$0"
76,"Chief of Angry Doggebi Troop",18,54,,1,28,200,320,693,186,230,92,92,110,70,1500,75,60,264,324,0,0,120,102,18,1600,500,38,38,38,40,40,55,"M050_B1.gb#57$Tex\M050.GTX$0$-1$0 M050_B2.gb#57$Tex\M050.GTX$0$-1$0 M050_B3.gb#57$Tex\M050.GTX$0$-1$0"
77,"Drunken Doggebi D1",8,54,4118,2,28,190,320,866,132,94,10,10,67,70,1600,84,61,308,370,0,0,116,89,20,1600,500,25,25,25,40,40,51,"M046_B1.gb#75$Tex\M046.GTX$0#0$-1$0 M046_B2.gb#57$Tex\M046.GTX$0$-1$0 M046_B3.gb#57$Tex\M046.GTX$0$-1$0"
78,"Devil Troop of Greed D1",7,54,2495,2,34,190,320,866,114,68,10,10,54,70,1600,85,58,368,369,0,0,77,67,12,1400,600,30,30,30,40,40,44,"M054_H1.gb#57$Tex\M054.GTX$0$-1$0"
79,"Rotten Skeleton Warrior of the Royal Tomb with Sword 3",9,55,4249,2,28,200,320,909,127,97,60,50,67,150,1400,85,61,340,404,0,0,132,105,20,1500,500,28,28,28,40,40,56,"M078_B1.gb#57$Tex\M078.GTX$0$-1$0 M078_B2.gb#57$Tex\M078.GTX$0$-1$0 M078_B3.gb#57$Tex\M078.GTX$0$-1$0 M078_B4.gb#57$Tex\M078_1.GTX$0$-1$0"
80,"Rotten Skeleton Warrior of the Royal Tomb with Spear 3",9,55,4249,2,32,200,320,909,127,97,60,50,67,150,1400,85,61,340,404,0,0,132,105,20,1500,500,28,28,28,40,40,56,"M079_B1.gb#57$Tex\M079.GTX$0$-1$0 M079_B2.gb#57$Tex\M079.GTX$0$-1$0 M079_B3.gb#57$Tex\M079.GTX$0$-1$0 M079_B4.gb#57$Tex\M079_1.GTX$0$-1$0"
81,"Doggebi with a Mask of Black Crow D1",8,55,4211,2,28,190,320,909,133,96,10,10,67,70,1600,85,61,310,380,0,0,117,90,20,1600,500,25,25,25,40,40,52,"M047_B1.gb#75$Tex\M047.GTX$0#0$-1$0 M047_B2.gb#57$Tex\M047.GTX$0$-1$0 M047_B3.gb#57$Tex\M047.GTX$0$-1$0"
82,"Devil Troop of Jealousy D1",7,55,2568,2,34,190,320,909,116,70,10,10,55,70,1600,85,58,370,371,0,0,78,68,13,1400,600,30,30,30,40,40,45,"M055_H1.gb#57$Tex\M055.GTX$0$-1$0"
83,"Minister of the Royal Tomb 1",9,56,4405,2,28,200,320,952,129,98,64,50,68,150,1400,85,62,345,405,0,0,134,107,21,1500,500,29,29,29,41,41,57,"M080_B1.gb#57$Tex\M080.GTX$0$-1$0 M080_B2.gb#57$Tex\M080.GTX$0$-1$0 M080_B3.gb#57$Tex\M080.GTX$0$-1$0"
84,"Maid of Honor of the Royal Tomb 1",9,56,,2,28,200,320,952,129,98,64,50,68,150,1400,85,62,345,405,0,0,134,107,21,1500,500,29,29,29,41,41,58,"M081_B1.gb#57$Tex\M081.GTX$0$-1$0 M081_B2.gb#57$Tex\M081.GTX$0$-1$0 M081_B3.gb#57$Tex\M081.GTX$0$-1$0 M081_B4.gb#57$Tex\M081.GTX$0$-1$0"
85,"Doggebi with a Mask of Black Panther D1",8,56,4405,2,28,190,320,952,134,98,10,10,68,70,1600,85,62,312,390,0,0,119,92,21,1600,500,26,26,26,41,41,53,"M048_B1.gb#75$Tex\M048.GTX$0#0$-1$0 M048_B2.gb#57$Tex\M048.GTX$0$-1$0 M048_B3.gb#57$Tex\M048.GTX$0$-1$0"
86,"Devil Troop of HatRed D1",7,56,2641,2,34,190,320,952,118,72,10,10,56,70,1600,85,59,372,373,0,0,79,69,14,1400,600,32,32,32,41,41,46,"M056_H1.gb#57$Tex\M056.GTX$0$-1$0"
87,"High Class Doggebi of Monster Face 1",13,56,5005,2,28,190,320,952,134,98,10,10,68,70,1600,85,62,312,400,0,0,119,92,21,1600,500,26,26,26,40,41,49,"M044_B1.gb#75$Tex\M044.GTX$0#0$-1$0 M044_B2.gb#57$Tex\M044.GTX$0$-1$0 M044_B3.gb#57$Tex\M044.GTX$0$-1$0"
88,"Minister of the Royal Tomb 2",9,57,,2,28,200,320,997,130,98,64,50,68,150,1400,86,62,345,408,0,0,135,108,21,1500,500,29,29,29,41,41,57,"M080_B1.gb#57$Tex\M080.GTX$0$-1$0 M080_B2.gb#57$Tex\M080.GTX$0$-1$0 M080_B3.gb#57$Tex\M080.GTX$0$-1$0"
89,"Maid of Honor of the Royal Tomb 2",9,57,,2,28,200,320,997,130,98,64,50,68,150,1400,86,62,345,408,0,0,135,108,21,1500,500,29,29,29,41,41,58,"M081_B1.gb#57$Tex\M081.GTX$0$-1$0 M081_B2.gb#57$Tex\M081.GTX$0$-1$0 M081_B3.gb#57$Tex\M081.GTX$0$-1$0 M081_B4.gb#57$Tex\M081.GTX$0$-1$0"
90,"Minister of the Royal Tomb 3",9,57,,2,40,280,320,997,130,98,64,50,68,300,1400,86,62,345,408,0,0,135,108,21,1500,500,30,30,30,41,41,57,"M080_B1.gb#57$Tex\M080.GTX$0$-1$0 M080_B2.gb#57$Tex\M080.GTX$0$-1$0 M080_B3.gb#57$Tex\M080.GTX$0$-1$0"
91,"Maid of Honor of the Royal Tomb 3",9,57,,2,40,280,320,997,130,98,64,50,68,300,1400,86,62,345,408,0,0,135,108,21,1500,500,30,30,30,41,41,58,"M081_B1.gb#57$Tex\M081.GTX$0$-1$0 M081_B2.gb#57$Tex\M081.GTX$0$-1$0 M081_B3.gb#57$Tex\M081.GTX$0$-1$0 M081_B4.gb#57$Tex\M081.GTX$0$-1$0"
92,"Giant Doggebi D1",8,57,4503,2,28,190,320,997,135,100,10,10,68,70,1600,86,62,315,400,0,0,120,93,21,1600,500,26,26,26,40,41,54,"M049_B1.gb#75$Tex\M049.GTX$0#0$-1$0 M049_B2.gb#57$Tex\M049.GTX$0$-1$0 M049_B3.gb#57$Tex\M049.GTX$0$-1$0"
93,"Devil Troop of Madness D1",7,57,2718,2,34,190,320,997,120,74,10,10,57,70,1600,86,59,375,376,0,0,80,70,15,1400,600,32,32,32,41,41,47,"M057_H1.gb#57$Tex\M057.GTX$0$-1$0"
94,"High Class Doggebi of Monster Face 2",13,57,5103,2,28,190,320,1020,134,100,10,10,68,70,1600,86,62,318,410,0,0,121,93,21,1600,500,26,26,26,40,41,49,"M044_B1.gb#75$Tex\M044.GTX$0#0$-1$0 M044_B2.gb#57$Tex\M044.GTX$0$-1$0 M044_B3.gb#57$Tex\M044.GTX$0$-1$0"
95,"The Royal Tomb Keeper with Sword 1",9,58,,2,28,200,320,1055,132,101,72,50,70,150,1400,87,63,348,410,0,0,137,109,22,1500,500,30,30,30,42,42,59,"M082_B1.gb#57$Tex\M082.GTX$0$-1$0 M082_B2.gb#57$Tex\M082.GTX$0$-1$0 M082_B3.gb#57$Tex\M082.GTX$0$-1$0 M082_B4.gb#57$Tex\M082_1.GTX$0$-1$0"
96,"The Royal Tomb Keeper with Sword 2",9,58,,2,28,200,320,1055,132,101,72,50,70,150,1400,87,63,348,410,0,0,137,109,22,1500,500,30,30,30,42,42,59,"M082_B1.gb#57$Tex\M082.GTX$0$-1$0 M082_B2.gb#57$Tex\M082.GTX$0$-1$0 M082_B3.gb#57$Tex\M082.GTX$0$-1$0 M082_B4.gb#57$Tex\M082_1.GTX$0$-1$0"
97,"The Royal Tomb Keeper with Ball 1",9,58,,2,32,200,320,1055,132,101,72,50,70,150,1400,87,63,348,410,0,0,137,109,22,1500,500,30,30,30,42,42,59,"M085_B1.gb#57$Tex\M085.GTX$0$-1$0 M085_B2.gb#57$Tex\M085.GTX$0$-1$0 M085_B3.gb#57$Tex\M085_1.GTX$0$-1$0"
98,"The Royal Tomb Keeper with Ball 2",9,58,,2,28,200,320,1055,132,101,72,50,70,150,1400,87,63,348,410,0,0,137,109,22,1500,500,30,30,30,42,42,59,"M085_B1.gb#57$Tex\M085.GTX$0$-1$0 M085_B2.gb#57$Tex\M085.GTX$0$-1$0 M085_B3.gb#57$Tex\M085_1.GTX$0$-1$0"
99,"The Royal Tomb Keeper with Spear 1",9,58,,2,36,280,320,1055,132,101,72,50,70,300,1400,87,63,348,410,0,0,137,109,22,1500,500,31,31,31,42,42,60,"M084_B1.gb#57$Tex\M084.GTX$0$-1$0 M084_B2.gb#57$Tex\M084.GTX$0$-1$0 M084_B3.gb#57$Tex\M084_1.GTX$0$-1$0"
100,"The Royal Tomb Keeper with Spear 2",9,58,,2,36,280,320,1055,132,101,72,50,70,300,1400,87,63,348,410,0,0,137,109,22,1500,500,31,31,31,42,42,60,"M084_B1.gb#57$Tex\M084.GTX$0$-1$0 M084_B2.gb#57$Tex\M084.GTX$0$-1$0 M084_B3.gb#57$Tex\M084_1.GTX$0$-1$0"
101,"The Royal Tomb Keeper with Shield 1",9,58,,2,48,280,320,1055,132,101,72,50,70,300,1400,87,63,348,410,0,0,137,109,22,1500,500,31,31,31,42,42,59,"M083_B1.gb#57$Tex\M083.GTX$0$-1$0 M083_B2.gb#57$Tex\M083.GTX$0$-1$0 M083_B3.gb#57$Tex\M083_1.GTX$0$-1$0 M083_B4.gb#57$Tex\M083_2.GTX$0$-1$0"
102,"The Royal Tomb Keeper with Shield 2",9,58,,2,36,280,320,1055,132,101,72,50,70,300,1400,87,63,348,410,0,0,137,109,22,1500,500,31,31,31,42,42,59,"M083_B1.gb#57$Tex\M083.GTX$0$-1$0 M083_B2.gb#57$Tex\M083.GTX$0$-1$0 M083_B3.gb#57$Tex\M083_1.GTX$0$-1$0 M083_B4.gb#57$Tex\M083_2.GTX$0$-1$0"
103,"Guardian of Doggebi D1",8,58,4800,2,28,190,320,1055,136,102,10,10,70,70,1600,87,63,318,410,0,0,122,94,22,1600,500,27,27,27,40,42,55,"M050_B1.gb#57$Tex\M050.GTX$0$-1$0 M050_B2.gb#57$Tex\M050.GTX$0$-1$0 M050_B3.gb#57$Tex\M050.GTX$0$-1$0"
104,"Devil Troop of Anger D1",7,58,2795,2,34,190,320,1055,122,76,10,10,58,70,1600,87,60,378,379,0,0,81,71,15,1400,600,33,33,33,42,42,48,"M058_H1.gb#57$Tex\M058.GTX$0$-1$0"
105,"High Class Doggebi of Monster Face 3",13,58,5200,2,28,190,320,1088,136,102,10,10,68,70,1600,87,63,324,420,0,0,123,94,21,1600,500,26,26,26,40,41,49,"M044_B1.gb#75$Tex\M044.GTX$0#0$-1$0 M044_B2.gb#57$Tex\M044.GTX$0$-1$0 M044_B3.gb#57$Tex\M044.GTX$0$-1$0"
106,"High Class Doggebi with a Gong 1",13,58,5383,2,28,190,320,1156,138,104,10,10,70,70,1600,88,63,330,430,0,0,125,95,22,1600,500,27,27,27,41,42,50,"M045_B1.gb#129$Tex\M045.GTX#Tex\M045_1.GTX$0#1#0#1#1$-1$0 M045_B2.gb#57$Tex\M045.GTX$0$-1$0 M045_B3.gb#57$Tex\M045.GTX$0$-1$0"
107,"The Royal Tomb Keeper with Sword 3",9,59,,2,28,200,320,1100,134,102,72,50,70,150,1400,87,63,350,413,0,0,138,110,22,1500,500,30,30,30,42,42,59,"M082_B1.gb#57$Tex\M082.GTX$0$-1$0 M082_B2.gb#57$Tex\M082.GTX$0$-1$0 M082_B3.gb#57$Tex\M082.GTX$0$-1$0 M082_B4.gb#57$Tex\M082_1.GTX$0$-1$0"
108,"The Royal Tomb Keeper with Ball 3",9,59,,2,28,200,320,1100,134,102,72,50,70,150,1400,87,63,350,413,0,0,138,110,22,1500,500,30,30,30,42,42,59,"M085_B1.gb#57$Tex\M085.GTX$0$-1$0 M085_B2.gb#57$Tex\M085.GTX$0$-1$0 M085_B3.gb#57$Tex\M085_1.GTX$0$-1$0"
109,"The Royal Tomb Keeper with Spear 3",9,59,,2,32,200,320,1100,134,102,72,50,70,150,1400,87,63,350,413,0,0,138,110,22,1500,500,30,30,30,42,42,60,"M084_B1.gb#57$Tex\M084.GTX$0$-1$0 M084_B2.gb#57$Tex\M084.GTX$0$-1$0 M084_B3.gb#57$Tex\M084_1.GTX$0$-1$0"
110,"The Royal Tomb Keeper with Shield 3",9,59,,2,28,200,320,1100,134,102,72,50,70,150,1400,87,63,350,413,0,0,138,110,22,1500,500,30,30,30,42,42,59,"M083_B1.gb#57$Tex\M083.GTX$0$-1$0 M083_B2.gb#57$Tex\M083.GTX$0$-1$0 M083_B3.gb#57$Tex\M083_1.GTX$0$-1$0 M083_B4.gb#57$Tex\M083_2.GTX$0$-1$0"
111,"High Class Doggebi with a Gong 2",13,59,5484,2,28,190,320,1224,138,106,10,10,70,70,1600,89,64,336,440,0,0,127,96,22,1600,500,27,27,27,41,42,50,"M045_B1.gb#129$Tex\M045.GTX#Tex\M045_1.GTX$0#1#0#1#1$-1$0 M045_B2.gb#57$Tex\M045.GTX$0$-1$0 M045_B3.gb#57$Tex\M045.GTX$0$-1$0"
112,"The Royal Tomb Keeper with Sword 4",9,60,,2,28,200,320,1145,136,103,72,50,71,150,1400,88,64,352,416,0,0,139,111,23,1500,500,31,31,31,43,43,59,"M082_B1.gb#57$Tex\M082.GTX$0$-1$0 M082_B2.gb#57$Tex\M082.GTX$0$-1$0 M082_B3.gb#57$Tex\M082.GTX$0$-1$0 M082_B4.gb#57$Tex\M082_1.GTX$0$-1$0"
113,"The Royal Tomb Keeper with Ball 4",9,60,,2,28,200,320,1145,136,103,72,50,71,150,1400,88,64,352,416,0,0,139,111,23,1500,500,31,31,31,43,43,59,"M085_B1.gb#57$Tex\M085.GTX$0$-1$0 M085_B2.gb#57$Tex\M085.GTX$0$-1$0 M085_B3.gb#57$Tex\M085_1.GTX$0$-1$0"
114,"The Royal Tomb Keeper with Spear 4",9,60,,2,32,200,320,1145,136,103,72,50,71,150,1400,88,64,352,416,0,0,139,111,23,1500,500,31,31,31,43,43,60,"M084_B1.gb#57$Tex\M084.GTX$0$-1$0 M084_B2.gb#57$Tex\M084.GTX$0$-1$0 M084_B3.gb#57$Tex\M084_1.GTX$0$-1$0"
115,"The Royal Tomb Keeper with Shield 4",9,60,,2,28,200,320,1145,136,103,72,50,71,150,1400,88,64,352,416,0,0,139,111,23,1500,500,31,31,31,43,43,59,"M083_B1.gb#57$Tex\M083.GTX$0$-1$0 M083_B2.gb#57$Tex\M083.GTX$0$-1$0 M083_B3.gb#57$Tex\M083_1.GTX$0$-1$0 M083_B4.gb#57$Tex\M083_2.GTX$0$-1$0"
116,"The Royal Tomb Keeper with Sword 5",9,60,,2,36,280,320,1145,136,103,72,50,71,300,1400,88,64,352,416,0,0,139,111,23,1500,500,32,32,32,44,44,59,"M082_B1.gb#57$Tex\M082.GTX$0$-1$0 M082_B2.gb#57$Tex\M082.GTX$0$-1$0 M082_B3.gb#57$Tex\M082.GTX$0$-1$0 M082_B4.gb#57$Tex\M082_1.GTX$0$-1$0"
117,"The Royal Tomb Keeper with Ball 5",9,60,,2,36,280,320,1145,136,103,72,50,71,300,1400,88,64,352,416,0,0,139,111,23,1500,500,32,32,32,44,44,59,"M085_B1.gb#57$Tex\M085.GTX$0$-1$0 M085_B2.gb#57$Tex\M085.GTX$0$-1$0 M085_B3.gb#57$Tex\M085_1.GTX$0$-1$0"
118,"The Royal Tomb Keeper with Spear 5",9,60,,2,48,280,320,1145,136,103,72,50,71,300,1400,88,64,352,416,0,0,139,111,23,1500,500,32,32,32,44,44,60,"M084_B1.gb#57$Tex\M084.GTX$0$-1$0 M084_B2.gb#57$Tex\M084.GTX$0$-1$0 M084_B3.gb#57$Tex\M084_1.GTX$0$-1$0"
119,"The Royal Tomb Keeper with Shield 5",9,60,,2,36,280,320,1145,136,103,72,50,71,300,1400,88,64,352,416,0,0,139,111,23,1500,500,32,32,32,44,44,59,"M083_B1.gb#57$Tex\M083.GTX$0$-1$0 M083_B2.gb#57$Tex\M083.GTX$0$-1$0 M083_B3.gb#57$Tex\M083_1.GTX$0$-1$0 M083_B4.gb#57$Tex\M083_2.GTX$0$-1$0"
120,"High Class Doggebi with a Gong 3",13,60,5587,2,28,190,320,1292,140,108,10,10,70,70,1600,90,64,342,450,0,0,129,97,22,1600,500,27,27,27,41,42,50,"M045_B1.gb#129$Tex\M045.GTX#Tex\M045_1.GTX$0#1#0#1#1$-1$0 M045_B2.gb#57$Tex\M045.GTX$0$-1$0 M045_B3.gb#57$Tex\M045.GTX$0$-1$0"
121,"High Class Drunken Doggebi 1",13,60,5775,2,28,190,320,1360,142,110,10,10,72,70,1600,91,65,348,460,0,0,131,98,23,1600,500,28,28,28,42,43,51,"M046_B1.gb#75$Tex\M046.GTX$0#0$-1$0 M046_B2.gb#57$Tex\M046.GTX$0$-1$0 M046_B3.gb#57$Tex\M046.GTX$0$-1$0"
122,"The Royal Tomb Keeper with Sword 6",9,61,,2,28,200,320,1190,138,104,72,50,71,150,1400,89,64,354,419,0,0,140,112,23,1500,500,31,31,31,43,43,59,"M082_B1.gb#57$Tex\M082.GTX$0$-1$0 M082_B2.gb#57$Tex\M082.GTX$0$-1$0 M082_B3.gb#57$Tex\M082.GTX$0$-1$0 M082_B4.gb#57$Tex\M082_1.GTX$0$-1$0"
123,"The Royal Tomb Keeper with Ball 6",9,61,,2,28,200,320,1190,138,104,72,50,71,150,1400,89,64,354,419,0,0,140,112,23,1500,500,31,31,31,43,43,59,"M085_B1.gb#57$Tex\M085.GTX$0$-1$0 M085_B2.gb#57$Tex\M085.GTX$0$-1$0 M085_B3.gb#57$Tex\M085_1.GTX$0$-1$0"
124,"The Royal Tomb Keeper with Spear 6",9,61,,2,32,200,320,1190,138,104,72,50,71,150,1400,89,64,354,419,0,0,140,112,23,1500,500,31,31,31,43,43,60,"M084_B1.gb#57$Tex\M084.GTX$0$-1$0 M084_B2.gb#57$Tex\M084.GTX$0$-1$0 M084_B3.gb#57$Tex\M084_1.GTX$0$-1$0"
125,"The Royal Tomb Keeper with Shield 6",9,61,,2,28,200,320,1190,138,104,72,50,71,150,1400,89,64,354,419,0,0,140,112,23,1500,500,31,31,31,43,43,59,"M083_B1.gb#57$Tex\M083.GTX$0$-1$0 M083_B2.gb#57$Tex\M083.GTX$0$-1$0 M083_B3.gb#57$Tex\M083_1.GTX$0$-1$0 M083_B4.gb#57$Tex\M083_2.GTX$0$-1$0"
126,"Traitor Warrior 1",10,61,,2,32,200,320,1400,140,110,90,50,70,300,1400,90,68,370,440,0,0,160,128,23,1600,600,28,28,28,40,40,61,"M120_B1.gb#75$Tex\M120.GTX$0#0$-1$0 M120_B2.gb#93$Tex\M120.GTX#Tex\M120_1.GTX$0#1#0$-1$0"
127,"Gigantic Species Warrior 1",11,61,5592,2,28,200,320,1400,140,110,90,50,70,300,1400,90,68,370,440,0,0,150,120,20,1600,600,33,33,33,45,45,68,"M127_B1.gb#57$Tex\M127.GTX$0$-1$0 M127_B2.gb#57$Tex\M127.GTX$0$-1$0 M127_B3.gb#57$Tex\M127.GTX$0$-1$0 M127_B4.gb#57$Tex\M127.GTX$0$-1$0 M127_B5.gb#57$Tex\M127.GTX$0$-1$0 M127_H1.gb#57$Tex\M127.GTX$0$-1$0"
128,"Warrior of Shadow Troop 1",12,61,5592,2,44,300,320,1400,140,110,90,50,70,300,1400,90,68,370,440,0,0,150,120,23,1500,500,33,33,33,45,45,75,"M160_B1.gb#57$Tex\M160.GTX$0$-1$0 M160_B2.gb#57$Tex\M160.GTX$0$-1$0 M160_B3.gb#57$Tex\M160_1.GTX$0$-1$0 M160_H1.gb#57$Tex\M160.GTX$0$-1$0"
129,"High Class Drunken Doggebi 2",13,61,5880,2,28,190,320,1428,142,112,10,10,72,70,1600,92,65,354,470,0,0,133,99,23,1600,500,28,28,28,42,43,51,"M046_B1.gb#75$Tex\M046.GTX$0#0$-1$0 M046_B2.gb#57$Tex\M046.GTX$0$-1$0 M046_B3.gb#57$Tex\M046.GTX$0$-1$0"
130,"Demon Crack Soldier 1",14,61,6029,2,44,210,320,1400,140,110,90,50,70,300,1400,90,68,370,440,0,0,150,120,23,1500,500,33,33,33,45,45,80,"M245_B1.gb#112$Tex\M215.GTX$0#0$-1$0 M245_B2.gb#112$Tex\M215.GTX#Tex\M215_2.GTX$0#1$-1$0 M245_H1.gb#112$Tex\M215_1.GTX$0#0$-1$0"
131,"Traitor Warrior 2",10,62,,2,32,200,320,1460,142,112,90,50,71,300,1400,91,68,372,448,0,0,165,132,24,1600,600,28,28,28,40,40,61,"M120_B1.gb#75$Tex\M120.GTX$0#0$-1$0 M120_B2.gb#93$Tex\M120.GTX#Tex\M120_1.GTX$0#1#0$-1$0"
132,"Gigantic Species Warrior 2",11,62,,2,28,200,320,1460,142,112,90,50,71,300,1400,91,68,372,448,0,0,155,124,21,1600,600,33,33,33,45,45,68,"M127_B1.gb#57$Tex\M127.GTX$0$-1$0 M127_B2.gb#57$Tex\M127.GTX$0$-1$0 M127_B3.gb#57$Tex\M127.GTX$0$-1$0 M127_B4.gb#57$Tex\M127.GTX$0$-1$0 M127_B5.gb#57$Tex\M127.GTX$0$-1$0 M127_H1.gb#57$Tex\M127.GTX$0$-1$0"
133,"The Royal Tomb Keeper with Sword 7",9,62,,2,36,280,320,1460,142,112,90,50,71,300,1400,91,68,372,448,0,0,145,125,24,1500,500,33,33,33,45,45,59,"M082_B1.gb#57$Tex\M082.GTX$0$-1$0 M082_B2.gb#57$Tex\M082.GTX$0$-1$0 M082_B3.gb#57$Tex\M082.GTX$0$-1$0 M082_B4.gb#57$Tex\M082_1.GTX$0$-1$0"
134,"The Royal Tomb Keeper with Ball 7",9,62,,2,36,280,320,1460,142,112,90,50,71,300,1400,91,68,372,448,0,0,145,125,24,1500,500,33,33,33,45,45,59,"M085_B1.gb#57$Tex\M085.GTX$0$-1$0 M085_B2.gb#57$Tex\M085.GTX$0$-1$0 M085_B3.gb#57$Tex\M085_1.GTX$0$-1$0"
135,"The Royal Tomb Keeper with Spear 7",9,62,,2,48,280,320,1460,142,112,90,50,71,300,1400,91,68,372,448,0,0,145,125,24,1500,500,33,33,33,45,45,60,"M084_B1.gb#57$Tex\M084.GTX$0$-1$0 M084_B2.gb#57$Tex\M084.GTX$0$-1$0 M084_B3.gb#57$Tex\M084_1.GTX$0$-1$0"
136,"The Royal Tomb Keeper with Shield 7",9,62,,2,36,280,320,1460,142,112,90,50,71,300,1400,91,68,372,448,0,0,145,125,24,1500,500,33,33,33,45,45,59,"M083_B1.gb#57$Tex\M083.GTX$0$-1$0 M083_B2.gb#57$Tex\M083.GTX$0$-1$0 M083_B3.gb#57$Tex\M083_1.GTX$0$-1$0 M083_B4.gb#57$Tex\M083_2.GTX$0$-1$0"
137,"Warrior of Shadow Troop 2",12,62,,2,44,300,320,1460,142,112,90,50,71,300,1400,91,68,372,448,0,0,155,124,24,24,1500,500,33,33,33,45,75,"M160_B1.gb#57$Tex\M160.GTX$0$-1$0 M160_B2.gb#57$Tex\M160.GTX$0$-1$0 M160_B3.gb#57$Tex\M160_1.GTX$0$-1$0 M160_H1.gb#57$Tex\M160.GTX$0$-1$0"
138,"High Class Drunken Doggebi 3",13,62,5988,2,28,190,320,1496,144,114,10,10,72,70,1600,93,66,360,480,0,0,135,100,23,1600,500,28,28,28,42,43,51,"M046_B1.gb#75$Tex\M046.GTX$0#0$-1$0 M046_B2.gb#57$Tex\M046.GTX$0$-1$0 M046_B3.gb#57$Tex\M046.GTX$0$-1$0"
139,"Demon Crack Soldier 2",14,62,6143,2,44,210,320,1460,142,112,90,50,71,300,1400,91,68,373,450,0,0,155,124,23,1500,500,33,33,33,45,45,80,"M245_B1.gb#112$Tex\M215.GTX$0#0$-1$0 M245_B2.gb#112$Tex\M215.GTX#Tex\M215_2.GTX$0#1$-1$0 M245_H1.gb#112$Tex\M215_1.GTX$0#0$-1$0"
140,"Traitor Warrior 3",10,63,,2,32,200,320,1520,144,114,90,50,72,300,1400,92,68,374,456,0,0,170,136,24,1600,600,28,28,28,40,40,61,"M120_B1.gb#75$Tex\M120.GTX$0#0$-1$0 M120_B2.gb#93$Tex\M120.GTX#Tex\M120_1.GTX$0#1#0$-1$0"
141,"Gigantic Species Warrior 3",11,63,,2,28,200,320,1520,144,114,90,50,72,300,1400,92,68,374,456,0,0,160,128,21,1600,600,33,33,33,45,45,68,"M127_B1.gb#57$Tex\M127.GTX$0$-1$0 M127_B2.gb#57$Tex\M127.GTX$0$-1$0 M127_B3.gb#57$Tex\M127.GTX$0$-1$0 M127_B4.gb#57$Tex\M127.GTX$0$-1$0 M127_B5.gb#57$Tex\M127.GTX$0$-1$0 M127_H1.gb#57$Tex\M127.GTX$0$-1$0"
142,"Warrior of Shadow Troop 3",12,63,,2,44,300,320,1520,144,114,90,50,72,300,1400,92,68,374,456,0,0,160,128,24,1500,500,33,33,33,45,45,75,"M160_B1.gb#57$Tex\M160.GTX$0$-1$0 M160_B2.gb#57$Tex\M160.GTX$0$-1$0 M160_B3.gb#57$Tex\M160_1.GTX$0$-1$0 M160_H1.gb#57$Tex\M160.GTX$0$-1$0"
143,"High Class Doggebi with a Mask of Black Crow 1",13,63,6198,2,28,190,320,1564,144,116,10,10,74,70,1600,94,66,366,490,0,0,137,101,24,1600,500,29,29,29,43,44,52,"M047_B1.gb#75$Tex\M047.GTX$0#0$-1$0 M047_B2.gb#57$Tex\M047.GTX$0$-1$0 M047_B3.gb#57$Tex\M047.GTX$0$-1$0"
144,"Demon Crack Soldier 3",14,63,,2,44,210,320,1520,144,114,90,50,72,300,1400,92,68,376,460,0,0,160,128,23,1500,500,33,33,33,45,45,80,"M245_B1.gb#112$Tex\M215.GTX$0#0$-1$0 M245_B2.gb#112$Tex\M215.GTX#Tex\M215_2.GTX$0#1$-1$0 M245_H1.gb#112$Tex\M215_1.GTX$0#0$-1$0"
145,"Trained Traitor Warrior 1",10,64,,2,32,200,320,1580,146,116,90,50,73,300,1400,93,69,380,480,0,0,175,140,24,1600,600,29,29,29,41,41,62,"M121_B1.gb#75$Tex\M121.GTX$0#0$-1$0 M121_B2.gb#75$Tex\M121.GTX#Tex\M121_1.GTX$0#1$-1$0"
146,"Trained Traitor Archer 1",10,64,,2,180,200,320,1580,136,116,90,50,75,300,1600,93,69,360,470,0,0,175,140,24,1600,600,29,29,29,41,41,63,"M122_B1.gb#75$Tex\M122.GTX$0#0$-1$0 M122_B2.gb#75$Tex\M122.GTX#Tex\M122_1.GTX$0#1$-1$0"
147,"Gigantic Species Archer 1",11,64,,2,180,200,320,1580,136,116,90,50,75,300,1400,93,69,360,470,0,0,165,132,21,1600,600,34,34,34,46,46,69,"M128_B1.gb#57$Tex\M127.GTX$0$-1$0 M128_B2.gb#57$Tex\M127.GTX$0$-1$0 M128_B3.gb#57$Tex\M127.GTX$0$-1$0 M128_B4.gb#57$Tex\M127.GTX$0$-1$0 M128_B5.gb#57$Tex\M127.GTX$0$-1$0 M128_B6.gb#57$Tex\M127_2.GTX$0$-1$0 M128_H1.gb#57$Tex\M127.GTX$0$-1$0"
148,"Gigantic Species Shock Trooper 1",11,64,,2,28,200,320,1580,146,116,90,50,73,300,1600,93,69,380,480,0,0,165,132,21,1600,600,34,34,34,46,46,70,"M129_B1.gb#57$Tex\M129.GTX$0$-1$0 M129_B2.gb#57$Tex\M129.GTX$0$-1$0 M129_B3.gb#57$Tex\M129.GTX$0$-1$0 M129_B4.gb#57$Tex\M129.GTX$0$-1$0 M129_B5.gb#57$Tex\M129.GTX$0$-1$0 M129_H1.gb#57$Tex\M129.GTX$0$-1$0"
149,"The Royal Tomb Keeper with Sword 8",9,64,,2,36,280,320,1580,146,116,90,50,73,300,1400,93,69,380,480,0,0,155,132,24,1500,500,34,34,34,46,46,59,"M082_B1.gb#57$Tex\M082.GTX$0$-1$0 M082_B2.gb#57$Tex\M082.GTX$0$-1$0 M082_B3.gb#57$Tex\M082.GTX$0$-1$0 M082_B4.gb#57$Tex\M082_1.GTX$0$-1$0"
150,"The Royal Tomb Keeper with Ball 8",9,64,,2,36,280,320,1580,146,116,90,50,73,300,1400,93,69,380,480,0,0,155,132,24,1500,500,34,34,34,46,46,59,"M085_B1.gb#57$Tex\M085.GTX$0$-1$0 M085_B2.gb#57$Tex\M085.GTX$0$-1$0 M085_B3.gb#57$Tex\M085_1.GTX$0$-1$0"
151,"The Royal Tomb Keeper with Spear 8",9,64,,2,48,280,320,1580,146,116,90,50,73,300,1400,93,69,380,480,0,0,155,132,24,1500,500,34,34,34,46,46,60,"M084_B1.gb#57$Tex\M084.GTX$0$-1$0 M084_B2.gb#57$Tex\M084.GTX$0$-1$0 M084_B3.gb#57$Tex\M084_1.GTX$0$-1$0"
152,"The Royal Tomb Keeper with Shield 8",9,64,,2,36,280,320,1580,146,116,90,50,73,300,1400,93,69,380,480,0,0,155,132,24,1500,500,34,34,34,46,46,59,"M083_B1.gb#57$Tex\M083.GTX$0$-1$0 M083_B2.gb#57$Tex\M083.GTX$0$-1$0 M083_B3.gb#57$Tex\M083_1.GTX$0$-1$0 M083_B4.gb#57$Tex\M083_2.GTX$0$-1$0"
153,"Warrior of Shadow Troop 4",12,64,,2,44,300,320,1580,146,116,90,50,73,300,1400,93,69,380,480,0,0,165,132,24,1500,500,34,34,34,46,46,75,"M160_B1.gb#57$Tex\M160.GTX$0$-1$0 M160_B2.gb#57$Tex\M160.GTX$0$-1$0 M160_B3.gb#57$Tex\M160_1.GTX$0$-1$0 M160_H1.gb#57$Tex\M160.GTX$0$-1$0"
154,"High Class Doggebi with a Mask of Black Crow 2",13,64,6308,2,28,190,320,1632,146,118,10,10,74,70,1600,95,67,372,500,0,0,139,102,24,1600,500,29,29,29,43,44,52,"M047_B1.gb#75$Tex\M047.GTX$0#0$-1$0 M047_B2.gb#57$Tex\M047.GTX$0$-1$0 M047_B3.gb#57$Tex\M047.GTX$0$-1$0"
155,"Chief of Demon Crack Troop 1",14,64,,2,44,210,320,1580,146,116,90,50,73,300,1400,93,69,379,470,0,0,165,132,24,1500,500,34,34,34,46,46,81,"M248_B1.gb#130$Tex\M216.GTX#Tex\M216_1.GTX$0#0#1$-1$0 M248_B2.gb#112$Tex\M216.GTX#Tex\M216_2.GTX$0#1$-1$0 M248_H1.gb#112$Tex\M216_1.GTX$0#0$-1$0"
156,"Trained Traitor Archer 2",10,65,,2,32,200,320,1640,148,118,90,50,74,300,1400,94,69,382,488,0,0,180,144,25,1600,600,29,29,29,41,41,63,"M122_B1.gb#75$Tex\M122.GTX$0#0$-1$0 M122_B2.gb#75$Tex\M122.GTX#Tex\M122_1.GTX$0#1$-1$0"
157,"Trained Traitor Warrior 2",10,65,,2,180,200,320,1640,138,118,90,50,76,300,1600,94,69,362,478,0,0,180,144,25,1600,600,29,29,29,41,41,62,"M121_B1.gb#75$Tex\M121.GTX$0#0$-1$0 M121_B2.gb#75$Tex\M121.GTX#Tex\M121_1.GTX$0#1$-1$0"
158,"Gigantic Species Archer 2",11,65,,2,180,200,320,1640,138,118,90,50,76,300,1400,94,69,362,478,0,0,170,136,22,1600,600,34,34,34,46,46,69,"M128_B1.gb#57$Tex\M127.GTX$0$-1$0 M128_B2.gb#57$Tex\M127.GTX$0$-1$0 M128_B3.gb#57$Tex\M127.GTX$0$-1$0 M128_B4.gb#57$Tex\M127.GTX$0$-1$0 M128_B5.gb#57$Tex\M127.GTX$0$-1$0 M128_B6.gb#57$Tex\M127_2.GTX$0$-1$0 M128_H1.gb#57$Tex\M127.GTX$0$-1$0"
159,"Gigantic Species Shock Trooper 2",11,65,,2,28,200,320,1640,148,118,90,50,74,300,1600,94,69,382,488,0,0,170,136,22,1600,600,34,34,34,46,46,70,"M129_B1.gb#57$Tex\M129.GTX$0$-1$0 M129_B2.gb#57$Tex\M129.GTX$0$-1$0 M129_B3.gb#57$Tex\M129.GTX$0$-1$0 M129_B4.gb#57$Tex\M129.GTX$0$-1$0 M129_B5.gb#57$Tex\M129.GTX$0$-1$0 M129_H1.gb#57$Tex\M129.GTX$0$-1$0"
160,"Hook of Shadow Troop 1",12,65,6025,2,40,300,320,1640,148,118,90,50,73,300,1400,94,69,382,488,0,0,170,136,24,1500,500,34,34,34,46,46,76,"M161_B1.gb#57$Tex\M161.GTX$0$-1$0 M161_B2.gb#57$Tex\M161.GTX$0$-1$0 M161_B3.gb#57$Tex\M161.GTX$0$-1$0 M161_H1.gb#57$Tex\M161.GTX$0$-1$0"
161,"High Class Doggebi with a Mask of Black Crow 3",13,65,6421,2,28,190,320,1700,148,120,10,10,74,70,1600,96,67,378,510,0,0,141,103,24,1600,500,29,29,29,43,44,52,"M047_B1.gb#75$Tex\M047.GTX$0#0$-1$0 M047_B2.gb#57$Tex\M047.GTX$0$-1$0 M047_B3.gb#57$Tex\M047.GTX$0$-1$0"
162,"Chief of Demon Crack Troop 2",14,65,,2,44,210,320,1640,148,118,90,50,74,300,1400,94,69,382,480,0,0,170,136,24,1500,500,34,34,34,46,46,81,"M248_B1.gb#130$Tex\M216.GTX#Tex\M216_1.GTX$0#0#1$-1$0 M248_B2.gb#112$Tex\M216.GTX#Tex\M216_2.GTX$0#1$-1$0 M248_H1.gb#112$Tex\M216_1.GTX$0#0$-1$0"
163,"Trained Traitor Archer 3",10,66,,2,32,200,320,1700,150,120,90,50,75,300,1400,95,69,384,496,0,0,185,148,25,1600,600,29,29,29,41,41,63,"M122_B1.gb#75$Tex\M122.GTX$0#0$-1$0 M122_B2.gb#75$Tex\M122.GTX#Tex\M122_1.GTX$0#1$-1$0"
164,"Trained Traitor Warrior 3",10,66,,2,180,200,320,1700,140,120,90,50,77,300,1600,95,69,364,486,0,0,185,148,25,1600,600,29,29,29,41,41,62,"M121_B1.gb#75$Tex\M121.GTX$0#0$-1$0 M121_B2.gb#75$Tex\M121.GTX#Tex\M121_1.GTX$0#1$-1$0"
165,"Gigantic Species Archer 3",11,66,,2,180,200,320,1700,140,120,90,50,77,300,1400,95,69,364,486,0,0,175,140,22,1600,600,34,34,34,46,46,69,"M128_B1.gb#57$Tex\M127.GTX$0$-1$0 M128_B2.gb#57$Tex\M127.GTX$0$-1$0 M128_B3.gb#57$Tex\M127.GTX$0$-1$0 M128_B4.gb#57$Tex\M127.GTX$0$-1$0 M128_B5.gb#57$Tex\M127.GTX$0$-1$0 M128_B6.gb#57$Tex\M127_2.GTX$0$-1$0 M128_H1.gb#57$Tex\M127.GTX$0$-1$0"
166,"Gigantic Species Shock Trooper 3",11,66,,2,28,200,320,1700,150,120,90,50,75,300,1600,95,69,384,496,0,0,175,140,22,1600,600,34,34,34,46,46,70,"M129_B1.gb#57$Tex\M129.GTX$0$-1$0 M129_B2.gb#57$Tex\M129.GTX$0$-1$0 M129_B3.gb#57$Tex\M129.GTX$0$-1$0 M129_B4.gb#57$Tex\M129.GTX$0$-1$0 M129_B5.gb#57$Tex\M129.GTX$0$-1$0 M129_H1.gb#57$Tex\M129.GTX$0$-1$0"
167,"Hook of Shadow Troop 2",12,66,6139,2,40,300,320,1700,150,120,90,50,75,300,1400,95,69,384,496,0,0,175,140,24,1500,500,34,34,34,46,46,76,"M161_B1.gb#57$Tex\M161.GTX$0$-1$0 M161_B2.gb#57$Tex\M161.GTX$0$-1$0 M161_B3.gb#57$Tex\M161.GTX$0$-1$0 M161_H1.gb#57$Tex\M161.GTX$0$-1$0"
168,"Chief of Demon Crack Troop 3",14,66,,2,44,210,320,1700,150,120,90,50,75,300,1400,95,69,385,490,0,0,175,140,24,1500,500,34,34,34,46,46,81,"M248_B1.gb#130$Tex\M216.GTX#Tex\M216_1.GTX$0#0#1$-1$0 M248_B2.gb#112$Tex\M216.GTX#Tex\M216_2.GTX$0#1$-1$0 M248_H1.gb#112$Tex\M216_1.GTX$0#0$-1$0"
169,"Guard of the Traitors Hangout 1",10,67,,2,28,200,320,1760,152,122,90,50,76,300,1400,96,70,390,520,0,0,190,152,25,1600,600,30,30,30,42,42,64,"M123_B1.gb#75$Tex\M123.GTX$0#0$-1$0 M123_B2.gb#75$Tex\M123.GTX#Tex\M123_1.GTX$0#1$-1$0"
170,"Archer of the Traitors Hangout 1",10,67,,2,180,200,320,1760,142,122,90,50,78,300,1600,96,70,370,510,0,0,190,152,25,1600,600,30,30,30,42,42,65,"M124_B1.gb#75$Tex\M124.GTX$0#0$-1$0 M124_B2.gb#75$Tex\M124.GTX#Tex\M124_1.GTX$0#1$-1$0"
171,"Gigantic Species Ignoramus 1",11,67,,2,28,200,320,1760,152,122,90,50,76,300,1400,96,70,390,520,0,0,180,144,22,1600,600,35,35,35,47,47,71,"M130_B1.gb#57$Tex\M130.GTX$0$-1$0 M130_B2.gb#57$Tex\M130.GTX$0$-1$0 M130_B3.gb#57$Tex\M130.GTX$0$-1$0 M130_B4.gb#57$Tex\M130.GTX$0$-1$0 M130_B5.gb#57$Tex\M130.GTX$0$-1$0 M130_B6.gb#57$Tex\M130_2.GTX$0$-1$0 M130_H1.gb#57$Tex\M130.GTX$0$-1$0"
172,"Gigantic Species Berserk 1",11,67,,2,28,200,320,1760,152,122,90,50,76,300,1600,96,70,390,520,0,0,180,144,22,1600,600,35,35,35,47,47,72,"M131_B1.gb#57$Tex\M131.GTX$0$-1$0 M131_B2.gb#57$Tex\M131.GTX$0$-1$0 M131_B3.gb#57$Tex\M131.GTX$0$-1$0 M131_B4.gb#57$Tex\M131.GTX$0$-1$0 M131_B5.gb#57$Tex\M131.GTX$0$-1$0 M131_B6.gb#57$Tex\M131_2.GTX$0$-1$0 M131_H1.gb#57$Tex\M131.GTX$0$-1$0"
173,"Watcher of Shadow Troop 1",12,67,6252,2,44,300,320,1760,152,122,90,50,76,300,1400,96,70,390,510,0,0,180,144,25,1500,500,35,35,35,47,47,77,"M162_B1.gb#57$Tex\M162.GTX$0$-1$0 M162_B2.gb#57$Tex\M162.GTX$0$-1$0 M162_B3.gb#57$Tex\M162_1.GTX$0$-1$0 M162_H1.gb#57$Tex\M162.GTX$0$-1$0"
174,"Monster of Demon Crack Troop 1",14,67,,2,44,210,320,1760,152,122,90,50,76,300,1400,96,70,388,500,0,0,180,144,25,1500,500,35,35,35,47,47,82,"M251_B1.gb#130$Tex\M217.GTX#Tex\M217_1.GTX$0#0#1$-1$0 M251_B2.gb#112$Tex\M217.GTX#Tex\M217_2.GTX$0#1$-1$0 M251_H1.gb#112$Tex\M217_1.GTX$0#0$-1$0"
175,"Guard of the Traitors Hangout 2",10,68,,2,28,200,320,1820,154,124,90,50,77,300,1400,97,70,392,528,0,0,195,156,26,1600,600,30,30,30,42,42,64,"M123_B1.gb#75$Tex\M123.GTX$0#0$-1$0 M123_B2.gb#75$Tex\M123.GTX#Tex\M123_1.GTX$0#1$-1$0"
176,"Archer of the Traitors Hangout 2",10,68,,2,180,200,320,1820,144,124,90,50,79,300,1600,97,70,372,518,0,0,195,156,26,1600,600,30,30,30,42,42,65,"M124_B1.gb#75$Tex\M124.GTX$0#0$-1$0 M124_B2.gb#75$Tex\M124.GTX#Tex\M124_1.GTX$0#1$-1$0"
177,"Gigantic Species Ignoramus 2",11,68,,2,28,200,320,1820,154,124,90,50,77,300,1400,97,70,392,528,0,0,185,148,23,1600,600,35,35,35,47,47,71,"M130_B1.gb#57$Tex\M130.GTX$0$-1$0 M130_B2.gb#57$Tex\M130.GTX$0$-1$0 M130_B3.gb#57$Tex\M130.GTX$0$-1$0 M130_B4.gb#57$Tex\M130.GTX$0$-1$0 M130_B5.gb#57$Tex\M130.GTX$0$-1$0 M130_B6.gb#57$Tex\M130_2.GTX$0$-1$0 M130_H1.gb#57$Tex\M130.GTX$0$-1$0"
178,"Gigantic Species Berserk 2",11,68,,2,28,200,320,1820,154,124,90,50,77,300,1600,97,70,392,528,0,0,185,148,23,1600,600,35,35,35,47,47,72,"M131_B1.gb#57$Tex\M131.GTX$0$-1$0 M131_B2.gb#57$Tex\M131.GTX$0$-1$0 M131_B3.gb#57$Tex\M131.GTX$0$-1$0 M131_B4.gb#57$Tex\M131.GTX$0$-1$0 M131_B5.gb#57$Tex\M131.GTX$0$-1$0 M131_B6.gb#57$Tex\M131_2.GTX$0$-1$0 M131_H1.gb#57$Tex\M131.GTX$0$-1$0"
179,"Watcher of Shadow Troop 2",12,68,6268,2,44,300,320,1820,154,124,90,50,77,300,1400,97,70,392,518,0,0,185,148,25,1500,500,35,35,35,47,47,77,"M162_B1.gb#57$Tex\M162.GTX$0$-1$0 M162_B2.gb#57$Tex\M162.GTX$0$-1$0 M162_B3.gb#57$Tex\M162_1.GTX$0$-1$0 M162_H1.gb#57$Tex\M162.GTX$0$-1$0"
180,"Monster of Demon Crack Troop 2",14,68,,2,44,210,320,1820,154,124,90,50,77,300,1400,97,70,391,510,0,0,185,148,25,1500,500,35,35,35,47,47,82,"M251_B1.gb#130$Tex\M217.GTX#Tex\M217_1.GTX$0#0#1$-1$0 M251_B2.gb#112$Tex\M217.GTX#Tex\M217_2.GTX$0#1$-1$0 M251_H1.gb#112$Tex\M217_1.GTX$0#0$-1$0"
181,"White Beast of Demon Crack Troop 1",14,68,,2,44,210,320,1820,154,124,90,50,77,300,1400,97,70,391,510,0,0,185,148,25,1500,500,35,35,35,47,47,83,"M254_B1.gb#112$Tex\M218.GTX$0#0$-1$0 M254_B2.gb#112$Tex\M218.GTX#Tex\M218_2.GTX$0#1$-1$0 M254_H1.gb#112$Tex\M218_1.GTX$0#0$-1$0"
182,"Guard of the Traitors Hangout 3",10,69,,2,28,200,320,1880,156,126,90,50,78,300,1400,98,70,394,536,0,0,200,160,26,1600,600,30,30,30,42,42,64,"M123_B1.gb#75$Tex\M123.GTX$0#0$-1$0 M123_B2.gb#75$Tex\M123.GTX#Tex\M123_1.GTX$0#1$-1$0"
183,"Archer of the Traitors Hangout 3",10,69,,2,180,200,320,1880,146,126,90,50,80,300,1600,98,70,374,526,0,0,200,160,26,1600,600,30,30,30,42,42,65,"M124_B1.gb#75$Tex\M124.GTX$0#0$-1$0 M124_B2.gb#75$Tex\M124.GTX#Tex\M124_1.GTX$0#1$-1$0"
184,"Gigantic Species Ignoramus 3",11,69,,2,28,200,320,1880,156,126,90,50,78,300,1400,98,70,394,536,0,0,190,152,23,1600,600,35,35,35,47,47,71,"M130_B1.gb#57$Tex\M130.GTX$0$-1$0 M130_B2.gb#57$Tex\M130.GTX$0$-1$0 M130_B3.gb#57$Tex\M130.GTX$0$-1$0 M130_B4.gb#57$Tex\M130.GTX$0$-1$0 M130_B5.gb#57$Tex\M130.GTX$0$-1$0 M130_B6.gb#57$Tex\M130_2.GTX$0$-1$0 M130_H1.gb#57$Tex\M130.GTX$0$-1$0"
185,"Gigantic Species Berserk 3",11,69,,2,28,200,320,1880,156,126,90,50,78,300,1600,98,70,394,536,0,0,190,152,23,1600,600,35,35,35,47,47,72,"M131_B1.gb#57$Tex\M131.GTX$0$-1$0 M131_B2.gb#57$Tex\M131.GTX$0$-1$0 M131_B3.gb#57$Tex\M131.GTX$0$-1$0 M131_B4.gb#57$Tex\M131.GTX$0$-1$0 M131_B5.gb#57$Tex\M131.GTX$0$-1$0 M131_B6.gb#57$Tex\M131_2.GTX$0$-1$0 M131_H1.gb#57$Tex\M131.GTX$0$-1$0"
186,"Chief Warrior of Shadow Troop 1",12,69,,2,44,300,320,1880,156,126,90,50,78,300,1400,98,70,394,526,0,0,190,152,26,1500,500,35,35,35,47,47,78,"M163_B1.gb#57$Tex\M163.GTX$0$-1$0 M163_B2.gb#57$Tex\M163.GTX$0$-1$0 M163_B3.gb#57$Tex\M163_1.GTX$0$-1$0 M163_H1.gb#57$Tex\M163.GTX$0$-1$0"
187,"Monster of Demon Crack Troop 3",14,69,,2,44,210,320,1880,156,126,90,50,78,300,1400,98,70,394,520,0,0,190,152,25,1500,500,35,35,35,47,47,82,"M251_B1.gb#130$Tex\M217.GTX#Tex\M217_1.GTX$0#0#1$-1$0 M251_B2.gb#112$Tex\M217.GTX#Tex\M217_2.GTX$0#1$-1$0 M251_H1.gb#112$Tex\M217_1.GTX$0#0$-1$0"
188,"White Beast of Demon Crack Troop 2",14,69,,2,44,210,320,1880,156,126,90,50,78,300,1400,98,70,394,520,0,0,190,152,25,1500,500,35,35,35,47,47,83,"M254_B1.gb#112$Tex\M218.GTX$0#0$-1$0 M254_B2.gb#112$Tex\M218.GTX#Tex\M218_2.GTX$0#1$-1$0 M254_H1.gb#112$Tex\M218_1.GTX$0#0$-1$0"
189,"Hermit of White Beard 1",15,69,,2,44,220,320,1600,146,105,90,50,79,120,1600,98,70,350,600,0,0,160,140,20,1400,600,42,42,42,55,55,86,"M166_B1.gb#94$Tex\M166.GTX$0$-1$0 M166_B2.gb#94$Tex\M166.GTX$0$-1$0 M166_B3.gb#94$Tex\M166.GTX$0$-1$0 M166_B4.gb#94$Tex\M166_1.GTX$0$-1$0"
190,"Knight of the Traitors Hangout 1",10,70,,2,32,200,320,1940,158,128,90,50,79,300,1400,99,71,400,560,0,0,205,164,27,1600,600,30,30,30,42,42,66,"M125_B1.gb#93$Tex\M125.GTX#Tex\M125_2.GTX$0#1#1$-1$0 M125_B2.gb#75$Tex\M125.GTX#Tex\M125_1.GTX$0#1$-1$0"
191,"Gigantic Species Murderer",11,70,,2,28,200,320,1940,158,128,90,50,79,300,1400,99,71,400,560,0,0,195,156,24,1600,600,36,36,36,48,48,73,"M132_B1.gb#57$Tex\M132.GTX$0$-1$0 M132_B2.gb#57$Tex\M132.GTX$0$-1$0 M132_B3.gb#57$Tex\M132.GTX$0$-1$0 M132_B4.gb#57$Tex\M132.GTX$0$-1$0 M132_B5.gb#57$Tex\M132.GTX$0$-1$0 M132_B6.gb#57$Tex\M132_2.GTX$0$-1$0 M132_H1.gb#57$Tex\M132.GTX$0$-1$0"
192,"Chief Warrior of Shadow Troop 2",12,70,,2,44,300,320,1940,158,128,90,50,79,300,1400,99,71,400,560,0,0,195,156,26,1500,500,36,36,36,48,48,78,"M163_B1.gb#57$Tex\M163.GTX$0$-1$0 M163_B2.gb#57$Tex\M163.GTX$0$-1$0 M163_B3.gb#57$Tex\M163_1.GTX$0$-1$0 M163_H1.gb#57$Tex\M163.GTX$0$-1$0"
193,"White Beast of Demon Crack Troop 3",14,70,,2,44,210,320,1940,158,128,90,50,79,300,1400,99,70,397,530,0,0,195,156,25,1500,500,35,35,35,47,47,83,"M254_B1.gb#112$Tex\M218.GTX$0#0$-1$0 M254_B2.gb#112$Tex\M218.GTX#Tex\M218_2.GTX$0#1$-1$0 M254_H1.gb#112$Tex\M218_1.GTX$0#0$-1$0"
194,"Blue Beast of Demon Crack Troop 1",14,70,,2,44,210,320,1940,158,128,90,50,79,300,1400,99,71,397,530,0,0,195,156,26,1500,500,35,35,35,47,47,84,"M257_B1.gb#112$Tex\M219.GTX$0#0$-1$0 M257_B2.gb#112$Tex\M219.GTX#Tex\M219_2.GTX$0#1$-1$0 M257_H1.gb#112$Tex\M219_1.GTX$0#0$-1$0"
195,"Hermit of White Beard 2",15,70,6117,2,44,220,320,1660,147,107,90,50,80,120,1600,99,70,350,600,0,1,161,141,20,1400,600,42,42,42,55,55,86,"M166_B1.gb#94$Tex\M166.GTX$0$-1$0 M166_B2.gb#94$Tex\M166.GTX$0$-1$0 M166_B3.gb#94$Tex\M166.GTX$0$-1$0 M166_B4.gb#94$Tex\M166_1.GTX$0$-1$0"
196,"Knight of the Traitors Hangout 2",10,71,,2,32,200,320,2000,160,130,90,50,80,300,1400,100,71,402,568,0,0,210,168,27,1600,600,30,30,30,42,42,66,"M125_B1.gb#93$Tex\M125.GTX#Tex\M125_2.GTX$0#1#1$-1$0 M125_B2.gb#75$Tex\M125.GTX#Tex\M125_1.GTX$0#1$-1$0"
197,"Gigantic Species Killer 1",11,71,,2,28,200,320,2000,160,130,90,50,80,300,1400,100,71,402,568,0,0,200,160,24,1600,600,36,36,36,48,48,73,"M132_B1.gb#57$Tex\M132.GTX$0$-1$0 M132_B2.gb#57$Tex\M132.GTX$0$-1$0 M132_B3.gb#57$Tex\M132.GTX$0$-1$0 M132_B4.gb#57$Tex\M132.GTX$0$-1$0 M132_B5.gb#57$Tex\M132.GTX$0$-1$0 M132_B6.gb#57$Tex\M132_2.GTX$0$-1$0 M132_H1.gb#57$Tex\M132.GTX$0$-1$0"
198,"Spear Hand of Shadow Troop 1",12,71,,2,40,300,320,2000,160,130,90,50,80,300,1400,100,71,402,568,0,0,200,160,26,1500,500,36,36,36,48,48,79,"M164_B1.gb#57$Tex\M164.GTX$0$-1$0 M164_B2.gb#57$Tex\M164.GTX$0$-1$0 M164_B3.gb#57$Tex\M164.GTX$0$-1$0 M164_H1.gb#57$Tex\M164.GTX$0$-1$0"
199,"Blue Beast of Demon Crack Troop 2",14,71,,2,44,210,320,2000,160,130,90,50,80,300,1400,100,71,400,540,0,0,200,160,26,1500,500,35,35,35,47,47,84,"M257_B1.gb#112$Tex\M219.GTX$0#0$-1$0 M257_B2.gb#112$Tex\M219.GTX#Tex\M219_2.GTX$0#1$-1$0 M257_H1.gb#112$Tex\M219_1.GTX$0#0$-1$0"
200,"Hermit of White Beard 3",15,71,6221,2,44,220,320,1720,148,109,90,50,81,120,1600,100,70,350,600,0,1,162,142,20,1400,600,42,42,42,55,55,86,"M166_B1.gb#94$Tex\M166.GTX$0$-1$0 M166_B2.gb#94$Tex\M166.GTX$0$-1$0 M166_B3.gb#94$Tex\M166.GTX$0$-1$0 M166_B4.gb#94$Tex\M166_1.GTX$0$-1$0"
201,"Elder Doggebi",18,72,,2,28,200,320,996,150,129,10,10,85,70,1500,121,78,400,520,0,0,164,139,23,1600,500,38,38,38,40,40,55,"M051_B1.gb#75$Tex\M051.GTX$0#0$-1$0 M051_B2.gb#57$Tex\M051.GTX$0$-1$0 M051_B3.gb#57$Tex\M051.GTX$0$-1$0"
202,"Knight of the Traitors Hangout 3",10,72,,2,32,200,320,2060,162,132,90,50,81,300,1400,101,71,404,576,0,0,215,172,27,1600,600,30,30,30,42,42,66,"M125_B1.gb#93$Tex\M125.GTX#Tex\M125_2.GTX$0#1#1$-1$0 M125_B2.gb#75$Tex\M125.GTX#Tex\M125_1.GTX$0#1$-1$0"
203,"Gigantic Species Killer 2",11,72,,2,28,200,320,2060,162,132,90,50,81,300,1400,101,71,404,576,0,0,205,164,24,1600,600,36,36,36,48,48,73,"M132_B1.gb#57$Tex\M132.GTX$0$-1$0 M132_B2.gb#57$Tex\M132.GTX$0$-1$0 M132_B3.gb#57$Tex\M132.GTX$0$-1$0 M132_B4.gb#57$Tex\M132.GTX$0$-1$0 M132_B5.gb#57$Tex\M132.GTX$0$-1$0 M132_B6.gb#57$Tex\M132_2.GTX$0$-1$0 M132_H1.gb#57$Tex\M132.GTX$0$-1$0"
204,"Spear Hand of Shadow Troop 2",12,72,,2,40,300,320,2060,162,132,90,50,81,300,1400,101,71,404,576,0,0,205,164,26,1500,500,36,36,36,48,48,79,"M164_B1.gb#57$Tex\M164.GTX$0$-1$0 M164_B2.gb#57$Tex\M164.GTX$0$-1$0 M164_B3.gb#57$Tex\M164.GTX$0$-1$0 M164_H1.gb#57$Tex\M164.GTX$0$-1$0"
205,"Blue Beast of Demon Crack Troop 3",14,72,,2,44,210,320,2060,162,132,90,50,81,300,1400,101,71,403,550,0,0,205,164,26,1500,500,35,35,35,47,47,84,"M257_B1.gb#112$Tex\M219.GTX$0#0$-1$0 M257_B2.gb#112$Tex\M219.GTX#Tex\M219_2.GTX$0#1$-1$0 M257_H1.gb#112$Tex\M219_1.GTX$0#0$-1$0"
206,"Hermit of Long Beard 1",15,72,,2,44,220,320,1780,149,111,90,50,82,120,1600,101,71,355,615,0,1,163,143,20,1400,600,42,42,42,55,55,87,"M167_B1.gb#94$Tex\M167.GTX$0$-1$0 M167_B2.gb#94$Tex\M167.GTX$0$-1$0 M167_B3.gb#94$Tex\M167.GTX$0$-1$0 M167_B4.gb#94$Tex\M167_1.GTX$0$-1$0"
207,"Punitive Force of Demon Crack Troop 1",14,73,,2,44,210,320,2120,164,134,90,50,82,300,1400,102,71,406,560,0,0,210,168,26,1500,500,36,36,36,48,48,85,"M260_B1.gb#130$Tex\M220.GTX#Tex\M220_1.GTX$0#0#1$-1$0 M260_B2.gb#112$Tex\M220.GTX#Tex\M220_2.GTX$0#1$-1$0 M260_H1.gb#112$Tex\M220_1.GTX$0#0$-1$0"
208,"Hermit of Long Beard 2",15,73,,2,44,220,320,1840,150,113,90,50,83,120,1600,102,71,355,615,0,1,164,144,20,1400,600,42,42,42,55,55,87,"M167_B1.gb#94$Tex\M167.GTX$0$-1$0 M167_B2.gb#94$Tex\M167.GTX$0$-1$0 M167_B3.gb#94$Tex\M167.GTX$0$-1$0 M167_B4.gb#94$Tex\M167_1.GTX$0$-1$0"
209,"Hermit of Red Face 1",15,73,,2,44,220,320,1840,152,117,90,50,83,120,1600,102,71,360,630,0,1,164,144,20,1400,600,43,43,43,56,56,88,"M168_B1.gb#94$Tex\M168.GTX$0$-1$0 M168_B2.gb#94$Tex\M168.GTX$0$-1$0 M168_B3.gb#94$Tex\M168.GTX$0$-1$0 M168_B4.gb#94$Tex\M168_1.GTX$0$-1$0"
210,"Punitive Force of Demon Crack Troop 2",14,74,,2,44,210,320,2180,166,136,90,50,83,300,1400,103,71,409,570,0,0,215,172,26,1500,500,36,36,36,48,48,85,"M260_B1.gb#130$Tex\M220.GTX#Tex\M220_1.GTX$0#0#1$-1$0 M260_B2.gb#112$Tex\M220.GTX#Tex\M220_2.GTX$0#1$-1$0 M260_H1.gb#112$Tex\M220_1.GTX$0#0$-1$0"
211,"Hermit of Long Beard 3",15,74,,2,44,220,320,1900,151,115,90,50,84,120,1600,103,71,355,615,0,1,165,145,20,1400,600,42,42,42,55,55,87,"M167_B1.gb#94$Tex\M167.GTX$0$-1$0 M167_B2.gb#94$Tex\M167.GTX$0$-1$0 M167_B3.gb#94$Tex\M167.GTX$0$-1$0 M167_B4.gb#94$Tex\M167_1.GTX$0$-1$0"
212,"Hermit of Red Face 2",15,74,,2,44,220,320,1900,153,119,90,50,84,120,1600,103,71,360,630,0,1,165,145,20,1400,600,43,43,43,56,56,88,"M168_B1.gb#94$Tex\M168.GTX$0$-1$0 M168_B2.gb#94$Tex\M168.GTX$0$-1$0 M168_B3.gb#94$Tex\M168.GTX$0$-1$0 M168_B4.gb#94$Tex\M168_1.GTX$0$-1$0"
213,"Hermit of Mask 1",15,74,,2,44,220,320,1900,155,123,90,50,84,120,1600,103,71,365,645,0,1,165,145,21,1400,600,43,43,43,56,56,89,"M169_B1.gb#112$Tex\M169.GTX$0#0$-1$0 M169_B2.gb#112$Tex\M169.GTX$0#0$-1$0 M169_B3.gb#94$Tex\M169.GTX$0$-1$0 M169_B4.gb#94$Tex\M169_1.GTX$0$-1$0"
214,"Punitive Force of Demon Crack Troop 3",14,75,,2,44,210,320,2240,168,138,90,50,84,300,1400,104,71,412,580,0,0,220,176,26,1500,500,36,36,36,48,48,85,"M260_B1.gb#130$Tex\M220.GTX#Tex\M220_1.GTX$0#0#1$-1$0 M260_B2.gb#112$Tex\M220.GTX#Tex\M220_2.GTX$0#1$-1$0 M260_H1.gb#112$Tex\M220_1.GTX$0#0$-1$0"
215,"Hermit of Red Face 3",15,75,,2,44,220,320,1960,154,121,90,50,85,120,1600,104,71,360,630,0,1,166,146,20,1400,600,43,43,43,56,56,88,"M168_B1.gb#94$Tex\M168.GTX$0$-1$0 M168_B2.gb#94$Tex\M168.GTX$0$-1$0 M168_B3.gb#94$Tex\M168.GTX$0$-1$0 M168_B4.gb#94$Tex\M168_1.GTX$0$-1$0"
216,"Hermit of Mask 2",15,75,,2,44,220,320,1960,156,125,90,50,85,120,1600,104,71,365,645,0,1,166,146,21,1400,600,43,43,43,56,56,89,"M169_B1.gb#112$Tex\M169.GTX$0#0$-1$0 M169_B2.gb#112$Tex\M169.GTX$0#0$-1$0 M169_B3.gb#94$Tex\M169.GTX$0$-1$0 M169_B4.gb#94$Tex\M169_1.GTX$0$-1$0"
217,"Tough Hermit 1",15,75,,2,44,220,320,1960,156,129,90,50,85,120,1600,104,72,370,660,0,1,166,146,21,1400,600,43,43,43,56,56,90,"M170_B1.gb#94$Tex\M170.GTX$0$-1$0 M170_B2.gb#94$Tex\M170.GTX$0$-1$0 M170_B3.gb#94$Tex\M170.GTX$0$-1$0 M170_B4.gb#94$Tex\M170_1.GTX$0$-1$0"
218,"Hermit of Mask 3",15,76,,2,44,220,320,2020,157,127,90,50,86,120,1600,105,71,365,645,0,1,167,147,21,1400,600,43,43,43,56,56,89,"M169_B1.gb#112$Tex\M169.GTX$0#0$-1$0 M169_B2.gb#112$Tex\M169.GTX$0#0$-1$0 M169_B3.gb#94$Tex\M169.GTX$0$-1$0 M169_B4.gb#94$Tex\M169_1.GTX$0$-1$0"
219,"Tough Hermit 2",15,76,,2,44,220,320,2020,157,131,90,50,86,120,1600,105,72,370,660,0,1,167,147,21,1400,600,43,43,43,56,56,90,"M170_B1.gb#94$Tex\M170.GTX$0$-1$0 M170_B2.gb#94$Tex\M170.GTX$0$-1$0 M170_B3.gb#94$Tex\M170.GTX$0$-1$0 M170_B4.gb#94$Tex\M170_1.GTX$0$-1$0"
220,"High Class Doggebi with a Mask of Black Panther 1",13,76,8530,2,28,190,320,2448,170,142,10,10,85,70,1600,107,74,444,600,0,0,163,114,29,1600,500,38,38,38,47,47,53,"M048_B1.gb#75$Tex\M048.GTX$0#0$-1$0 M048_B2.gb#57$Tex\M048.GTX$0$-1$0 M048_B3.gb#57$Tex\M048.GTX$0$-1$0"
221,"Tough Hermit 3",15,77,,2,44,220,320,2080,158,133,90,50,87,120,1600,106,72,370,660,0,1,168,148,21,1400,600,43,43,43,56,56,90,"M170_B1.gb#94$Tex\M170.GTX$0$-1$0 M170_B2.gb#94$Tex\M170.GTX$0$-1$0 M170_B3.gb#94$Tex\M170.GTX$0$-1$0 M170_B4.gb#94$Tex\M170_1.GTX$0$-1$0"
222,"High Class Doggebi with a Mask of Black Panther 2",13,77,,2,28,190,320,2516,172,144,10,10,86,70,1600,108,74,450,605,0,0,165,115,29,1600,500,38,38,38,47,47,53,"M048_B1.gb#75$Tex\M048.GTX$0#0$-1$0 M048_B2.gb#57$Tex\M048.GTX$0$-1$0 M048_B3.gb#57$Tex\M048.GTX$0$-1$0"
223,"High Class Giant Doggebi 1",13,77,,2,28,190,320,2516,172,144,10,10,86,70,1600,108,74,450,605,0,0,165,115,30,1600,500,38,38,38,47,47,54,"M049_B1.gb#75$Tex\M049.GTX$0#0$-1$0 M049_B2.gb#57$Tex\M049.GTX$0$-1$0 M049_B3.gb#57$Tex\M049.GTX$0$-1$0"
224,"Hermit of Anger 1",15,78,,2,44,220,320,2140,159,135,90,50,88,120,1600,107,72,375,675,0,1,169,149,21,1400,600,44,44,44,57,57,91,"M171_B1.gb#94$Tex\M171.GTX$0$-1$0 M171_B2.gb#94$Tex\M171.GTX$0$-1$0 M171_B3.gb#94$Tex\M171.GTX$0$-1$0 M171_B4.gb#94$Tex\M171_1.GTX$0$-1$0"
225,"High Class Doggebi with a Mask of Black Panther 3",13,78,,2,28,190,320,2584,174,146,10,10,87,70,1600,109,74,456,610,0,0,167,116,29,1600,500,38,38,38,47,47,53,"M048_B1.gb#75$Tex\M048.GTX$0#0$-1$0 M048_B2.gb#57$Tex\M048.GTX$0$-1$0 M048_B3.gb#57$Tex\M048.GTX$0$-1$0"
226,"High Class Giant Doggebi 2",13,78,,2,28,190,320,2584,174,146,10,10,87,70,1600,109,74,456,610,0,0,167,116,30,1600,500,38,38,38,47,47,54,"M049_B1.gb#75$Tex\M049.GTX$0#0$-1$0 M049_B2.gb#57$Tex\M049.GTX$0$-1$0 M049_B3.gb#57$Tex\M049.GTX$0$-1$0"
227,"High Class Guardian of Doggebi 1",13,78,,2,28,190,320,2584,174,146,10,10,87,70,1600,109,74,456,610,0,0,167,116,30,1600,500,38,38,38,47,47,55,"M050_B1.gb#57$Tex\M050.GTX$0$-1$0 M050_B2.gb#57$Tex\M050.GTX$0$-1$0 M050_B3.gb#57$Tex\M050.GTX$0$-1$0"
228,"Personal Guard of Doggebi Lord",13,78,,2,35,300,320,2800,174,146,10,10,87,70,1300,120,60,480,700,0,0,120,80,20,1300,400,5,5,5,10,10,55,"M050_B1.gb#57$Tex\M050.GTX$0$-1$0 M050_B2.gb#57$Tex\M050.GTX$0$-1$0 M050_B3.gb#57$Tex\M050.GTX$0$-1$0"
229,"Hermit of Anger 2",15,79,,2,44,220,320,2200,160,137,90,50,89,120,1600,108,72,375,675,0,1,170,150,21,1400,600,44,44,44,57,57,91,"M171_B1.gb#94$Tex\M171.GTX$0$-1$0 M171_B2.gb#94$Tex\M171.GTX$0$-1$0 M171_B3.gb#94$Tex\M171.GTX$0$-1$0 M171_B4.gb#94$Tex\M171_1.GTX$0$-1$0"
230,"High Class Giant Doggebi 3",13,79,,2,28,190,320,2652,176,148,10,10,88,70,1600,110,74,462,615,0,0,169,117,30,1600,500,38,38,38,47,47,54,"M049_B1.gb#75$Tex\M049.GTX$0#0$-1$0 M049_B2.gb#57$Tex\M049.GTX$0$-1$0 M049_B3.gb#57$Tex\M049.GTX$0$-1$0"
231,"High Class Guardian of Doggebi 2",13,79,,2,28,190,320,2652,176,148,10,10,88,70,1600,110,74,462,615,0,0,169,117,30,1600,500,38,38,38,47,47,55,"M050_B1.gb#57$Tex\M050.GTX$0$-1$0 M050_B2.gb#57$Tex\M050.GTX$0$-1$0 M050_B3.gb#57$Tex\M050.GTX$0$-1$0"
232,"Chief of the Traitors Hangout, Yoong-Gi",10,80,,2,28,200,320,2540,178,148,90,50,89,300,1400,109,74,460,700,0,0,255,204,30,1600,600,33,33,33,45,45,67,"M126_B1.gb#93$Tex\M126.GTX#Tex\M126_2.GTX$0#1#0$-1$0 M126_B2.gb#75$Tex\M126.GTX#Tex\M126_1.GTX$0#1$-1$0"
233,"Hermit of Anger 3",15,80,,2,44,220,320,2260,161,139,90,50,90,120,1600,109,72,375,675,0,1,171,151,21,1400,600,44,44,44,57,57,91,"M171_B1.gb#94$Tex\M171.GTX$0$-1$0 M171_B2.gb#94$Tex\M171.GTX$0$-1$0 M171_B3.gb#94$Tex\M171.GTX$0$-1$0 M171_B4.gb#94$Tex\M171_1.GTX$0$-1$0"
234,"High Class Guardian of Doggebi 3",13,80,,2,28,190,320,2720,178,150,10,10,89,70,1600,111,74,468,620,0,0,171,118,30,1600,500,38,38,38,47,47,55,"M050_B1.gb#57$Tex\M050.GTX$0$-1$0 M050_B2.gb#57$Tex\M050.GTX$0$-1$0 M050_B3.gb#57$Tex\M050.GTX$0$-1$0"
235,"3rd Commander of the Royal Tomb",16,81,,2,40,360,360,2680,180,150,76,46,90,300,1400,109,71,480,680,0,0,254,203,30,1600,500,52,52,52,52,52,92,"M088_B1.gb#57$Tex\M088_1.GTX$0$-1$0 M088_B2.gb#57$Tex\M088_1.GTX$0$-1$0 M088_B3.gb#57$Tex\M088_2.GTX$0$-1$0 M088_B4.gb#57$Tex\M088_3.GTX$0$-1$0"
236,"2nd Commander of the Royal Tomb",16,81,,2,40,360,360,2680,180,150,76,46,90,300,1400,109,71,480,680,0,0,254,203,30,1600,500,52,52,52,52,52,93,"M086_B1.gb#57$Tex\M086_1.GTX$0$-1$0 M086_B2.gb#57$Tex\M086_1.GTX$0$-1$0 M086_B3.gb#57$Tex\M086_2.GTX$0$-1$0 M086_B4.gb#57$Tex\M086_3.GTX$0$-1$0"
237,"1st Commander of the Royal Tomb",16,81,,2,40,360,360,2680,180,150,76,46,90,300,1400,109,71,480,680,0,0,254,203,30,1600,500,52,52,52,52,52,94,"M087_B1.gb#57$Tex\M087_1.GTX$0$-1$0 M087_B2.gb#57$Tex\M087_1.GTX$0$-1$0 M087_B3.gb#57$Tex\M087_2.GTX$0$-1$0 M087_B4.gb#57$Tex\M087_3.GTX$0$-1$0 M087_B5.gb#57$Tex\M087_4.GTX$0$-1$0"
238,"Gigantic Species Master",11,84,,2,32,200,320,2780,186,156,90,50,93,300,1400,103,75,500,740,0,0,265,212,31,1600,600,52,52,52,52,52,74,"M133_B1.gb#57$Tex\M133.GTX$0$-1$0 M133_B2.gb#57$Tex\M133.GTX$0$-1$0 M133_B3.gb#57$Tex\M133.GTX$0$-1$0 M133_B4.gb#57$Tex\M133.GTX$0$-1$0 M133_B5.gb#57$Tex\M133.GTX$0$-1$0 M133_B6.gb#57$Tex\M133_2.GTX$0$-1$0 M133_H1.gb#57$Tex\M133.GTX$0$-1$0"
239,"Imperial Commander of the Royal Tomb",16,85,,2,40,360,360,2920,188,158,76,46,90,300,1400,113,75,520,760,0,0,265,212,31,1600,500,52,52,52,52,52,95,"M089_B1.gb#57$Tex\M089_1.GTX$0$-1$0 M089_B2.gb#57$Tex\M089_1.GTX$0$-1$0 M089_B3.gb#57$Tex\M089_2.GTX$0$-1$0 M089_B4.gb#57$Tex\M089_3.GTX$0$-1$0"
240,"Chief Guard of the Royal Tomb",16,87,,2,40,360,360,3040,192,162,86,56,96,300,1400,114,76,530,800,0,0,275,220,31,1600,500,52,52,52,52,52,96,"M090_B1.gb#57$Tex\M090_1.GTX$0$-1$0 M090_B2.gb#57$Tex\M090_1.GTX$0$-1$0 M090_B3.gb#57$Tex\M090_2.GTX$0$-1$0 M090_B4.gb#57$Tex\M090_3.GTX$0$-1$0"
241,"Chief Escort of the Royal Tomb",16,89,,2,40,360,360,3160,196,166,90,60,98,300,1400,115,77,540,820,0,0,285,228,31,1600,500,52,52,52,52,52,97,"M091_B1.gb#57$Tex\M091_1.GTX$0$-1$0 M091_B2.gb#57$Tex\M091_1.GTX$0$-1$0 M091_B3.gb#57$Tex\M091_2.GTX$0$-1$0 M091_B4.gb#57$Tex\M091_3.GTX$0$-1$0"
242,"Lord of Shadow Troop",12,90,,2,48,360,360,3220,200,170,90,60,98,300,1400,115,77,540,820,0,0,285,228,31,1500,500,52,52,52,52,52,79,"M165_B1.gb#57$Tex\M165.GTX$0$-1$0 M165_B2.gb#57$Tex\M165.GTX$0$-1$0 M165_B3.gb#57$Tex\M165_1.GTX$0$-1$0 M165_H1.gb#57$Tex\M165.GTX$0$-1$0"
243,"Doggebi Lord",17,98,,3,80,360,360,50000000,360,300,50,50,110,1000,2200,200,30,2000,3300,0,0,230,210,35,1800,800,10,70,70,80,80,98,"M213_B1.gb#112$Tex\M213.GTX#Tex\M213_1.GTX$0#1$-1$0 M213_B2.gb#94$Tex\M213.GTX$0$-1$0 M213_B3.gb#94$Tex\M213.GTX$0$-1$0 M213_B4.gb#112$Tex\M213.GTX$0#0$-1$0 M213_B5.gb#94$Tex\M213.GTX$0$-1$0 M213_B6.gb#94$Tex\M213_1.GTX$0$-1$0"
244,"Demon Worker 1",19,50,4391,2,,,,630,,,,,,,,,,,,,,,,,,,,,,,,99,"M299_B1.gb#154$Tex\M299_1.GTX#Tex\M299_2.GTX$0#1#1$0$0 M299_B2.gb#154$Tex\M299_1.GTX#Tex\M299_2.GTX$0#1#1$0$0 M299_H1.gb#136$Tex\M299_1.GTX$0#0$0$0"
245,"Demon Worker 2",19,53,4433,2,,,,823,,,,,,,,,,,,,,,,,,,,,,,,100,"M300_B1.gb#154$Tex\M299_1.GTX#Tex\M299_2.GTX$0#1#1$0$0 M300_B2.gb#154$Tex\M299_1.GTX#Tex\M299_2.GTX$0#1#1$0$0 M300_H1.gb#136$Tex\M299_1.GTX$0#0$0$0"
246,"Manager of Demon Worker 1",19,56,,2,,,,952,,,,,,,,,,,,,,,,,,,,,,,,101,"M301_B1.gb#154$Tex\M301_1.GTX#Tex\M301_2.GTX$1#0#0$0$0 M301_B2.gb#154$Tex\M301_1.GTX#Tex\M301_2.GTX$1#0#0$0$0 M301_H1.gb#154$Tex\M301_1.GTX#Tex\M301_2.GTX$1#1#0$0$0"
247,"Manager of Demon Worker 2",19,57,,2,,,,997,,,,,,,,,,,,,,,,,,,,,,,,102,"M302_B1.gb#154$Tex\M301_1.GTX#Tex\M301_2.GTX$1#0#0$0$0 M302_B2.gb#172$Tex\M301_1.GTX#Tex\M301_2.GTX#Tex\M299_2.GTX$1#0#0#2$0$0 M302_H1.gb#154$Tex\M301_1.GTX#Tex\M301_2.GTX$1#1#0$0$0"
248,"Boss of Demon Worker",19,60,,2,,,,1145,,,,,,,,,,,,,,,,,,,,,,,,103,"M303_B1.gb#218$Tex\M303_1.GTX#Tex\M303_2.GTX$0#0#1$0$0 M303_B2.gb#200$Tex\M303_2.GTX$0#0$0$0 M303_B3.gb#236$Tex\M303_1.GTX#Tex\M303_2.GTX$0#0#1#1$0$0 M303_B4.gb#200$Tex\M303_1.GTX$0#0$0$0 M303_H1.gb#200$Tex\M303_1.GTX$0#0$0$0"
249,"Larva",20,50,4328,2,,,,630,,,,,,,,,,,,,,,,,,,,,,,,104,"M313_B1.gb#182$Tex\M313.GTX$0$0$0 M313_B2.gb#182$Tex\M313.GTX$0$0$0"
250,"Black Armored Insect",20,70,8828,2,,,,1940,,,,,,,,,,,,,,,,,,,,,,,,105,"M314_B1.gb#200$Tex\M314.GTX$0#0$0$0 M314_B2.gb#182$Tex\M314.GTX$0$0$0"
251,"Demon Guard 1",21,65,6356,2,,,,1640,,,,,,,,,,,,,,,,,,,,,,,,106,"M304_B1.gb#94$Tex\M304_1.GTX$0$-1$0 M304_B2.gb#94$Tex\M304_1.GTX$0$-1$0 M304_B3.gb#94$Tex\M304_1.GTX$0$-1$0 M304_B4.gb#94$Tex\M304_3.GTX$0$-1$0 M305_B5.gb#94$Tex\M304_1.GTX$0$-1$0 M304_B6.gb#94$Tex\M304_2.GTX$0$-1$0 M304_H1.gb#94$Tex\M304_1.GTX$0$-1$0"
252,"Demon Guard 2",21,67,,2,,,,1760,,,,,,,,,,,,,,,,,,,,,,,,107,"M305_B1.gb#94$Tex\M305_1.GTX$0$-1$0 M305_B2.gb#94$Tex\M305_1.GTX$0$-1$0 M305_B3.gb#94$Tex\M305_1.GTX$0$-1$0 M305_B4.gb#94$Tex\M305_3.GTX$0$-1$0 M305_B5.gb#94$Tex\M305_1.GTX$0$-1$0 M305_B6.gb#94$Tex\M305_2.GTX$0$-1$0 M305_H1.gb#94$Tex\M305_1.GTX$0$-1$0"
253,"Demon Patrol 1",21,70,6408,2,,,,1940,,,,,,,,,,,,,,,,,,,,,,,,108,"M306_B1.gb#94$Tex\M306_1.GTX$0$-1$0 M306_B2.gb#94$Tex\M306_1.GTX$0$-1$0 M306_B3.gb#94$Tex\M306_1.GTX$0$-1$0 M306_B4.gb#94$Tex\M306_3.GTX$0$-1$0 M305_B5.gb#94$Tex\M306_1.GTX$0$-1$0 M306_B6.gb#94$Tex\M306_2.GTX$0$-1$0 M306_H1.gb#112$Tex\M306_1.GTX#Tex\M306_2.GTX$0#1$-1$0"
254,"Demon Patrol 2",21,70,6408,2,,,,1940,,,,,,,,,,,,,,,,,,,,,,,,109,"M307_B1.gb#94$Tex\M307_1.GTX$0$-1$0 M307_B2.gb#94$Tex\M307_1.GTX$0$-1$0 M307_B3.gb#94$Tex\M307_1.GTX$0$-1$0 M307_B4.gb#94$Tex\M307_3.GTX$0$-1$0 M305_B5.gb#94$Tex\M307_1.GTX$0$-1$0 M307_B6.gb#94$Tex\M307_2.GTX$0$-1$0 M307_H1.gb#112$Tex\M307_1.GTX#Tex\M307_2.GTX$0#1$-1$0"
255,"Demon Warrior",21,73,,2,,,,1840,,,,,,,,,,,,,,,,,,,,,,,,110,"M308_B1.gb#94$Tex\M308_1.GTX$0$-1$0 M308_B2.gb#94$Tex\M308_1.GTX$0$-1$0 M308_B3.gb#94$Tex\M308_1.GTX$0$-1$0 M308_B4.gb#94$Tex\M308_3.GTX$0$-1$0 M308_B5.gb#94$Tex\M308_1.GTX$0$-1$0 M308_B6.gb#94$Tex\M308_2.GTX$0$-1$0 M308_H1.gb#94$Tex\M308_1.GTX#Tex\M309_2.GTX$0$-1$0"
256,"Demon Infantry D4",21,75,6995,2,,,,1960,,,,,,,,,,,,,,,,,,,,,,,,111,"M309_B1.gb#112$Tex\M309_1.GTX#Tex\M309_3.GTX$0#1$-1$0 M309_B2.gb#112$Tex\M309_1.GTX#Tex\M309_2.GTX$0#1$-1$0 M309_B3.gb#112$Tex\M309_1.GTX#Tex\M309_3.GTX$0#1$-1$0 M309_B4.gb#94$Tex\M309_3.GTX$0$-1$0 M309_B5.gb#94$Tex\M309_1.GTX$0$-1$0 M309_B6.gb#94$Tex\M309_2.GTX$0$-1$0 M309_H1.gb#112$Tex\M309_1.GTX#Tex\M309_2.GTX$0#1$-1$0"
257,"Crazy Demon Warrior",21,78,7587,2,,,,2240,,,,,,,,,,,,,,,,,,,,,,,,112,"M310_B1.gb#94$Tex\M310_1.GTX$0$-1$0 M310_B2.gb#94$Tex\M310_1.GTX$0$-1$0 M310_B3.gb#94$Tex\M310_1.GTX$0$-1$0 M310_B4.gb#94$Tex\M310_1.GTX$0$-1$0 M310_B5.gb#94$Tex\M310_2.GTX$0$-1$0 M310_H1.gb#94$Tex\M310_1.GTX$0$-1$0"
258,"Demon Defender",21,80,,2,,,,2260,,,,,,,,,,,,,,,,,,,,,,,,113,"M311_B1.gb#94$Tex\M311_1.GTX$0$-1$0 M311_B2.gb#94$Tex\M311_1.GTX$0$-1$0 M311_B3.gb#94$Tex\M311_1.GTX$0$-1$0 M311_B4.gb#94$Tex\M311_3.GTX$0$-1$0 M311_B5.gb#94$Tex\M311_1.GTX$0$-1$0 M311_B6.gb#94$Tex\M311_2.GTX$0$-1$0 M311_B7.gb#94$Tex\M311_2.GTX$0$-1$0 M311_H1.gb#94$Tex\M311_1.GTX$0$-1$0"
259,"Demon Monster",17,90,109588,1,,,,0,,,,,,,,,,,,,,,,,,,,,,,,114,"M316_B1.gb#94$Tex\M315.GTX$0$-1$0 M316_B2.gb#94$Tex\M315.GTX$0$-1$0 M316_B3.gb#94$Tex\M315.GTX$0$-1$0 M316_B4.gb#94$Tex\M315.GTX$0$-1$0 M316_B5.gb#94$Tex\M315.GTX$0$-1$0 M316_B6.gb#94$Tex\M315.GTX$0$-1$0"
260,"Demon Queen",17,98,,3,,,,0,,,,,,,,,,,,,,,,,,,,,,,,115,"M318_B1.gb#136$Tex\M318_B1.GTX#Tex\M318_B2.GTX$1#0$0$0 M318_B2.gb#136$Tex\M318_B2.GTX#Tex\M318_B3.GTX$0#1$0$0 M318_B3.gb#118$Tex\M318_B3.GTX$0$0$0"
261,"Twisted Demon Defender",22,84,,,,,,,,,,,,,,,,,,,,,,,,,,,,,,124,"M375_B1.gb#182$Tex\M375_1.GTX$0$0$0 M375_B2.gb#182$Tex\M375_1.GTX$0$0$0 M375_B3.gb#182$Tex\M375_1.GTX$0$0$0 M375_B4.gb#182$Tex\M375_3.GTX$0$0$0 M375_B5.gb#182$Tex\M375_1.GTX$0$0$0 M375_B6.gb#182$Tex\M375_2.GTX$0$0$0 M375_H1.gb#182$Tex\M375_1.GTX$0$0$0"
262,"Twisted Demon Infantry",22,76,,,,,,,,,,,,,,,,,,,,,,,,,,,,,,123,"M376_B1.gb#182$Tex\M375_1.GTX$0$0$0 M376_B2.gb#182$Tex\M375_1.GTX$0$0$0 M376_B3.gb#182$Tex\M375_1.GTX$0$0$0 M376_B4.gb#182$Tex\M376_3.GTX$0$0$0 M376_B5.gb#182$Tex\M375_1.GTX$0$0$0 M376_B6.gb#182$Tex\M375_2.GTX$0$0$0 M376_H1.gb#200$Tex\M375_1.GTX#Tex\M375_2.GTX$0#1$0$0"
263,"Twisted Demon Warrior",22,74,,,,,,,,,,,,,,,,,,,,,,,,,,,,,,122,"M377_B1.gb#182$Tex\M377_1.GTX$0$0$0 M377_B2.gb#182$Tex\M377_1.GTX$0$0$0 M377_B3.gb#182$Tex\M377_1.GTX$0$0$0 M377_B4.gb#182$Tex\M377_3.GTX$0$0$0 M377_B5.gb#182$Tex\M377_1.GTX$0$0$0 M377_B6.gb#182$Tex\M377_2.GTX$0$0$0 M377_H1.gb#182$Tex\M377_1.GTX$0$0$0"
264,"Twisted Demon Patrol",22,70,,,,,,,,,,,,,,,,,,,,,,,,,,,,,,121,"M378_B1.gb#182$Tex\M377_1.GTX$0$0$0 M378_B2.gb#182$Tex\M377_1.GTX$0$0$0 M378_B3.gb#182$Tex\M377_1.GTX$0$0$0 M378_B4.gb#182$Tex\M378_3.GTX$0$0$0 M378_B5.gb#182$Tex\M377_1.GTX$0$0$0 M378_B6.gb#182$Tex\M377_2.GTX$0$0$0 M378_H1.gb#200$Tex\M377_1.GTX#Tex\M377_2.GTX$0#1$0$0"
265,"Twisted Brown E-Moogy",22,70,,,,,,,,,,,,,,,,,,,,,,,,,,,,,,120,"M380_B1.gb#182$Tex\M380.GTX$0$0$0"
266,"Twisted Green E-Moogy",22,69,,,,,,,,,,,,,,,,,,,,,,,,,,,,,,119,"M381_B1.gb#182$Tex\M381.GTX$0$0$0"
267,"Ghost of the dragon",17,98,,,,,,,,,,,,,,,,,,,,,,,,,,,,,,126,"M382_B1.gb#182$Tex\M382_B1.GTX$0$0$0 M382_B2.gb#182$Tex\M382_B2.GTX$0$0$0"
268,"Ghost of Blacksmith in E-Mok Island",22,63,5212,,,,,,,,,,,,,,,,,,,,,,,,,,,,,116,"M390_B1.gb#182$Tex\M032.GTX$0$0$0"
269,"Ghost of Guard in E-Mok Island",22,65,5461,,,,,,,,,,,,,,,,,,,,,,,,,,,,,117,"M391_B1.gb#182$Tex\M033.GTX$0$0$0"
270,"Sealed Ghost Troop in E-Mok Island",22,67,,,,,,,,,,,,,,,,,,,,,,,,,,,,,,118,"M392_B1.gb#182$Tex\M035.GTX$0$0$0"
271,"Thousand-year old E-Moogy",17,98,,,,,,,,,,,,,,,,,,,,,,,,,,,,,,125,"M383_B1.gb#182$Tex\M383.GTX$0$0$0"
272,"Small Brown E-moogy",22,64,5973,,,,,,,,,,,,,,,,,,,,,,,,,,,,,120,"M380_B1.gb#182$Tex\M380.GTX$0$0$0"
273,"Small Green E-moogy",22,63,5609,,,,,,,,,,,,,,,,,,,,,,,,,,,,,119,"M381_B1.gb#182$Tex\M381.GTX$0$0$0"
274,"Minor Ground Element",23,75,0,,,,,,,,,,,,,,,,,,,,,,,,,,,,,131,"M461_B1.gb#200$Tex\M435_b1.GTX#Tex\M435_b2.GTX$0#1$0$1"
275,"Minor Fire Element",23,75,0,,,,,,,,,,,,,,,,,,,,,,,,,,,,,127,"M465_B1.gb#200$Tex\M437_b1.GTX#Tex\M437_b2.GTX$0#1$0$1"
276,"Minor Water Element",23,75,0,,,,,,,,,,,,,,,,,,,,,,,,,,,,,128,"M469_B1.gb#362$Tex\M438_b1.GTX$0#0#0#0#0#0#0#0#0#0#0$0$1"
277,"Minor Iron Element",23,75,0,,,,,,,,,,,,,,,,,,,,,,,,,,,,,130,"M473_B1.gb#200$Tex\M440_b1.GTX#Tex\M440_b2.GTX$0#1$0$1"
278,"Minor Wood Element",23,75,0,,,,,,,,,,,,,,,,,,,,,,,,,,,,,129,"M477_B1.gb#182$Tex\M442_b1.GTX$0$0$1"
279,"Earth Element",23,85,0,,,,,,,,,,,,,,,,,,,,,,,,,,,,,131,"M481_B1.gb#236$Tex\M435_b1.GTX#Tex\M435_b2.GTX$0#1#0#1$0$1"
280,"Fire Element",23,85,0,,,,,,,,,,,,,,,,,,,,,,,,,,,,,127,"M485_B1.gb#200$Tex\M437_b1.GTX#Tex\M437_b2.GTX$0#1$0$1"
281,"Water Element",23,85,0,,,,,,,,,,,,,,,,,,,,,,,,,,,,,128,"M489_B1.gb#434$Tex\M438_b1.GTX$0#0#0#0#0#0#0#0#0#0#0#0#0#0#0$0$1"
282,"Iron Element",23,85,0,,,,,,,,,,,,,,,,,,,,,,,,,,,,,130,"M493_B1.gb#254$Tex\M441_b1.GTX#Tex\M441_b2.GTX#Tex\M441_b3.GTX#Tex\M441_b4.GTX#Tex\M441_b5.GTX$0#3#4#2#1$0$1"
283,"Wood Element",23,85,0,,,,,,,,,,,,,,,,,,,,,,,,,,,,,129,"M497_B1.gb#182$Tex\M443_b1.GTX$0$0$1"
