prefix_id,enhancement_level,stat_family,application_band,application_band_meaning,bonus_json,prefix_name,provenance,source_file,source_line
1001,1,hp,1,unverified,"[[""hp"",""26""]]",+1,bango-file,prefix.dat,186
1002,2,hp,1,unverified,"[[""hp"",""32""]]",+2,bango-file,prefix.dat,187
1003,3,hp,1,unverified,"[[""hp"",""38""]]",+3,bango-file,prefix.dat,188
1004,4,hp,1,unverified,"[[""hp"",""44""]]",+4,bango-file,prefix.dat,189
1005,5,hp,1,unverified,"[[""hp"",""50""]]",+5,bango-file,prefix.dat,190
1006,6,hp,1,unverified,"[[""hp"",""56""]]",+6,bango-file,prefix.dat,191
1007,7,hp,1,unverified,"[[""hp"",""62""]]",+7,bango-file,prefix.dat,192
1008,8,hp,1,unverified,"[[""hp"",""68""]]",+8,bango-file,prefix.dat,193
1009,9,hp,1,unverified,"[[""hp"",""74""]]",+9,bango-file,prefix.dat,194
1010,10,hp,1,unverified,"[[""hp"",""80""]]",+10,bango-file,prefix.dat,195
1011,11,hp,1,unverified,"[[""hp"",""86""]]",+11,bango-file,prefix.dat,196
1012,12,hp,1,unverified,"[[""hp"",""92""]]",+12,bango-file,prefix.dat,197
1013,13,hp,1,unverified,"[[""hp"",""98""]]",+13,bango-file,prefix.dat,198
1014,14,hp,1,unverified,"[[""hp"",""104""]]",+14,bango-file,prefix.dat,199
1015,15,hp,1,unverified,"[[""hp"",""110""]]",+15,bango-file,prefix.dat,200
1021,1,hp,2,unverified,"[[""hp"",""32""]]",<unresolved prefixname:1021>,bango-file,prefix.dat,202
1022,2,hp,2,unverified,"[[""hp"",""43""]]",<unresolved prefixname:1022>,bango-file,prefix.dat,203
1023,3,hp,2,unverified,"[[""hp"",""53""]]",<unresolved prefixname:1023>,bango-file,prefix.dat,204
1024,4,hp,2,unverified,"[[""hp"",""64""]]",<unresolved prefixname:1024>,bango-file,prefix.dat,205
1025,5,hp,2,unverified,"[[""hp"",""75""]]",<unresolved prefixname:1025>,bango-file,prefix.dat,206
1026,6,hp,2,unverified,"[[""hp"",""86""]]",<unresolved prefixname:1026>,bango-file,prefix.dat,207
1027,7,hp,2,unverified,"[[""hp"",""96""]]",<unresolved prefixname:1027>,bango-file,prefix.dat,208
1028,8,hp,2,unverified,"[[""hp"",""107""]]",<unresolved prefixname:1028>,bango-file,prefix.dat,209
1029,9,hp,2,unverified,"[[""hp"",""118""]]",<unresolved prefixname:1029>,bango-file,prefix.dat,210
1030,10,hp,2,unverified,"[[""hp"",""129""]]",<unresolved prefixname:1030>,bango-file,prefix.dat,211
1031,11,hp,2,unverified,"[[""hp"",""139""]]",<unresolved prefixname:1031>,bango-file,prefix.dat,212
1032,12,hp,2,unverified,"[[""hp"",""150""]]",<unresolved prefixname:1032>,bango-file,prefix.dat,213
1033,13,hp,2,unverified,"[[""hp"",""161""]]",<unresolved prefixname:1033>,bango-file,prefix.dat,214
1034,14,hp,2,unverified,"[[""hp"",""172""]]",<unresolved prefixname:1034>,bango-file,prefix.dat,215
1035,15,hp,2,unverified,"[[""hp"",""182""]]",<unresolved prefixname:1035>,bango-file,prefix.dat,216
1041,1,hp,3,unverified,"[[""hp"",""42""]]",<unresolved prefixname:1041>,bango-file,prefix.dat,218
1042,2,hp,3,unverified,"[[""hp"",""60""]]",<unresolved prefixname:1042>,bango-file,prefix.dat,219
1043,3,hp,3,unverified,"[[""hp"",""77""]]",<unresolved prefixname:1043>,bango-file,prefix.dat,220
1044,4,hp,3,unverified,"[[""hp"",""95""]]",<unresolved prefixname:1044>,bango-file,prefix.dat,221
1045,5,hp,3,unverified,"[[""hp"",""112""]]",<unresolved prefixname:1045>,bango-file,prefix.dat,222
1046,6,hp,3,unverified,"[[""hp"",""130""]]",<unresolved prefixname:1046>,bango-file,prefix.dat,223
1047,7,hp,3,unverified,"[[""hp"",""147""]]",<unresolved prefixname:1047>,bango-file,prefix.dat,224
1048,8,hp,3,unverified,"[[""hp"",""165""]]",<unresolved prefixname:1048>,bango-file,prefix.dat,225
1049,9,hp,3,unverified,"[[""hp"",""182""]]",<unresolved prefixname:1049>,bango-file,prefix.dat,226
1050,10,hp,3,unverified,"[[""hp"",""200""]]",<unresolved prefixname:1050>,bango-file,prefix.dat,227
1051,11,hp,3,unverified,"[[""hp"",""217""]]",<unresolved prefixname:1051>,bango-file,prefix.dat,228
1052,12,hp,3,unverified,"[[""hp"",""235""]]",<unresolved prefixname:1052>,bango-file,prefix.dat,229
1053,13,hp,3,unverified,"[[""hp"",""252""]]",<unresolved prefixname:1053>,bango-file,prefix.dat,230
1054,14,hp,3,unverified,"[[""hp"",""270""]]",<unresolved prefixname:1054>,bango-file,prefix.dat,231
1055,15,hp,3,unverified,"[[""hp"",""287""]]",<unresolved prefixname:1055>,bango-file,prefix.dat,232
1201,1,mp,1,unverified,"[[""mp"",""9""]]",<unresolved prefixname:1201>,bango-file,prefix.dat,236
1202,2,mp,1,unverified,"[[""mp"",""12""]]",<unresolved prefixname:1202>,bango-file,prefix.dat,237
1203,3,mp,1,unverified,"[[""mp"",""14""]]",<unresolved prefixname:1203>,bango-file,prefix.dat,238
1204,4,mp,1,unverified,"[[""mp"",""16""]]",<unresolved prefixname:1204>,bango-file,prefix.dat,239
1205,5,mp,1,unverified,"[[""mp"",""18""]]",<unresolved prefixname:1205>,bango-file,prefix.dat,240
1206,6,mp,1,unverified,"[[""mp"",""21""]]",<unresolved prefixname:1206>,bango-file,prefix.dat,241
1207,7,mp,1,unverified,"[[""mp"",""23""]]",<unresolved prefixname:1207>,bango-file,prefix.dat,242
1208,8,mp,1,unverified,"[[""mp"",""25""]]",<unresolved prefixname:1208>,bango-file,prefix.dat,243
1209,9,mp,1,unverified,"[[""mp"",""27""]]",<unresolved prefixname:1209>,bango-file,prefix.dat,244
1210,10,mp,1,unverified,"[[""mp"",""30""]]",<unresolved prefixname:1210>,bango-file,prefix.dat,245
1211,11,mp,1,unverified,"[[""mp"",""32""]]",<unresolved prefixname:1211>,bango-file,prefix.dat,246
1212,12,mp,1,unverified,"[[""mp"",""34""]]",<unresolved prefixname:1212>,bango-file,prefix.dat,247
1213,13,mp,1,unverified,"[[""mp"",""36""]]",<unresolved prefixname:1213>,bango-file,prefix.dat,248
1214,14,mp,1,unverified,"[[""mp"",""39""]]",<unresolved prefixname:1214>,bango-file,prefix.dat,249
1215,15,mp,1,unverified,"[[""mp"",""41""]]",<unresolved prefixname:1215>,bango-file,prefix.dat,250
1221,1,mp,2,unverified,"[[""mp"",""15""]]",<unresolved prefixname:1221>,bango-file,prefix.dat,252
1222,2,mp,2,unverified,"[[""mp"",""20""]]",<unresolved prefixname:1222>,bango-file,prefix.dat,253
1223,3,mp,2,unverified,"[[""mp"",""25""]]",<unresolved prefixname:1223>,bango-file,prefix.dat,254
1224,4,mp,2,unverified,"[[""mp"",""30""]]",<unresolved prefixname:1224>,bango-file,prefix.dat,255
1225,5,mp,2,unverified,"[[""mp"",""35""]]",<unresolved prefixname:1225>,bango-file,prefix.dat,256
1226,6,mp,2,unverified,"[[""mp"",""40""]]",<unresolved prefixname:1226>,bango-file,prefix.dat,257
1227,7,mp,2,unverified,"[[""mp"",""45""]]",<unresolved prefixname:1227>,bango-file,prefix.dat,258
1228,8,mp,2,unverified,"[[""mp"",""50""]]",<unresolved prefixname:1228>,bango-file,prefix.dat,259
1229,9,mp,2,unverified,"[[""mp"",""55""]]",<unresolved prefixname:1229>,bango-file,prefix.dat,260
1230,10,mp,2,unverified,"[[""mp"",""60""]]",<unresolved prefixname:1230>,bango-file,prefix.dat,261
1231,11,mp,2,unverified,"[[""mp"",""65""]]",<unresolved prefixname:1231>,bango-file,prefix.dat,262
1232,12,mp,2,unverified,"[[""mp"",""70""]]",<unresolved prefixname:1232>,bango-file,prefix.dat,263
1233,13,mp,2,unverified,"[[""mp"",""75""]]",<unresolved prefixname:1233>,bango-file,prefix.dat,264
1234,14,mp,2,unverified,"[[""mp"",""80""]]",<unresolved prefixname:1234>,bango-file,prefix.dat,265
1235,15,mp,2,unverified,"[[""mp"",""85""]]",<unresolved prefixname:1235>,bango-file,prefix.dat,266
1241,1,mp,3,unverified,"[[""mp"",""21""]]",<unresolved prefixname:1241>,bango-file,prefix.dat,268
1242,2,mp,3,unverified,"[[""mp"",""30""]]",<unresolved prefixname:1242>,bango-file,prefix.dat,269
1243,3,mp,3,unverified,"[[""mp"",""38""]]",<unresolved prefixname:1243>,bango-file,prefix.dat,270
1244,4,mp,3,unverified,"[[""mp"",""47""]]",<unresolved prefixname:1244>,bango-file,prefix.dat,271
1245,5,mp,3,unverified,"[[""mp"",""56""]]",<unresolved prefixname:1245>,bango-file,prefix.dat,272
1246,6,mp,3,unverified,"[[""mp"",""65""]]",<unresolved prefixname:1246>,bango-file,prefix.dat,273
1247,7,mp,3,unverified,"[[""mp"",""73""]]",<unresolved prefixname:1247>,bango-file,prefix.dat,274
1248,8,mp,3,unverified,"[[""mp"",""82""]]",<unresolved prefixname:1248>,bango-file,prefix.dat,275
1249,9,mp,3,unverified,"[[""mp"",""91""]]",<unresolved prefixname:1249>,bango-file,prefix.dat,276
1250,10,mp,3,unverified,"[[""mp"",""100""]]",<unresolved prefixname:1250>,bango-file,prefix.dat,277
1251,11,mp,3,unverified,"[[""mp"",""108""]]",<unresolved prefixname:1251>,bango-file,prefix.dat,278
1252,12,mp,3,unverified,"[[""mp"",""117""]]",<unresolved prefixname:1252>,bango-file,prefix.dat,279
1253,13,mp,3,unverified,"[[""mp"",""126""]]",<unresolved prefixname:1253>,bango-file,prefix.dat,280
1254,14,mp,3,unverified,"[[""mp"",""135""]]",<unresolved prefixname:1254>,bango-file,prefix.dat,281
1255,15,mp,3,unverified,"[[""mp"",""143""]]",<unresolved prefixname:1255>,bango-file,prefix.dat,282
1401,1,attack_and_magic,1,unverified,"[[""attack"",""1"",""1""],[""magic"",""1"",""1""]]",<unresolved prefixname:1401>,bango-file,prefix.dat,286
1402,2,attack_and_magic,1,unverified,"[[""attack"",""2"",""2""],[""magic"",""2"",""2""]]",<unresolved prefixname:1402>,bango-file,prefix.dat,287
1403,3,attack_and_magic,1,unverified,"[[""attack"",""2"",""2""],[""magic"",""2"",""2""]]",<unresolved prefixname:1403>,bango-file,prefix.dat,288
1404,4,attack_and_magic,1,unverified,"[[""attack"",""3"",""3""],[""magic"",""3"",""3""]]",<unresolved prefixname:1404>,bango-file,prefix.dat,289
1405,5,attack_and_magic,1,unverified,"[[""attack"",""3"",""3""],[""magic"",""3"",""3""]]",<unresolved prefixname:1405>,bango-file,prefix.dat,290
1406,6,attack_and_magic,1,unverified,"[[""attack"",""4"",""4""],[""magic"",""4"",""4""]]",<unresolved prefixname:1406>,bango-file,prefix.dat,291
1407,7,attack_and_magic,1,unverified,"[[""attack"",""4"",""4""],[""magic"",""4"",""4""]]",<unresolved prefixname:1407>,bango-file,prefix.dat,292
1408,8,attack_and_magic,1,unverified,"[[""attack"",""5"",""5""],[""magic"",""5"",""5""]]",<unresolved prefixname:1408>,bango-file,prefix.dat,293
1409,9,attack_and_magic,1,unverified,"[[""attack"",""5"",""5""],[""magic"",""5"",""5""]]",<unresolved prefixname:1409>,bango-file,prefix.dat,294
1410,10,attack_and_magic,1,unverified,"[[""attack"",""6"",""6""],[""magic"",""6"",""6""]]",<unresolved prefixname:1410>,bango-file,prefix.dat,295
1411,11,attack_and_magic,1,unverified,"[[""attack"",""6"",""6""],[""magic"",""6"",""6""]]",<unresolved prefixname:1411>,bango-file,prefix.dat,296
1412,12,attack_and_magic,1,unverified,"[[""attack"",""6"",""6""],[""magic"",""6"",""6""]]",<unresolved prefixname:1412>,bango-file,prefix.dat,297
1413,13,attack_and_magic,1,unverified,"[[""attack"",""7"",""7""],[""magic"",""7"",""7""]]",<unresolved prefixname:1413>,bango-file,prefix.dat,298
1414,14,attack_and_magic,1,unverified,"[[""attack"",""7"",""7""],[""magic"",""7"",""7""]]",<unresolved prefixname:1414>,bango-file,prefix.dat,299
1415,15,attack_and_magic,1,unverified,"[[""attack"",""8"",""8""],[""magic"",""8"",""8""]]",<unresolved prefixname:1415>,bango-file,prefix.dat,300
1421,1,attack_and_magic,2,unverified,"[[""attack"",""3"",""3""],[""magic"",""3"",""3""]]",<unresolved prefixname:1421>,bango-file,prefix.dat,302
1422,2,attack_and_magic,2,unverified,"[[""attack"",""4"",""4""],[""magic"",""4"",""4""]]",<unresolved prefixname:1422>,bango-file,prefix.dat,303
1423,3,attack_and_magic,2,unverified,"[[""attack"",""5"",""5""],[""magic"",""5"",""5""]]",<unresolved prefixname:1423>,bango-file,prefix.dat,304
1424,4,attack_and_magic,2,unverified,"[[""attack"",""6"",""6""],[""magic"",""6"",""6""]]",<unresolved prefixname:1424>,bango-file,prefix.dat,305
1425,5,attack_and_magic,2,unverified,"[[""attack"",""7"",""7""],[""magic"",""7"",""7""]]",<unresolved prefixname:1425>,bango-file,prefix.dat,306
1426,6,attack_and_magic,2,unverified,"[[""attack"",""8"",""8""],[""magic"",""8"",""8""]]",<unresolved prefixname:1426>,bango-file,prefix.dat,307
1427,7,attack_and_magic,2,unverified,"[[""attack"",""9"",""9""],[""magic"",""9"",""9""]]",<unresolved prefixname:1427>,bango-file,prefix.dat,308
1428,8,attack_and_magic,2,unverified,"[[""attack"",""10"",""10""],[""magic"",""10"",""10""]]",<unresolved prefixname:1428>,bango-file,prefix.dat,309
1429,9,attack_and_magic,2,unverified,"[[""attack"",""11"",""11""],[""magic"",""11"",""11""]]",<unresolved prefixname:1429>,bango-file,prefix.dat,310
1430,10,attack_and_magic,2,unverified,"[[""attack"",""12"",""12""],[""magic"",""12"",""12""]]",<unresolved prefixname:1430>,bango-file,prefix.dat,311
1431,11,attack_and_magic,2,unverified,"[[""attack"",""13"",""13""],[""magic"",""13"",""13""]]",<unresolved prefixname:1431>,bango-file,prefix.dat,312
1432,12,attack_and_magic,2,unverified,"[[""attack"",""14"",""14""],[""magic"",""14"",""14""]]",<unresolved prefixname:1432>,bango-file,prefix.dat,313
1433,13,attack_and_magic,2,unverified,"[[""attack"",""15"",""15""],[""magic"",""15"",""15""]]",<unresolved prefixname:1433>,bango-file,prefix.dat,314
1434,14,attack_and_magic,2,unverified,"[[""attack"",""16"",""16""],[""magic"",""16"",""16""]]",<unresolved prefixname:1434>,bango-file,prefix.dat,315
1435,15,attack_and_magic,2,unverified,"[[""attack"",""17"",""17""],[""magic"",""17"",""17""]]",<unresolved prefixname:1435>,bango-file,prefix.dat,316
1441,1,attack_and_magic,3,unverified,"[[""attack"",""6"",""6""],[""magic"",""6"",""6""]]",<unresolved prefixname:1441>,bango-file,prefix.dat,318
1442,2,attack_and_magic,3,unverified,"[[""attack"",""9"",""9""],[""magic"",""9"",""9""]]",<unresolved prefixname:1442>,bango-file,prefix.dat,319
1443,3,attack_and_magic,3,unverified,"[[""attack"",""12"",""12""],[""magic"",""12"",""12""]]",<unresolved prefixname:1443>,bango-file,prefix.dat,320
1444,4,attack_and_magic,3,unverified,"[[""attack"",""15"",""15""],[""magic"",""15"",""15""]]",<unresolved prefixname:1444>,bango-file,prefix.dat,321
1445,5,attack_and_magic,3,unverified,"[[""attack"",""18"",""18""],[""magic"",""18"",""18""]]",<unresolved prefixname:1445>,bango-file,prefix.dat,322
1446,6,attack_and_magic,3,unverified,"[[""attack"",""20"",""20""],[""magic"",""20"",""20""]]",<unresolved prefixname:1446>,bango-file,prefix.dat,323
1447,7,attack_and_magic,3,unverified,"[[""attack"",""23"",""23""],[""magic"",""23"",""23""]]",<unresolved prefixname:1447>,bango-file,prefix.dat,324
1448,8,attack_and_magic,3,unverified,"[[""attack"",""26"",""26""],[""magic"",""26"",""26""]]",<unresolved prefixname:1448>,bango-file,prefix.dat,325
1449,9,attack_and_magic,3,unverified,"[[""attack"",""29"",""29""],[""magic"",""29"",""29""]]",<unresolved prefixname:1449>,bango-file,prefix.dat,326
1450,10,attack_and_magic,3,unverified,"[[""attack"",""32"",""32""],[""magic"",""32"",""32""]]",<unresolved prefixname:1450>,bango-file,prefix.dat,327
1451,11,attack_and_magic,3,unverified,"[[""attack"",""34"",""34""],[""magic"",""34"",""34""]]",<unresolved prefixname:1451>,bango-file,prefix.dat,328
1452,12,attack_and_magic,3,unverified,"[[""attack"",""37"",""37""],[""magic"",""37"",""37""]]",<unresolved prefixname:1452>,bango-file,prefix.dat,329
1453,13,attack_and_magic,3,unverified,"[[""attack"",""40"",""40""],[""magic"",""40"",""40""]]",<unresolved prefixname:1453>,bango-file,prefix.dat,330
1454,14,attack_and_magic,3,unverified,"[[""attack"",""43"",""43""],[""magic"",""43"",""43""]]",<unresolved prefixname:1454>,bango-file,prefix.dat,331
1455,15,attack_and_magic,3,unverified,"[[""attack"",""46"",""46""],[""magic"",""46"",""46""]]",<unresolved prefixname:1455>,bango-file,prefix.dat,332
1601,1,strength,1,unverified,"[[""str"",""1""]]",<unresolved prefixname:1601>,bango-file,prefix.dat,338
1602,2,strength,1,unverified,"[[""str"",""1""]]",<unresolved prefixname:1602>,bango-file,prefix.dat,339
1603,3,strength,1,unverified,"[[""str"",""1""]]",<unresolved prefixname:1603>,bango-file,prefix.dat,340
1604,4,strength,1,unverified,"[[""str"",""1""]]",<unresolved prefixname:1604>,bango-file,prefix.dat,341
1605,5,strength,1,unverified,"[[""str"",""1""]]",<unresolved prefixname:1605>,bango-file,prefix.dat,342
1606,6,strength,1,unverified,"[[""str"",""1""]]",<unresolved prefixname:1606>,bango-file,prefix.dat,343
1607,7,strength,1,unverified,"[[""str"",""1""]]",<unresolved prefixname:1607>,bango-file,prefix.dat,344
1608,8,strength,1,unverified,"[[""str"",""1""]]",<unresolved prefixname:1608>,bango-file,prefix.dat,345
1609,9,strength,1,unverified,"[[""str"",""1""]]",<unresolved prefixname:1609>,bango-file,prefix.dat,346
1610,10,strength,1,unverified,"[[""str"",""2""]]",<unresolved prefixname:1610>,bango-file,prefix.dat,347
1611,11,strength,1,unverified,"[[""str"",""2""]]",<unresolved prefixname:1611>,bango-file,prefix.dat,348
1612,12,strength,1,unverified,"[[""str"",""2""]]",<unresolved prefixname:1612>,bango-file,prefix.dat,349
1613,13,strength,1,unverified,"[[""str"",""2""]]",<unresolved prefixname:1613>,bango-file,prefix.dat,350
1614,14,strength,1,unverified,"[[""str"",""2""]]",<unresolved prefixname:1614>,bango-file,prefix.dat,351
1615,15,strength,1,unverified,"[[""str"",""2""]]",<unresolved prefixname:1615>,bango-file,prefix.dat,352
1621,1,strength,2,unverified,"[[""str"",""1""]]",<unresolved prefixname:1621>,bango-file,prefix.dat,354
1622,2,strength,2,unverified,"[[""str"",""1""]]",<unresolved prefixname:1622>,bango-file,prefix.dat,355
1623,3,strength,2,unverified,"[[""str"",""1""]]",<unresolved prefixname:1623>,bango-file,prefix.dat,356
1624,4,strength,2,unverified,"[[""str"",""1""]]",<unresolved prefixname:1624>,bango-file,prefix.dat,357
1625,5,strength,2,unverified,"[[""str"",""1""]]",<unresolved prefixname:1625>,bango-file,prefix.dat,358
1626,6,strength,2,unverified,"[[""str"",""2""]]",<unresolved prefixname:1626>,bango-file,prefix.dat,359
1627,7,strength,2,unverified,"[[""str"",""2""]]",<unresolved prefixname:1627>,bango-file,prefix.dat,360
1628,8,strength,2,unverified,"[[""str"",""2""]]",<unresolved prefixname:1628>,bango-file,prefix.dat,361
1629,9,strength,2,unverified,"[[""str"",""2""]]",<unresolved prefixname:1629>,bango-file,prefix.dat,362
1630,10,strength,2,unverified,"[[""str"",""3""]]",<unresolved prefixname:1630>,bango-file,prefix.dat,363
1631,11,strength,2,unverified,"[[""str"",""3""]]",<unresolved prefixname:1631>,bango-file,prefix.dat,364
1632,12,strength,2,unverified,"[[""str"",""3""]]",<unresolved prefixname:1632>,bango-file,prefix.dat,365
1633,13,strength,2,unverified,"[[""str"",""3""]]",<unresolved prefixname:1633>,bango-file,prefix.dat,366
1634,14,strength,2,unverified,"[[""str"",""4""]]",<unresolved prefixname:1634>,bango-file,prefix.dat,367
1635,15,strength,2,unverified,"[[""str"",""4""]]",<unresolved prefixname:1635>,bango-file,prefix.dat,368
1641,1,strength,3,unverified,"[[""str"",""1""]]",<unresolved prefixname:1641>,bango-file,prefix.dat,370
1642,2,strength,3,unverified,"[[""str"",""1""]]",<unresolved prefixname:1642>,bango-file,prefix.dat,371
1643,3,strength,3,unverified,"[[""str"",""2""]]",<unresolved prefixname:1643>,bango-file,prefix.dat,372
1644,4,strength,3,unverified,"[[""str"",""2""]]",<unresolved prefixname:1644>,bango-file,prefix.dat,373
1645,5,strength,3,unverified,"[[""str"",""2""]]",<unresolved prefixname:1645>,bango-file,prefix.dat,374
1646,6,strength,3,unverified,"[[""str"",""3""]]",<unresolved prefixname:1646>,bango-file,prefix.dat,375
1647,7,strength,3,unverified,"[[""str"",""3""]]",<unresolved prefixname:1647>,bango-file,prefix.dat,376
1648,8,strength,3,unverified,"[[""str"",""4""]]",<unresolved prefixname:1648>,bango-file,prefix.dat,377
1649,9,strength,3,unverified,"[[""str"",""4""]]",<unresolved prefixname:1649>,bango-file,prefix.dat,378
1650,10,strength,3,unverified,"[[""str"",""5""]]",<unresolved prefixname:1650>,bango-file,prefix.dat,379
1651,11,strength,3,unverified,"[[""str"",""5""]]",<unresolved prefixname:1651>,bango-file,prefix.dat,380
1652,12,strength,3,unverified,"[[""str"",""6""]]",<unresolved prefixname:1652>,bango-file,prefix.dat,381
1653,13,strength,3,unverified,"[[""str"",""6""]]",<unresolved prefixname:1653>,bango-file,prefix.dat,382
1654,14,strength,3,unverified,"[[""str"",""7""]]",<unresolved prefixname:1654>,bango-file,prefix.dat,383
1655,15,strength,3,unverified,"[[""str"",""7""]]",<unresolved prefixname:1655>,bango-file,prefix.dat,384
1801,1,dexterity,1,unverified,"[[""dex"",""1""]]",<unresolved prefixname:1801>,bango-file,prefix.dat,388
1802,2,dexterity,1,unverified,"[[""dex"",""1""]]",<unresolved prefixname:1802>,bango-file,prefix.dat,389
1803,3,dexterity,1,unverified,"[[""dex"",""1""]]",<unresolved prefixname:1803>,bango-file,prefix.dat,390
1804,4,dexterity,1,unverified,"[[""dex"",""1""]]",<unresolved prefixname:1804>,bango-file,prefix.dat,391
1805,5,dexterity,1,unverified,"[[""dex"",""1""]]",<unresolved prefixname:1805>,bango-file,prefix.dat,392
1806,6,dexterity,1,unverified,"[[""dex"",""1""]]",<unresolved prefixname:1806>,bango-file,prefix.dat,393
1807,7,dexterity,1,unverified,"[[""dex"",""1""]]",<unresolved prefixname:1807>,bango-file,prefix.dat,394
1808,8,dexterity,1,unverified,"[[""dex"",""1""]]",<unresolved prefixname:1808>,bango-file,prefix.dat,395
1809,9,dexterity,1,unverified,"[[""dex"",""1""]]",<unresolved prefixname:1809>,bango-file,prefix.dat,396
1810,10,dexterity,1,unverified,"[[""dex"",""2""]]",<unresolved prefixname:1810>,bango-file,prefix.dat,397
1811,11,dexterity,1,unverified,"[[""dex"",""2""]]",<unresolved prefixname:1811>,bango-file,prefix.dat,398
1812,12,dexterity,1,unverified,"[[""dex"",""2""]]",<unresolved prefixname:1812>,bango-file,prefix.dat,399
1813,13,dexterity,1,unverified,"[[""dex"",""2""]]",<unresolved prefixname:1813>,bango-file,prefix.dat,400
1814,14,dexterity,1,unverified,"[[""dex"",""2""]]",<unresolved prefixname:1814>,bango-file,prefix.dat,401
1815,15,dexterity,1,unverified,"[[""dex"",""2""]]",<unresolved prefixname:1815>,bango-file,prefix.dat,402
1821,1,dexterity,2,unverified,"[[""dex"",""1""]]",<unresolved prefixname:1821>,bango-file,prefix.dat,404
1822,2,dexterity,2,unverified,"[[""dex"",""1""]]",<unresolved prefixname:1822>,bango-file,prefix.dat,405
1823,3,dexterity,2,unverified,"[[""dex"",""1""]]",<unresolved prefixname:1823>,bango-file,prefix.dat,406
1824,4,dexterity,2,unverified,"[[""dex"",""1""]]",<unresolved prefixname:1824>,bango-file,prefix.dat,407
1825,5,dexterity,2,unverified,"[[""dex"",""1""]]",<unresolved prefixname:1825>,bango-file,prefix.dat,408
1826,6,dexterity,2,unverified,"[[""dex"",""2""]]",<unresolved prefixname:1826>,bango-file,prefix.dat,409
1827,7,dexterity,2,unverified,"[[""dex"",""2""]]",<unresolved prefixname:1827>,bango-file,prefix.dat,410
1828,8,dexterity,2,unverified,"[[""dex"",""2""]]",<unresolved prefixname:1828>,bango-file,prefix.dat,411
1829,9,dexterity,2,unverified,"[[""dex"",""2""]]",<unresolved prefixname:1829>,bango-file,prefix.dat,412
1830,10,dexterity,2,unverified,"[[""dex"",""3""]]",<unresolved prefixname:1830>,bango-file,prefix.dat,413
1831,11,dexterity,2,unverified,"[[""dex"",""3""]]",<unresolved prefixname:1831>,bango-file,prefix.dat,414
1832,12,dexterity,2,unverified,"[[""dex"",""3""]]",<unresolved prefixname:1832>,bango-file,prefix.dat,415
1833,13,dexterity,2,unverified,"[[""dex"",""3""]]",<unresolved prefixname:1833>,bango-file,prefix.dat,416
1834,14,dexterity,2,unverified,"[[""dex"",""4""]]",<unresolved prefixname:1834>,bango-file,prefix.dat,417
1835,15,dexterity,2,unverified,"[[""dex"",""4""]]",<unresolved prefixname:1835>,bango-file,prefix.dat,418
1841,1,dexterity,3,unverified,"[[""dex"",""1""]]",<unresolved prefixname:1841>,bango-file,prefix.dat,420
1842,2,dexterity,3,unverified,"[[""dex"",""1""]]",<unresolved prefixname:1842>,bango-file,prefix.dat,421
1843,3,dexterity,3,unverified,"[[""dex"",""2""]]",<unresolved prefixname:1843>,bango-file,prefix.dat,422
1844,4,dexterity,3,unverified,"[[""dex"",""2""]]",<unresolved prefixname:1844>,bango-file,prefix.dat,423
1845,5,dexterity,3,unverified,"[[""dex"",""2""]]",<unresolved prefixname:1845>,bango-file,prefix.dat,424
1846,6,dexterity,3,unverified,"[[""dex"",""3""]]",<unresolved prefixname:1846>,bango-file,prefix.dat,425
1847,7,dexterity,3,unverified,"[[""dex"",""3""]]",<unresolved prefixname:1847>,bango-file,prefix.dat,426
1848,8,dexterity,3,unverified,"[[""dex"",""4""]]",<unresolved prefixname:1848>,bango-file,prefix.dat,427
1849,9,dexterity,3,unverified,"[[""dex"",""4""]]",<unresolved prefixname:1849>,bango-file,prefix.dat,428
1850,10,dexterity,3,unverified,"[[""dex"",""5""]]",<unresolved prefixname:1850>,bango-file,prefix.dat,429
1851,11,dexterity,3,unverified,"[[""dex"",""5""]]",<unresolved prefixname:1851>,bango-file,prefix.dat,430
1852,12,dexterity,3,unverified,"[[""dex"",""6""]]",<unresolved prefixname:1852>,bango-file,prefix.dat,431
1853,13,dexterity,3,unverified,"[[""dex"",""6""]]",<unresolved prefixname:1853>,bango-file,prefix.dat,432
1854,14,dexterity,3,unverified,"[[""dex"",""7""]]",<unresolved prefixname:1854>,bango-file,prefix.dat,433
1855,15,dexterity,3,unverified,"[[""dex"",""7""]]",<unresolved prefixname:1855>,bango-file,prefix.dat,434
2001,1,intelligence,1,unverified,"[[""int"",""1""]]",<unresolved prefixname:2001>,bango-file,prefix.dat,438
2002,2,intelligence,1,unverified,"[[""int"",""1""]]",<unresolved prefixname:2002>,bango-file,prefix.dat,439
2003,3,intelligence,1,unverified,"[[""int"",""1""]]",<unresolved prefixname:2003>,bango-file,prefix.dat,440
2004,4,intelligence,1,unverified,"[[""int"",""1""]]",<unresolved prefixname:2004>,bango-file,prefix.dat,441
2005,5,intelligence,1,unverified,"[[""int"",""1""]]",<unresolved prefixname:2005>,bango-file,prefix.dat,442
2006,6,intelligence,1,unverified,"[[""int"",""1""]]",<unresolved prefixname:2006>,bango-file,prefix.dat,443
2007,7,intelligence,1,unverified,"[[""int"",""1""]]",<unresolved prefixname:2007>,bango-file,prefix.dat,444
2008,8,intelligence,1,unverified,"[[""int"",""1""]]",<unresolved prefixname:2008>,bango-file,prefix.dat,445
2009,9,intelligence,1,unverified,"[[""int"",""1""]]",<unresolved prefixname:2009>,bango-file,prefix.dat,446
2010,10,intelligence,1,unverified,"[[""int"",""2""]]",<unresolved prefixname:2010>,bango-file,prefix.dat,447
2011,11,intelligence,1,unverified,"[[""int"",""2""]]",<unresolved prefixname:2011>,bango-file,prefix.dat,448
2012,12,intelligence,1,unverified,"[[""int"",""2""]]",<unresolved prefixname:2012>,bango-file,prefix.dat,449
2013,13,intelligence,1,unverified,"[[""int"",""2""]]",<unresolved prefixname:2013>,bango-file,prefix.dat,450
2014,14,intelligence,1,unverified,"[[""int"",""2""]]",<unresolved prefixname:2014>,bango-file,prefix.dat,451
2015,15,intelligence,1,unverified,"[[""int"",""2""]]",<unresolved prefixname:2015>,bango-file,prefix.dat,452
2021,1,intelligence,2,unverified,"[[""int"",""1""]]",<unresolved prefixname:2021>,bango-file,prefix.dat,454
2022,2,intelligence,2,unverified,"[[""int"",""1""]]",<unresolved prefixname:2022>,bango-file,prefix.dat,455
2023,3,intelligence,2,unverified,"[[""int"",""1""]]",<unresolved prefixname:2023>,bango-file,prefix.dat,456
2024,4,intelligence,2,unverified,"[[""int"",""1""]]",<unresolved prefixname:2024>,bango-file,prefix.dat,457
2025,5,intelligence,2,unverified,"[[""int"",""1""]]",<unresolved prefixname:2025>,bango-file,prefix.dat,458
2026,6,intelligence,2,unverified,"[[""int"",""2""]]",<unresolved prefixname:2026>,bango-file,prefix.dat,459
2027,7,intelligence,2,unverified,"[[""int"",""2""]]",<unresolved prefixname:2027>,bango-file,prefix.dat,460
2028,8,intelligence,2,unverified,"[[""int"",""2""]]",<unresolved prefixname:2028>,bango-file,prefix.dat,461
2029,9,intelligence,2,unverified,"[[""int"",""2""]]",<unresolved prefixname:2029>,bango-file,prefix.dat,462
2030,10,intelligence,2,unverified,"[[""int"",""3""]]",<unresolved prefixname:2030>,bango-file,prefix.dat,463
2031,11,intelligence,2,unverified,"[[""int"",""3""]]",<unresolved prefixname:2031>,bango-file,prefix.dat,464
2032,12,intelligence,2,unverified,"[[""int"",""3""]]",<unresolved prefixname:2032>,bango-file,prefix.dat,465
2033,13,intelligence,2,unverified,"[[""int"",""3""]]",<unresolved prefixname:2033>,bango-file,prefix.dat,466
2034,14,intelligence,2,unverified,"[[""int"",""4""]]",<unresolved prefixname:2034>,bango-file,prefix.dat,467
2035,15,intelligence,2,unverified,"[[""int"",""4""]]",<unresolved prefixname:2035>,bango-file,prefix.dat,468
2041,1,intelligence,3,unverified,"[[""int"",""1""]]",<unresolved prefixname:2041>,bango-file,prefix.dat,471
2042,2,intelligence,3,unverified,"[[""int"",""1""]]",<unresolved prefixname:2042>,bango-file,prefix.dat,472
2043,3,intelligence,3,unverified,"[[""int"",""2""]]",<unresolved prefixname:2043>,bango-file,prefix.dat,473
2044,4,intelligence,3,unverified,"[[""int"",""2""]]",<unresolved prefixname:2044>,bango-file,prefix.dat,474
2045,5,intelligence,3,unverified,"[[""int"",""2""]]",<unresolved prefixname:2045>,bango-file,prefix.dat,475
2046,6,intelligence,3,unverified,"[[""int"",""3""]]",<unresolved prefixname:2046>,bango-file,prefix.dat,476
2047,7,intelligence,3,unverified,"[[""int"",""3""]]",<unresolved prefixname:2047>,bango-file,prefix.dat,477
2048,8,intelligence,3,unverified,"[[""int"",""4""]]",<unresolved prefixname:2048>,bango-file,prefix.dat,478
2049,9,intelligence,3,unverified,"[[""int"",""4""]]",<unresolved prefixname:2049>,bango-file,prefix.dat,479
2050,10,intelligence,3,unverified,"[[""int"",""5""]]",<unresolved prefixname:2050>,bango-file,prefix.dat,480
2051,11,intelligence,3,unverified,"[[""int"",""5""]]",<unresolved prefixname:2051>,bango-file,prefix.dat,481
2052,12,intelligence,3,unverified,"[[""int"",""6""]]",<unresolved prefixname:2052>,bango-file,prefix.dat,482
2053,13,intelligence,3,unverified,"[[""int"",""6""]]",<unresolved prefixname:2053>,bango-file,prefix.dat,483
2054,14,intelligence,3,unverified,"[[""int"",""7""]]",<unresolved prefixname:2054>,bango-file,prefix.dat,484
2055,15,intelligence,3,unverified,"[[""int"",""7""]]",<unresolved prefixname:2055>,bango-file,prefix.dat,485
2201,1,wisdom,1,unverified,"[[""wis"",""1""]]",<unresolved prefixname:2201>,bango-file,prefix.dat,489
2202,2,wisdom,1,unverified,"[[""wis"",""1""]]",<unresolved prefixname:2202>,bango-file,prefix.dat,490
2203,3,wisdom,1,unverified,"[[""wis"",""1""]]",<unresolved prefixname:2203>,bango-file,prefix.dat,491
2204,4,wisdom,1,unverified,"[[""wis"",""1""]]",<unresolved prefixname:2204>,bango-file,prefix.dat,492
2205,5,wisdom,1,unverified,"[[""wis"",""1""]]",<unresolved prefixname:2205>,bango-file,prefix.dat,493
2206,6,wisdom,1,unverified,"[[""wis"",""1""]]",<unresolved prefixname:2206>,bango-file,prefix.dat,494
2207,7,wisdom,1,unverified,"[[""wis"",""1""]]",<unresolved prefixname:2207>,bango-file,prefix.dat,495
2208,8,wisdom,1,unverified,"[[""wis"",""1""]]",<unresolved prefixname:2208>,bango-file,prefix.dat,496
2209,9,wisdom,1,unverified,"[[""wis"",""1""]]",<unresolved prefixname:2209>,bango-file,prefix.dat,497
2210,10,wisdom,1,unverified,"[[""wis"",""2""]]",<unresolved prefixname:2210>,bango-file,prefix.dat,498
2211,11,wisdom,1,unverified,"[[""wis"",""2""]]",<unresolved prefixname:2211>,bango-file,prefix.dat,499
2212,12,wisdom,1,unverified,"[[""wis"",""2""]]",<unresolved prefixname:2212>,bango-file,prefix.dat,500
2213,13,wisdom,1,unverified,"[[""wis"",""2""]]",<unresolved prefixname:2213>,bango-file,prefix.dat,501
2214,14,wisdom,1,unverified,"[[""wis"",""2""]]",<unresolved prefixname:2214>,bango-file,prefix.dat,502
2215,15,wisdom,1,unverified,"[[""wis"",""2""]]",<unresolved prefixname:2215>,bango-file,prefix.dat,503
2221,1,wisdom,2,unverified,"[[""wis"",""1""]]",<unresolved prefixname:2221>,bango-file,prefix.dat,505
2222,2,wisdom,2,unverified,"[[""wis"",""1""]]",<unresolved prefixname:2222>,bango-file,prefix.dat,506
2223,3,wisdom,2,unverified,"[[""wis"",""1""]]",<unresolved prefixname:2223>,bango-file,prefix.dat,507
2224,4,wisdom,2,unverified,"[[""wis"",""1""]]",<unresolved prefixname:2224>,bango-file,prefix.dat,508
2225,5,wisdom,2,unverified,"[[""wis"",""1""]]",<unresolved prefixname:2225>,bango-file,prefix.dat,509
2226,6,wisdom,2,unverified,"[[""wis"",""2""]]",<unresolved prefixname:2226>,bango-file,prefix.dat,510
2227,7,wisdom,2,unverified,"[[""wis"",""2""]]",<unresolved prefixname:2227>,bango-file,prefix.dat,511
2228,8,wisdom,2,unverified,"[[""wis"",""2""]]",<unresolved prefixname:2228>,bango-file,prefix.dat,512
2229,9,wisdom,2,unverified,"[[""wis"",""2""]]",<unresolved prefixname:2229>,bango-file,prefix.dat,513
2230,10,wisdom,2,unverified,"[[""wis"",""3""]]",<unresolved prefixname:2230>,bango-file,prefix.dat,514
2231,11,wisdom,2,unverified,"[[""wis"",""3""]]",<unresolved prefixname:2231>,bango-file,prefix.dat,515
2232,12,wisdom,2,unverified,"[[""wis"",""3""]]",<unresolved prefixname:2232>,bango-file,prefix.dat,516
2233,13,wisdom,2,unverified,"[[""wis"",""3""]]",<unresolved prefixname:2233>,bango-file,prefix.dat,517
2234,14,wisdom,2,unverified,"[[""wis"",""4""]]",<unresolved prefixname:2234>,bango-file,prefix.dat,518
2235,15,wisdom,2,unverified,"[[""wis"",""4""]]",<unresolved prefixname:2235>,bango-file,prefix.dat,519
2241,1,wisdom,3,unverified,"[[""wis"",""1""]]",<unresolved prefixname:2241>,bango-file,prefix.dat,521
2242,2,wisdom,3,unverified,"[[""wis"",""1""]]",<unresolved prefixname:2242>,bango-file,prefix.dat,522
2243,3,wisdom,3,unverified,"[[""wis"",""2""]]",<unresolved prefixname:2243>,bango-file,prefix.dat,523
2244,4,wisdom,3,unverified,"[[""wis"",""2""]]",<unresolved prefixname:2244>,bango-file,prefix.dat,524
2245,5,wisdom,3,unverified,"[[""wis"",""2""]]",<unresolved prefixname:2245>,bango-file,prefix.dat,525
2246,6,wisdom,3,unverified,"[[""wis"",""3""]]",<unresolved prefixname:2246>,bango-file,prefix.dat,526
2247,7,wisdom,3,unverified,"[[""wis"",""3""]]",<unresolved prefixname:2247>,bango-file,prefix.dat,527
2248,8,wisdom,3,unverified,"[[""wis"",""4""]]",<unresolved prefixname:2248>,bango-file,prefix.dat,528
2249,9,wisdom,3,unverified,"[[""wis"",""4""]]",<unresolved prefixname:2249>,bango-file,prefix.dat,529
2250,10,wisdom,3,unverified,"[[""wis"",""5""]]",<unresolved prefixname:2250>,bango-file,prefix.dat,530
2251,11,wisdom,3,unverified,"[[""wis"",""5""]]",<unresolved prefixname:2251>,bango-file,prefix.dat,531
2252,12,wisdom,3,unverified,"[[""wis"",""6""]]",<unresolved prefixname:2252>,bango-file,prefix.dat,532
2253,13,wisdom,3,unverified,"[[""wis"",""6""]]",<unresolved prefixname:2253>,bango-file,prefix.dat,533
2254,14,wisdom,3,unverified,"[[""wis"",""7""]]",<unresolved prefixname:2254>,bango-file,prefix.dat,534
2255,15,wisdom,3,unverified,"[[""wis"",""7""]]",<unresolved prefixname:2255>,bango-file,prefix.dat,535
2401,1,health,1,unverified,"[[""Hth"",""1""]]",<unresolved prefixname:2401>,bango-file,prefix.dat,539
2402,2,health,1,unverified,"[[""Hth"",""1""]]",<unresolved prefixname:2402>,bango-file,prefix.dat,540
2403,3,health,1,unverified,"[[""Hth"",""1""]]",<unresolved prefixname:2403>,bango-file,prefix.dat,541
2404,4,health,1,unverified,"[[""Hth"",""1""]]",<unresolved prefixname:2404>,bango-file,prefix.dat,542
2405,5,health,1,unverified,"[[""Hth"",""1""]]",<unresolved prefixname:2405>,bango-file,prefix.dat,543
2406,6,health,1,unverified,"[[""Hth"",""1""]]",<unresolved prefixname:2406>,bango-file,prefix.dat,544
2407,7,health,1,unverified,"[[""Hth"",""1""]]",<unresolved prefixname:2407>,bango-file,prefix.dat,545
2408,8,health,1,unverified,"[[""Hth"",""1""]]",<unresolved prefixname:2408>,bango-file,prefix.dat,546
2409,9,health,1,unverified,"[[""Hth"",""1""]]",<unresolved prefixname:2409>,bango-file,prefix.dat,547
2410,10,health,1,unverified,"[[""Hth"",""2""]]",<unresolved prefixname:2410>,bango-file,prefix.dat,548
2411,11,health,1,unverified,"[[""Hth"",""2""]]",<unresolved prefixname:2411>,bango-file,prefix.dat,549
2412,12,health,1,unverified,"[[""Hth"",""2""]]",<unresolved prefixname:2412>,bango-file,prefix.dat,550
2413,13,health,1,unverified,"[[""Hth"",""2""]]",<unresolved prefixname:2413>,bango-file,prefix.dat,551
2414,14,health,1,unverified,"[[""Hth"",""2""]]",<unresolved prefixname:2414>,bango-file,prefix.dat,552
2415,15,health,1,unverified,"[[""Hth"",""2""]]",<unresolved prefixname:2415>,bango-file,prefix.dat,553
2421,1,health,2,unverified,"[[""Hth"",""1""]]",<unresolved prefixname:2421>,bango-file,prefix.dat,555
2422,2,health,2,unverified,"[[""Hth"",""1""]]",<unresolved prefixname:2422>,bango-file,prefix.dat,556
2423,3,health,2,unverified,"[[""Hth"",""1""]]",<unresolved prefixname:2423>,bango-file,prefix.dat,557
2424,4,health,2,unverified,"[[""Hth"",""1""]]",<unresolved prefixname:2424>,bango-file,prefix.dat,558
2425,5,health,2,unverified,"[[""Hth"",""1""]]",<unresolved prefixname:2425>,bango-file,prefix.dat,559
2426,6,health,2,unverified,"[[""Hth"",""2""]]",<unresolved prefixname:2426>,bango-file,prefix.dat,560
2427,7,health,2,unverified,"[[""Hth"",""2""]]",<unresolved prefixname:2427>,bango-file,prefix.dat,561
2428,8,health,2,unverified,"[[""Hth"",""2""]]",<unresolved prefixname:2428>,bango-file,prefix.dat,562
2429,9,health,2,unverified,"[[""Hth"",""2""]]",<unresolved prefixname:2429>,bango-file,prefix.dat,563
2430,10,health,2,unverified,"[[""Hth"",""3""]]",<unresolved prefixname:2430>,bango-file,prefix.dat,564
2431,11,health,2,unverified,"[[""Hth"",""3""]]",<unresolved prefixname:2431>,bango-file,prefix.dat,565
2432,12,health,2,unverified,"[[""Hth"",""3""]]",<unresolved prefixname:2432>,bango-file,prefix.dat,566
2433,13,health,2,unverified,"[[""Hth"",""3""]]",<unresolved prefixname:2433>,bango-file,prefix.dat,567
2434,14,health,2,unverified,"[[""Hth"",""4""]]",<unresolved prefixname:2434>,bango-file,prefix.dat,568
2435,15,health,2,unverified,"[[""Hth"",""4""]]",<unresolved prefixname:2435>,bango-file,prefix.dat,569
2441,1,health,3,unverified,"[[""Hth"",""1""]]",<unresolved prefixname:2441>,bango-file,prefix.dat,571
2442,2,health,3,unverified,"[[""Hth"",""1""]]",<unresolved prefixname:2442>,bango-file,prefix.dat,572
2443,3,health,3,unverified,"[[""Hth"",""2""]]",<unresolved prefixname:2443>,bango-file,prefix.dat,573
2444,4,health,3,unverified,"[[""Hth"",""2""]]",<unresolved prefixname:2444>,bango-file,prefix.dat,574
2445,5,health,3,unverified,"[[""Hth"",""2""]]",<unresolved prefixname:2445>,bango-file,prefix.dat,575
2446,6,health,3,unverified,"[[""Hth"",""3""]]",<unresolved prefixname:2446>,bango-file,prefix.dat,576
2447,7,health,3,unverified,"[[""Hth"",""3""]]",<unresolved prefixname:2447>,bango-file,prefix.dat,577
2448,8,health,3,unverified,"[[""Hth"",""4""]]",<unresolved prefixname:2448>,bango-file,prefix.dat,578
2449,9,health,3,unverified,"[[""Hth"",""4""]]",<unresolved prefixname:2449>,bango-file,prefix.dat,579
2450,10,health,3,unverified,"[[""Hth"",""5""]]",<unresolved prefixname:2450>,bango-file,prefix.dat,580
2451,11,health,3,unverified,"[[""Hth"",""5""]]",<unresolved prefixname:2451>,bango-file,prefix.dat,581
2452,12,health,3,unverified,"[[""Hth"",""6""]]",<unresolved prefixname:2452>,bango-file,prefix.dat,582
2453,13,health,3,unverified,"[[""Hth"",""6""]]",<unresolved prefixname:2453>,bango-file,prefix.dat,583
2454,14,health,3,unverified,"[[""Hth"",""7""]]",<unresolved prefixname:2454>,bango-file,prefix.dat,584
2455,15,health,3,unverified,"[[""Hth"",""7""]]",<unresolved prefixname:2455>,bango-file,prefix.dat,585
