job_key,name_id,grade_ids_json,delaytime,record_json,provenance,source_file,source_line
0,23,"[""220"",""221"",""223"",""222"",""224"",""225""]",0.7,"[""jobsystem"",[""key"",""0""],[""name"",""23""],[""grade"",""220"",""221"",""223"",""222"",""224"",""225""],[""delaytime"",""0.7""]]",bango-file,jobsystem.dat,7
1,24,"[""226"",""227"",""228"",""229"",""230"",""231""]",1.0,"[""jobsystem"",[""key"",""1""],[""name"",""24""],[""grade"",""226"",""227"",""228"",""229"",""230"",""231""],[""delaytime"",""1.0""]]",bango-file,jobsystem.dat,13
2,25,"[""232"",""233"",""235"",""234"",""236"",""237""]",0.8,"[""jobsystem"",[""key"",""2""],[""name"",""25""],[""grade"",""232"",""233"",""235"",""234"",""236"",""237""],[""delaytime"",""0.8""]]",bango-file,jobsystem.dat,19
3,2000,"[""2001"",""2002"",""2003"",""2004"",""2005"",""2006""]",0.8,"[""jobsystem"",[""key"",""3""],[""name"",""2000""],[""grade"",""2001"",""2002"",""2003"",""2004"",""2005"",""2006""],[""delaytime"",""0.8""]]",bango-file,jobsystem.dat,25
4,5000,"[""5001"",""5002"",""5003"",""5004"",""5005"",""5006""]",0.8,"[""jobsystem"",[""key"",""4""],[""name"",""5000""],[""grade"",""5001"",""5002"",""5003"",""5004"",""5005"",""5006""],[""delaytime"",""0.8""]]",bango-file,jobsystem.dat,27
100,651,"[""232"",""233"",""234"",""235"",""236"",""237""]",0.7,"[""jobsystem"",[""key"",""100""],[""name"",""651""],[""grade"",""232"",""233"",""234"",""235"",""236"",""237""],[""delaytime"",""0.7""]]",bango-file,jobsystem.dat,29
104,653,"[""232"",""233"",""234"",""235"",""236"",""237""]",0.7,"[""jobsystem"",[""key"",""104""],[""name"",""653""],[""grade"",""232"",""233"",""234"",""235"",""236"",""237""],[""delaytime"",""0.7""]]",bango-file,jobsystem.dat,35
106,652,"[""232"",""233"",""234"",""235"",""236"",""237""]",0.7,"[""jobsystem"",[""key"",""106""],[""name"",""652""],[""grade"",""232"",""233"",""234"",""235"",""236"",""237""],[""delaytime"",""0.7""]]",bango-file,jobsystem.dat,41
208,2007,"[""232"",""233"",""234"",""235"",""236"",""237""]",0.7,"[""jobsystem"",[""key"",""208""],[""name"",""2007""],[""grade"",""232"",""233"",""234"",""235"",""236"",""237""],[""delaytime"",""0.7""]]",bango-file,jobsystem.dat,47
