pre_azon,attribute_ordinal,attribute,values_json,provenance,source_file,source_line
1,1,str,"[""1""]",bango-file,prefix.dat,1
2,1,str,"[""2""]",bango-file,prefix.dat,2
3,1,str,"[""3""]",bango-file,prefix.dat,3
4,1,str,"[""4""]",bango-file,prefix.dat,4
5,1,str,"[""5""]",bango-file,prefix.dat,5
6,1,str,"[""6""]",bango-file,prefix.dat,6
7,1,str,"[""7""]",bango-file,prefix.dat,7
8,1,str,"[""8""]",bango-file,prefix.dat,8
9,1,str,"[""9""]",bango-file,prefix.dat,9
10,1,str,"[""10""]",bango-file,prefix.dat,10
11,1,Hth,"[""1""]",bango-file,prefix.dat,11
12,1,Hth,"[""2""]",bango-file,prefix.dat,12
13,1,Hth,"[""3""]",bango-file,prefix.dat,13
14,1,Hth,"[""4""]",bango-file,prefix.dat,14
15,1,Hth,"[""5""]",bango-file,prefix.dat,15
16,1,Hth,"[""6""]",bango-file,prefix.dat,16
17,1,Hth,"[""7""]",bango-file,prefix.dat,17
18,1,Hth,"[""8""]",bango-file,prefix.dat,18
19,1,Hth,"[""9""]",bango-file,prefix.dat,19
20,1,Hth,"[""10""]",bango-file,prefix.dat,20
21,1,Int,"[""1""]",bango-file,prefix.dat,21
22,1,Int,"[""2""]",bango-file,prefix.dat,22
23,1,Int,"[""3""]",bango-file,prefix.dat,23
24,1,Int,"[""4""]",bango-file,prefix.dat,24
25,1,Int,"[""5""]",bango-file,prefix.dat,25
26,1,Int,"[""6""]",bango-file,prefix.dat,26
27,1,Int,"[""7""]",bango-file,prefix.dat,27
28,1,Int,"[""8""]",bango-file,prefix.dat,28
29,1,Int,"[""9""]",bango-file,prefix.dat,29
30,1,Int,"[""10""]",bango-file,prefix.dat,30
31,1,Wis,"[""1""]",bango-file,prefix.dat,31
32,1,Wis,"[""2""]",bango-file,prefix.dat,32
33,1,Wis,"[""3""]",bango-file,prefix.dat,33
34,1,Wis,"[""4""]",bango-file,prefix.dat,34
35,1,Wis,"[""5""]",bango-file,prefix.dat,35
36,1,Wis,"[""6""]",bango-file,prefix.dat,36
37,1,Wis,"[""7""]",bango-file,prefix.dat,37
38,1,Wis,"[""8""]",bango-file,prefix.dat,38
39,1,Wis,"[""9""]",bango-file,prefix.dat,39
40,1,Wis,"[""10""]",bango-file,prefix.dat,40
41,1,Dex,"[""1""]",bango-file,prefix.dat,41
42,1,Dex,"[""2""]",bango-file,prefix.dat,42
43,1,Dex,"[""3""]",bango-file,prefix.dat,43
44,1,Dex,"[""4""]",bango-file,prefix.dat,44
45,1,Dex,"[""5""]",bango-file,prefix.dat,45
46,1,Dex,"[""6""]",bango-file,prefix.dat,46
47,1,Dex,"[""7""]",bango-file,prefix.dat,47
48,1,Dex,"[""8""]",bango-file,prefix.dat,48
49,1,Dex,"[""9""]",bango-file,prefix.dat,49
50,1,Dex,"[""10""]",bango-file,prefix.dat,50
51,1,attack,"[""0"",""4""]",bango-file,prefix.dat,51
52,1,attack,"[""2"",""2""]",bango-file,prefix.dat,52
53,1,attack,"[""0"",""6""]",bango-file,prefix.dat,53
54,1,attack,"[""3"",""3""]",bango-file,prefix.dat,54
55,1,attack,"[""0"",""8""]",bango-file,prefix.dat,55
56,1,Hth,"[""2""]",bango-file,prefix.dat,56
56,2,Dex,"[""1""]",bango-file,prefix.dat,56
57,1,str,"[""1""]",bango-file,prefix.dat,57
57,2,Hth,"[""2""]",bango-file,prefix.dat,57
58,1,attack,"[""0"",""12""]",bango-file,prefix.dat,58
59,1,attack,"[""0"",""14""]",bango-file,prefix.dat,59
60,1,magic,"[""0"",""4""]",bango-file,prefix.dat,60
61,1,magic,"[""2"",""2""]",bango-file,prefix.dat,61
62,1,magic,"[""0"",""6""]",bango-file,prefix.dat,62
63,1,magic,"[""3"",""3""]",bango-file,prefix.dat,63
64,1,magic,"[""0"",""8""]",bango-file,prefix.dat,64
65,1,Hth,"[""2""]",bango-file,prefix.dat,65
65,2,Int,"[""1""]",bango-file,prefix.dat,65
66,1,magic,"[""0"",""12""]",bango-file,prefix.dat,66
67,1,magic,"[""0"",""14""]",bango-file,prefix.dat,67
68,1,str,"[""1""]",bango-file,prefix.dat,68
68,2,Hth,"[""1""]",bango-file,prefix.dat,68
68,3,Dex,"[""1""]",bango-file,prefix.dat,68
68,4,attack,"[""0"",""1""]",bango-file,prefix.dat,68
69,1,str,"[""2""]",bango-file,prefix.dat,69
69,2,Hth,"[""2""]",bango-file,prefix.dat,69
69,3,Dex,"[""1""]",bango-file,prefix.dat,69
69,4,attack,"[""1"",""2""]",bango-file,prefix.dat,69
70,1,str,"[""3""]",bango-file,prefix.dat,70
70,2,Hth,"[""2""]",bango-file,prefix.dat,70
70,3,Dex,"[""2""]",bango-file,prefix.dat,70
70,4,attack,"[""2"",""3""]",bango-file,prefix.dat,70
70,5,hp,"[""50""]",bango-file,prefix.dat,70
71,1,str,"[""4""]",bango-file,prefix.dat,71
71,2,Hth,"[""3""]",bango-file,prefix.dat,71
71,3,Dex,"[""3""]",bango-file,prefix.dat,71
71,4,attack,"[""2"",""5""]",bango-file,prefix.dat,71
71,5,hp,"[""75""]",bango-file,prefix.dat,71
71,6,mp,"[""25""]",bango-file,prefix.dat,71
72,1,str,"[""1""]",bango-file,prefix.dat,72
72,2,Wis,"[""1""]",bango-file,prefix.dat,72
72,3,Dex,"[""1""]",bango-file,prefix.dat,72
72,4,attack,"[""0"",""1""]",bango-file,prefix.dat,72
73,1,str,"[""2""]",bango-file,prefix.dat,73
73,2,Hth,"[""1""]",bango-file,prefix.dat,73
73,3,Dex,"[""2""]",bango-file,prefix.dat,73
73,4,attack,"[""1"",""2""]",bango-file,prefix.dat,73
74,1,str,"[""2""]",bango-file,prefix.dat,74
74,2,Hth,"[""2""]",bango-file,prefix.dat,74
74,3,Dex,"[""3""]",bango-file,prefix.dat,74
74,4,attack,"[""2"",""3""]",bango-file,prefix.dat,74
74,5,hp,"[""50""]",bango-file,prefix.dat,74
75,1,str,"[""3""]",bango-file,prefix.dat,75
75,2,Hth,"[""3""]",bango-file,prefix.dat,75
75,3,Dex,"[""4""]",bango-file,prefix.dat,75
75,4,attack,"[""2"",""5""]",bango-file,prefix.dat,75
75,5,hp,"[""75""]",bango-file,prefix.dat,75
75,6,mp,"[""25""]",bango-file,prefix.dat,75
76,1,Int,"[""1""]",bango-file,prefix.dat,76
76,2,Wis,"[""1""]",bango-file,prefix.dat,76
76,3,Dex,"[""1""]",bango-file,prefix.dat,76
76,4,magic,"[""0"",""1""]",bango-file,prefix.dat,76
77,1,Int,"[""2""]",bango-file,prefix.dat,77
77,2,Wis,"[""2""]",bango-file,prefix.dat,77
77,3,Dex,"[""1""]",bango-file,prefix.dat,77
77,4,magic,"[""1"",""2""]",bango-file,prefix.dat,77
78,1,Int,"[""3""]",bango-file,prefix.dat,78
78,2,Wis,"[""2""]",bango-file,prefix.dat,78
78,3,Dex,"[""2""]",bango-file,prefix.dat,78
78,4,magic,"[""2"",""3""]",bango-file,prefix.dat,78
78,5,mp,"[""50""]",bango-file,prefix.dat,78
79,1,Int,"[""4""]",bango-file,prefix.dat,79
79,2,Wis,"[""3""]",bango-file,prefix.dat,79
79,3,Dex,"[""3""]",bango-file,prefix.dat,79
79,4,magic,"[""2"",""5""]",bango-file,prefix.dat,79
79,5,hp,"[""50""]",bango-file,prefix.dat,79
79,6,mp,"[""50""]",bango-file,prefix.dat,79
80,1,Hth,"[""2""]",bango-file,prefix.dat,80
80,2,Int,"[""3""]",bango-file,prefix.dat,80
80,3,Wis,"[""5""]",bango-file,prefix.dat,80
80,4,Dex,"[""2""]",bango-file,prefix.dat,80
80,5,hp,"[""90""]",bango-file,prefix.dat,80
80,6,mp,"[""110""]",bango-file,prefix.dat,80
80,7,defense,"[""2""]",bango-file,prefix.dat,80
81,1,str,"[""2""]",bango-file,prefix.dat,81
81,2,Hth,"[""5""]",bango-file,prefix.dat,81
81,3,Wis,"[""2""]",bango-file,prefix.dat,81
81,4,Dex,"[""3""]",bango-file,prefix.dat,81
81,5,hp,"[""150""]",bango-file,prefix.dat,81
81,6,defense,"[""5""]",bango-file,prefix.dat,81
82,1,str,"[""5""]",bango-file,prefix.dat,82
82,2,Hth,"[""2""]",bango-file,prefix.dat,82
82,3,Wis,"[""2""]",bango-file,prefix.dat,82
82,4,Dex,"[""3""]",bango-file,prefix.dat,82
82,5,hp,"[""100""]",bango-file,prefix.dat,82
82,6,mp,"[""100""]",bango-file,prefix.dat,82
82,7,hit,"[""1""]",bango-file,prefix.dat,82
83,1,str,"[""2""]",bango-file,prefix.dat,83
83,2,Hth,"[""1""]",bango-file,prefix.dat,83
83,3,hit,"[""1""]",bango-file,prefix.dat,83
84,1,Wis,"[""1""]",bango-file,prefix.dat,84
84,2,Dex,"[""2""]",bango-file,prefix.dat,84
84,3,hit,"[""1""]",bango-file,prefix.dat,84
85,1,Hth,"[""2""]",bango-file,prefix.dat,85
85,2,Dex,"[""1""]",bango-file,prefix.dat,85
85,3,hp,"[""60""]",bango-file,prefix.dat,85
85,4,defense,"[""1""]",bango-file,prefix.dat,85
86,1,Hth,"[""1""]",bango-file,prefix.dat,86
86,2,Int,"[""2""]",bango-file,prefix.dat,86
86,3,mp,"[""30""]",bango-file,prefix.dat,86
86,4,defense,"[""2""]",bango-file,prefix.dat,86
87,1,Wis,"[""2""]",bango-file,prefix.dat,87
87,2,Dex,"[""1""]",bango-file,prefix.dat,87
87,3,mp,"[""30""]",bango-file,prefix.dat,87
87,4,defense,"[""2""]",bango-file,prefix.dat,87
88,1,str,"[""3""]",bango-file,prefix.dat,88
88,2,Hth,"[""2""]",bango-file,prefix.dat,88
88,3,Wis,"[""2""]",bango-file,prefix.dat,88
88,4,Dex,"[""5""]",bango-file,prefix.dat,88
88,5,hp,"[""120""]",bango-file,prefix.dat,88
88,6,mp,"[""80""]",bango-file,prefix.dat,88
88,7,defense,"[""2""]",bango-file,prefix.dat,88
89,1,Hth,"[""2""]",bango-file,prefix.dat,89
89,2,Int,"[""5""]",bango-file,prefix.dat,89
89,3,Wis,"[""3""]",bango-file,prefix.dat,89
89,4,Dex,"[""2""]",bango-file,prefix.dat,89
89,5,hp,"[""50""]",bango-file,prefix.dat,89
89,6,mp,"[""150""]",bango-file,prefix.dat,89
89,7,defense,"[""2""]",bango-file,prefix.dat,89
90,1,str,"[""5""]",bango-file,prefix.dat,90
90,2,Hth,"[""5""]",bango-file,prefix.dat,90
90,3,Int,"[""5""]",bango-file,prefix.dat,90
90,4,Wis,"[""5""]",bango-file,prefix.dat,90
90,5,Dex,"[""5""]",bango-file,prefix.dat,90
90,6,hp,"[""75""]",bango-file,prefix.dat,90
90,7,mp,"[""75""]",bango-file,prefix.dat,90
90,8,defense,"[""5""]",bango-file,prefix.dat,90
91,1,hp,"[""360""]",bango-file,prefix.dat,91
91,2,defense,"[""3""]",bango-file,prefix.dat,91
92,1,str,"[""6""]",bango-file,prefix.dat,92
92,2,Hth,"[""6""]",bango-file,prefix.dat,92
92,3,Int,"[""6""]",bango-file,prefix.dat,92
92,4,Wis,"[""6""]",bango-file,prefix.dat,92
92,5,Dex,"[""6""]",bango-file,prefix.dat,92
92,6,hp,"[""100""]",bango-file,prefix.dat,92
92,7,mp,"[""80""]",bango-file,prefix.dat,92
92,8,defense,"[""5""]",bango-file,prefix.dat,92
93,1,str,"[""1""]",bango-file,prefix.dat,95
94,1,str,"[""2""]",bango-file,prefix.dat,96
95,1,str,"[""3""]",bango-file,prefix.dat,97
96,1,str,"[""4""]",bango-file,prefix.dat,98
97,1,str,"[""5""]",bango-file,prefix.dat,99
98,1,str,"[""6""]",bango-file,prefix.dat,100
99,1,str,"[""7""]",bango-file,prefix.dat,101
100,1,Dex,"[""1""]",bango-file,prefix.dat,102
101,1,Dex,"[""2""]",bango-file,prefix.dat,103
102,1,Dex,"[""3""]",bango-file,prefix.dat,104
103,1,Dex,"[""4""]",bango-file,prefix.dat,105
104,1,Dex,"[""5""]",bango-file,prefix.dat,106
105,1,Dex,"[""6""]",bango-file,prefix.dat,107
106,1,Dex,"[""7""]",bango-file,prefix.dat,108
107,1,Int,"[""1""]",bango-file,prefix.dat,109
108,1,Int,"[""2""]",bango-file,prefix.dat,110
109,1,Int,"[""3""]",bango-file,prefix.dat,111
110,1,Int,"[""4""]",bango-file,prefix.dat,112
111,1,Int,"[""5""]",bango-file,prefix.dat,113
112,1,Int,"[""6""]",bango-file,prefix.dat,114
113,1,Int,"[""7""]",bango-file,prefix.dat,115
114,1,Wis,"[""1""]",bango-file,prefix.dat,116
115,1,Wis,"[""2""]",bango-file,prefix.dat,117
116,1,Wis,"[""3""]",bango-file,prefix.dat,118
117,1,Wis,"[""4""]",bango-file,prefix.dat,119
118,1,Wis,"[""5""]",bango-file,prefix.dat,120
119,1,Wis,"[""6""]",bango-file,prefix.dat,121
120,1,Wis,"[""7""]",bango-file,prefix.dat,122
121,1,Hth,"[""1""]",bango-file,prefix.dat,123
122,1,Hth,"[""2""]",bango-file,prefix.dat,124
123,1,Hth,"[""3""]",bango-file,prefix.dat,125
124,1,Hth,"[""4""]",bango-file,prefix.dat,126
125,1,Hth,"[""5""]",bango-file,prefix.dat,127
126,1,Hth,"[""6""]",bango-file,prefix.dat,128
127,1,Hth,"[""7""]",bango-file,prefix.dat,129
136,1,resistfire,"[""8""]",bango-file,prefix.dat,138
137,1,resistfire,"[""3""]",bango-file,prefix.dat,139
138,1,resistlitning,"[""8""]",bango-file,prefix.dat,140
139,1,resistlitning,"[""3""]",bango-file,prefix.dat,141
140,1,resistice,"[""8""]",bango-file,prefix.dat,142
141,1,resistice,"[""3""]",bango-file,prefix.dat,143
142,1,resistpalsy,"[""8""]",bango-file,prefix.dat,144
143,1,resistpalsy,"[""3""]",bango-file,prefix.dat,145
144,1,resistcurse,"[""8""]",bango-file,prefix.dat,146
145,1,resistcurse,"[""3""]",bango-file,prefix.dat,147
146,1,hp,"[""100""]",bango-file,prefix.dat,150
146,2,attack,"[""3"",""5""]",bango-file,prefix.dat,150
147,1,hp,"[""200""]",bango-file,prefix.dat,151
147,2,attack,"[""7"",""9""]",bango-file,prefix.dat,151
148,1,hp,"[""300""]",bango-file,prefix.dat,152
148,2,attack,"[""14"",""18""]",bango-file,prefix.dat,152
149,1,hp,"[""400""]",bango-file,prefix.dat,153
149,2,attack,"[""21"",""27""]",bango-file,prefix.dat,153
150,1,hp,"[""500""]",bango-file,prefix.dat,154
150,2,attack,"[""32"",""40""]",bango-file,prefix.dat,154
151,1,hp,"[""600""]",bango-file,prefix.dat,155
151,2,attack,"[""43"",""53""]",bango-file,prefix.dat,155
152,1,hp,"[""700""]",bango-file,prefix.dat,156
152,2,attack,"[""57"",""71""]",bango-file,prefix.dat,156
153,1,hp,"[""100""]",bango-file,prefix.dat,157
153,2,magic,"[""3"",""5""]",bango-file,prefix.dat,157
154,1,hp,"[""200""]",bango-file,prefix.dat,158
154,2,magic,"[""7"",""9""]",bango-file,prefix.dat,158
155,1,hp,"[""300""]",bango-file,prefix.dat,159
155,2,magic,"[""14"",""18""]",bango-file,prefix.dat,159
156,1,hp,"[""400""]",bango-file,prefix.dat,160
156,2,magic,"[""21"",""27""]",bango-file,prefix.dat,160
157,1,hp,"[""500""]",bango-file,prefix.dat,161
157,2,magic,"[""32"",""40""]",bango-file,prefix.dat,161
158,1,hp,"[""600""]",bango-file,prefix.dat,162
158,2,magic,"[""43"",""53""]",bango-file,prefix.dat,162
159,1,hp,"[""700""]",bango-file,prefix.dat,163
159,2,magic,"[""57"",""71""]",bango-file,prefix.dat,163
160,1,hit,"[""1""]",bango-file,prefix.dat,164
161,1,hit,"[""2""]",bango-file,prefix.dat,165
162,1,hit,"[""4""]",bango-file,prefix.dat,166
163,1,hit,"[""6""]",bango-file,prefix.dat,167
164,1,hit,"[""9""]",bango-file,prefix.dat,168
165,1,hit,"[""12""]",bango-file,prefix.dat,169
166,1,hit,"[""16""]",bango-file,prefix.dat,170
1001,1,hp,"[""26""]",bango-file,prefix.dat,186
1002,1,hp,"[""32""]",bango-file,prefix.dat,187
1003,1,hp,"[""38""]",bango-file,prefix.dat,188
1004,1,hp,"[""44""]",bango-file,prefix.dat,189
1005,1,hp,"[""50""]",bango-file,prefix.dat,190
1006,1,hp,"[""56""]",bango-file,prefix.dat,191
1007,1,hp,"[""62""]",bango-file,prefix.dat,192
1008,1,hp,"[""68""]",bango-file,prefix.dat,193
1009,1,hp,"[""74""]",bango-file,prefix.dat,194
1010,1,hp,"[""80""]",bango-file,prefix.dat,195
1011,1,hp,"[""86""]",bango-file,prefix.dat,196
1012,1,hp,"[""92""]",bango-file,prefix.dat,197
1013,1,hp,"[""98""]",bango-file,prefix.dat,198
1014,1,hp,"[""104""]",bango-file,prefix.dat,199
1015,1,hp,"[""110""]",bango-file,prefix.dat,200
1021,1,hp,"[""32""]",bango-file,prefix.dat,202
1022,1,hp,"[""43""]",bango-file,prefix.dat,203
1023,1,hp,"[""53""]",bango-file,prefix.dat,204
1024,1,hp,"[""64""]",bango-file,prefix.dat,205
1025,1,hp,"[""75""]",bango-file,prefix.dat,206
1026,1,hp,"[""86""]",bango-file,prefix.dat,207
1027,1,hp,"[""96""]",bango-file,prefix.dat,208
1028,1,hp,"[""107""]",bango-file,prefix.dat,209
1029,1,hp,"[""118""]",bango-file,prefix.dat,210
1030,1,hp,"[""129""]",bango-file,prefix.dat,211
1031,1,hp,"[""139""]",bango-file,prefix.dat,212
1032,1,hp,"[""150""]",bango-file,prefix.dat,213
1033,1,hp,"[""161""]",bango-file,prefix.dat,214
1034,1,hp,"[""172""]",bango-file,prefix.dat,215
1035,1,hp,"[""182""]",bango-file,prefix.dat,216
1041,1,hp,"[""42""]",bango-file,prefix.dat,218
1042,1,hp,"[""60""]",bango-file,prefix.dat,219
1043,1,hp,"[""77""]",bango-file,prefix.dat,220
1044,1,hp,"[""95""]",bango-file,prefix.dat,221
1045,1,hp,"[""112""]",bango-file,prefix.dat,222
1046,1,hp,"[""130""]",bango-file,prefix.dat,223
1047,1,hp,"[""147""]",bango-file,prefix.dat,224
1048,1,hp,"[""165""]",bango-file,prefix.dat,225
1049,1,hp,"[""182""]",bango-file,prefix.dat,226
1050,1,hp,"[""200""]",bango-file,prefix.dat,227
1051,1,hp,"[""217""]",bango-file,prefix.dat,228
1052,1,hp,"[""235""]",bango-file,prefix.dat,229
1053,1,hp,"[""252""]",bango-file,prefix.dat,230
1054,1,hp,"[""270""]",bango-file,prefix.dat,231
1055,1,hp,"[""287""]",bango-file,prefix.dat,232
1201,1,mp,"[""9""]",bango-file,prefix.dat,236
1202,1,mp,"[""12""]",bango-file,prefix.dat,237
1203,1,mp,"[""14""]",bango-file,prefix.dat,238
1204,1,mp,"[""16""]",bango-file,prefix.dat,239
1205,1,mp,"[""18""]",bango-file,prefix.dat,240
1206,1,mp,"[""21""]",bango-file,prefix.dat,241
1207,1,mp,"[""23""]",bango-file,prefix.dat,242
1208,1,mp,"[""25""]",bango-file,prefix.dat,243
1209,1,mp,"[""27""]",bango-file,prefix.dat,244
1210,1,mp,"[""30""]",bango-file,prefix.dat,245
1211,1,mp,"[""32""]",bango-file,prefix.dat,246
1212,1,mp,"[""34""]",bango-file,prefix.dat,247
1213,1,mp,"[""36""]",bango-file,prefix.dat,248
1214,1,mp,"[""39""]",bango-file,prefix.dat,249
1215,1,mp,"[""41""]",bango-file,prefix.dat,250
1221,1,mp,"[""15""]",bango-file,prefix.dat,252
1222,1,mp,"[""20""]",bango-file,prefix.dat,253
1223,1,mp,"[""25""]",bango-file,prefix.dat,254
1224,1,mp,"[""30""]",bango-file,prefix.dat,255
1225,1,mp,"[""35""]",bango-file,prefix.dat,256
1226,1,mp,"[""40""]",bango-file,prefix.dat,257
1227,1,mp,"[""45""]",bango-file,prefix.dat,258
1228,1,mp,"[""50""]",bango-file,prefix.dat,259
1229,1,mp,"[""55""]",bango-file,prefix.dat,260
1230,1,mp,"[""60""]",bango-file,prefix.dat,261
1231,1,mp,"[""65""]",bango-file,prefix.dat,262
1232,1,mp,"[""70""]",bango-file,prefix.dat,263
1233,1,mp,"[""75""]",bango-file,prefix.dat,264
1234,1,mp,"[""80""]",bango-file,prefix.dat,265
1235,1,mp,"[""85""]",bango-file,prefix.dat,266
1241,1,mp,"[""21""]",bango-file,prefix.dat,268
1242,1,mp,"[""30""]",bango-file,prefix.dat,269
1243,1,mp,"[""38""]",bango-file,prefix.dat,270
1244,1,mp,"[""47""]",bango-file,prefix.dat,271
1245,1,mp,"[""56""]",bango-file,prefix.dat,272
1246,1,mp,"[""65""]",bango-file,prefix.dat,273
1247,1,mp,"[""73""]",bango-file,prefix.dat,274
1248,1,mp,"[""82""]",bango-file,prefix.dat,275
1249,1,mp,"[""91""]",bango-file,prefix.dat,276
1250,1,mp,"[""100""]",bango-file,prefix.dat,277
1251,1,mp,"[""108""]",bango-file,prefix.dat,278
1252,1,mp,"[""117""]",bango-file,prefix.dat,279
1253,1,mp,"[""126""]",bango-file,prefix.dat,280
1254,1,mp,"[""135""]",bango-file,prefix.dat,281
1255,1,mp,"[""143""]",bango-file,prefix.dat,282
1401,1,attack,"[""1"",""1""]",bango-file,prefix.dat,286
1401,2,magic,"[""1"",""1""]",bango-file,prefix.dat,286
1402,1,attack,"[""2"",""2""]",bango-file,prefix.dat,287
1402,2,magic,"[""2"",""2""]",bango-file,prefix.dat,287
1403,1,attack,"[""2"",""2""]",bango-file,prefix.dat,288
1403,2,magic,"[""2"",""2""]",bango-file,prefix.dat,288
1404,1,attack,"[""3"",""3""]",bango-file,prefix.dat,289
1404,2,magic,"[""3"",""3""]",bango-file,prefix.dat,289
1405,1,attack,"[""3"",""3""]",bango-file,prefix.dat,290
1405,2,magic,"[""3"",""3""]",bango-file,prefix.dat,290
1406,1,attack,"[""4"",""4""]",bango-file,prefix.dat,291
1406,2,magic,"[""4"",""4""]",bango-file,prefix.dat,291
1407,1,attack,"[""4"",""4""]",bango-file,prefix.dat,292
1407,2,magic,"[""4"",""4""]",bango-file,prefix.dat,292
1408,1,attack,"[""5"",""5""]",bango-file,prefix.dat,293
1408,2,magic,"[""5"",""5""]",bango-file,prefix.dat,293
1409,1,attack,"[""5"",""5""]",bango-file,prefix.dat,294
1409,2,magic,"[""5"",""5""]",bango-file,prefix.dat,294
1410,1,attack,"[""6"",""6""]",bango-file,prefix.dat,295
1410,2,magic,"[""6"",""6""]",bango-file,prefix.dat,295
1411,1,attack,"[""6"",""6""]",bango-file,prefix.dat,296
1411,2,magic,"[""6"",""6""]",bango-file,prefix.dat,296
1412,1,attack,"[""6"",""6""]",bango-file,prefix.dat,297
1412,2,magic,"[""6"",""6""]",bango-file,prefix.dat,297
1413,1,attack,"[""7"",""7""]",bango-file,prefix.dat,298
1413,2,magic,"[""7"",""7""]",bango-file,prefix.dat,298
1414,1,attack,"[""7"",""7""]",bango-file,prefix.dat,299
1414,2,magic,"[""7"",""7""]",bango-file,prefix.dat,299
1415,1,attack,"[""8"",""8""]",bango-file,prefix.dat,300
1415,2,magic,"[""8"",""8""]",bango-file,prefix.dat,300
1421,1,attack,"[""3"",""3""]",bango-file,prefix.dat,302
1421,2,magic,"[""3"",""3""]",bango-file,prefix.dat,302
1422,1,attack,"[""4"",""4""]",bango-file,prefix.dat,303
1422,2,magic,"[""4"",""4""]",bango-file,prefix.dat,303
1423,1,attack,"[""5"",""5""]",bango-file,prefix.dat,304
1423,2,magic,"[""5"",""5""]",bango-file,prefix.dat,304
1424,1,attack,"[""6"",""6""]",bango-file,prefix.dat,305
1424,2,magic,"[""6"",""6""]",bango-file,prefix.dat,305
1425,1,attack,"[""7"",""7""]",bango-file,prefix.dat,306
1425,2,magic,"[""7"",""7""]",bango-file,prefix.dat,306
1426,1,attack,"[""8"",""8""]",bango-file,prefix.dat,307
1426,2,magic,"[""8"",""8""]",bango-file,prefix.dat,307
1427,1,attack,"[""9"",""9""]",bango-file,prefix.dat,308
1427,2,magic,"[""9"",""9""]",bango-file,prefix.dat,308
1428,1,attack,"[""10"",""10""]",bango-file,prefix.dat,309
1428,2,magic,"[""10"",""10""]",bango-file,prefix.dat,309
1429,1,attack,"[""11"",""11""]",bango-file,prefix.dat,310
1429,2,magic,"[""11"",""11""]",bango-file,prefix.dat,310
1430,1,attack,"[""12"",""12""]",bango-file,prefix.dat,311
1430,2,magic,"[""12"",""12""]",bango-file,prefix.dat,311
1431,1,attack,"[""13"",""13""]",bango-file,prefix.dat,312
1431,2,magic,"[""13"",""13""]",bango-file,prefix.dat,312
1432,1,attack,"[""14"",""14""]",bango-file,prefix.dat,313
1432,2,magic,"[""14"",""14""]",bango-file,prefix.dat,313
1433,1,attack,"[""15"",""15""]",bango-file,prefix.dat,314
1433,2,magic,"[""15"",""15""]",bango-file,prefix.dat,314
1434,1,attack,"[""16"",""16""]",bango-file,prefix.dat,315
1434,2,magic,"[""16"",""16""]",bango-file,prefix.dat,315
1435,1,attack,"[""17"",""17""]",bango-file,prefix.dat,316
1435,2,magic,"[""17"",""17""]",bango-file,prefix.dat,316
1441,1,attack,"[""6"",""6""]",bango-file,prefix.dat,318
1441,2,magic,"[""6"",""6""]",bango-file,prefix.dat,318
1442,1,attack,"[""9"",""9""]",bango-file,prefix.dat,319
1442,2,magic,"[""9"",""9""]",bango-file,prefix.dat,319
1443,1,attack,"[""12"",""12""]",bango-file,prefix.dat,320
1443,2,magic,"[""12"",""12""]",bango-file,prefix.dat,320
1444,1,attack,"[""15"",""15""]",bango-file,prefix.dat,321
1444,2,magic,"[""15"",""15""]",bango-file,prefix.dat,321
1445,1,attack,"[""18"",""18""]",bango-file,prefix.dat,322
1445,2,magic,"[""18"",""18""]",bango-file,prefix.dat,322
1446,1,attack,"[""20"",""20""]",bango-file,prefix.dat,323
1446,2,magic,"[""20"",""20""]",bango-file,prefix.dat,323
1447,1,attack,"[""23"",""23""]",bango-file,prefix.dat,324
1447,2,magic,"[""23"",""23""]",bango-file,prefix.dat,324
1448,1,attack,"[""26"",""26""]",bango-file,prefix.dat,325
1448,2,magic,"[""26"",""26""]",bango-file,prefix.dat,325
1449,1,attack,"[""29"",""29""]",bango-file,prefix.dat,326
1449,2,magic,"[""29"",""29""]",bango-file,prefix.dat,326
1450,1,attack,"[""32"",""32""]",bango-file,prefix.dat,327
1450,2,magic,"[""32"",""32""]",bango-file,prefix.dat,327
1451,1,attack,"[""34"",""34""]",bango-file,prefix.dat,328
1451,2,magic,"[""34"",""34""]",bango-file,prefix.dat,328
1452,1,attack,"[""37"",""37""]",bango-file,prefix.dat,329
1452,2,magic,"[""37"",""37""]",bango-file,prefix.dat,329
1453,1,attack,"[""40"",""40""]",bango-file,prefix.dat,330
1453,2,magic,"[""40"",""40""]",bango-file,prefix.dat,330
1454,1,attack,"[""43"",""43""]",bango-file,prefix.dat,331
1454,2,magic,"[""43"",""43""]",bango-file,prefix.dat,331
1455,1,attack,"[""46"",""46""]",bango-file,prefix.dat,332
1455,2,magic,"[""46"",""46""]",bango-file,prefix.dat,332
1601,1,str,"[""1""]",bango-file,prefix.dat,338
1602,1,str,"[""1""]",bango-file,prefix.dat,339
1603,1,str,"[""1""]",bango-file,prefix.dat,340
1604,1,str,"[""1""]",bango-file,prefix.dat,341
1605,1,str,"[""1""]",bango-file,prefix.dat,342
1606,1,str,"[""1""]",bango-file,prefix.dat,343
1607,1,str,"[""1""]",bango-file,prefix.dat,344
1608,1,str,"[""1""]",bango-file,prefix.dat,345
1609,1,str,"[""1""]",bango-file,prefix.dat,346
1610,1,str,"[""2""]",bango-file,prefix.dat,347
1611,1,str,"[""2""]",bango-file,prefix.dat,348
1612,1,str,"[""2""]",bango-file,prefix.dat,349
1613,1,str,"[""2""]",bango-file,prefix.dat,350
1614,1,str,"[""2""]",bango-file,prefix.dat,351
1615,1,str,"[""2""]",bango-file,prefix.dat,352
1621,1,str,"[""1""]",bango-file,prefix.dat,354
1622,1,str,"[""1""]",bango-file,prefix.dat,355
1623,1,str,"[""1""]",bango-file,prefix.dat,356
1624,1,str,"[""1""]",bango-file,prefix.dat,357
1625,1,str,"[""1""]",bango-file,prefix.dat,358
1626,1,str,"[""2""]",bango-file,prefix.dat,359
1627,1,str,"[""2""]",bango-file,prefix.dat,360
1628,1,str,"[""2""]",bango-file,prefix.dat,361
1629,1,str,"[""2""]",bango-file,prefix.dat,362
1630,1,str,"[""3""]",bango-file,prefix.dat,363
1631,1,str,"[""3""]",bango-file,prefix.dat,364
1632,1,str,"[""3""]",bango-file,prefix.dat,365
1633,1,str,"[""3""]",bango-file,prefix.dat,366
1634,1,str,"[""4""]",bango-file,prefix.dat,367
1635,1,str,"[""4""]",bango-file,prefix.dat,368
1641,1,str,"[""1""]",bango-file,prefix.dat,370
1642,1,str,"[""1""]",bango-file,prefix.dat,371
1643,1,str,"[""2""]",bango-file,prefix.dat,372
1644,1,str,"[""2""]",bango-file,prefix.dat,373
1645,1,str,"[""2""]",bango-file,prefix.dat,374
1646,1,str,"[""3""]",bango-file,prefix.dat,375
1647,1,str,"[""3""]",bango-file,prefix.dat,376
1648,1,str,"[""4""]",bango-file,prefix.dat,377
1649,1,str,"[""4""]",bango-file,prefix.dat,378
1650,1,str,"[""5""]",bango-file,prefix.dat,379
1651,1,str,"[""5""]",bango-file,prefix.dat,380
1652,1,str,"[""6""]",bango-file,prefix.dat,381
1653,1,str,"[""6""]",bango-file,prefix.dat,382
1654,1,str,"[""7""]",bango-file,prefix.dat,383
1655,1,str,"[""7""]",bango-file,prefix.dat,384
1801,1,dex,"[""1""]",bango-file,prefix.dat,388
1802,1,dex,"[""1""]",bango-file,prefix.dat,389
1803,1,dex,"[""1""]",bango-file,prefix.dat,390
1804,1,dex,"[""1""]",bango-file,prefix.dat,391
1805,1,dex,"[""1""]",bango-file,prefix.dat,392
1806,1,dex,"[""1""]",bango-file,prefix.dat,393
1807,1,dex,"[""1""]",bango-file,prefix.dat,394
1808,1,dex,"[""1""]",bango-file,prefix.dat,395
1809,1,dex,"[""1""]",bango-file,prefix.dat,396
1810,1,dex,"[""2""]",bango-file,prefix.dat,397
1811,1,dex,"[""2""]",bango-file,prefix.dat,398
1812,1,dex,"[""2""]",bango-file,prefix.dat,399
1813,1,dex,"[""2""]",bango-file,prefix.dat,400
1814,1,dex,"[""2""]",bango-file,prefix.dat,401
1815,1,dex,"[""2""]",bango-file,prefix.dat,402
1821,1,dex,"[""1""]",bango-file,prefix.dat,404
1822,1,dex,"[""1""]",bango-file,prefix.dat,405
1823,1,dex,"[""1""]",bango-file,prefix.dat,406
1824,1,dex,"[""1""]",bango-file,prefix.dat,407
1825,1,dex,"[""1""]",bango-file,prefix.dat,408
1826,1,dex,"[""2""]",bango-file,prefix.dat,409
1827,1,dex,"[""2""]",bango-file,prefix.dat,410
1828,1,dex,"[""2""]",bango-file,prefix.dat,411
1829,1,dex,"[""2""]",bango-file,prefix.dat,412
1830,1,dex,"[""3""]",bango-file,prefix.dat,413
1831,1,dex,"[""3""]",bango-file,prefix.dat,414
1832,1,dex,"[""3""]",bango-file,prefix.dat,415
1833,1,dex,"[""3""]",bango-file,prefix.dat,416
1834,1,dex,"[""4""]",bango-file,prefix.dat,417
1835,1,dex,"[""4""]",bango-file,prefix.dat,418
1841,1,dex,"[""1""]",bango-file,prefix.dat,420
1842,1,dex,"[""1""]",bango-file,prefix.dat,421
1843,1,dex,"[""2""]",bango-file,prefix.dat,422
1844,1,dex,"[""2""]",bango-file,prefix.dat,423
1845,1,dex,"[""2""]",bango-file,prefix.dat,424
1846,1,dex,"[""3""]",bango-file,prefix.dat,425
1847,1,dex,"[""3""]",bango-file,prefix.dat,426
1848,1,dex,"[""4""]",bango-file,prefix.dat,427
1849,1,dex,"[""4""]",bango-file,prefix.dat,428
1850,1,dex,"[""5""]",bango-file,prefix.dat,429
1851,1,dex,"[""5""]",bango-file,prefix.dat,430
1852,1,dex,"[""6""]",bango-file,prefix.dat,431
1853,1,dex,"[""6""]",bango-file,prefix.dat,432
1854,1,dex,"[""7""]",bango-file,prefix.dat,433
1855,1,dex,"[""7""]",bango-file,prefix.dat,434
2001,1,int,"[""1""]",bango-file,prefix.dat,438
2002,1,int,"[""1""]",bango-file,prefix.dat,439
2003,1,int,"[""1""]",bango-file,prefix.dat,440
2004,1,int,"[""1""]",bango-file,prefix.dat,441
2005,1,int,"[""1""]",bango-file,prefix.dat,442
2006,1,int,"[""1""]",bango-file,prefix.dat,443
2007,1,int,"[""1""]",bango-file,prefix.dat,444
2008,1,int,"[""1""]",bango-file,prefix.dat,445
2009,1,int,"[""1""]",bango-file,prefix.dat,446
2010,1,int,"[""2""]",bango-file,prefix.dat,447
2011,1,int,"[""2""]",bango-file,prefix.dat,448
2012,1,int,"[""2""]",bango-file,prefix.dat,449
2013,1,int,"[""2""]",bango-file,prefix.dat,450
2014,1,int,"[""2""]",bango-file,prefix.dat,451
2015,1,int,"[""2""]",bango-file,prefix.dat,452
2021,1,int,"[""1""]",bango-file,prefix.dat,454
2022,1,int,"[""1""]",bango-file,prefix.dat,455
2023,1,int,"[""1""]",bango-file,prefix.dat,456
2024,1,int,"[""1""]",bango-file,prefix.dat,457
2025,1,int,"[""1""]",bango-file,prefix.dat,458
2026,1,int,"[""2""]",bango-file,prefix.dat,459
2027,1,int,"[""2""]",bango-file,prefix.dat,460
2028,1,int,"[""2""]",bango-file,prefix.dat,461
2029,1,int,"[""2""]",bango-file,prefix.dat,462
2030,1,int,"[""3""]",bango-file,prefix.dat,463
2031,1,int,"[""3""]",bango-file,prefix.dat,464
2032,1,int,"[""3""]",bango-file,prefix.dat,465
2033,1,int,"[""3""]",bango-file,prefix.dat,466
2034,1,int,"[""4""]",bango-file,prefix.dat,467
2035,1,int,"[""4""]",bango-file,prefix.dat,468
2041,1,int,"[""1""]",bango-file,prefix.dat,471
2042,1,int,"[""1""]",bango-file,prefix.dat,472
2043,1,int,"[""2""]",bango-file,prefix.dat,473
2044,1,int,"[""2""]",bango-file,prefix.dat,474
2045,1,int,"[""2""]",bango-file,prefix.dat,475
2046,1,int,"[""3""]",bango-file,prefix.dat,476
2047,1,int,"[""3""]",bango-file,prefix.dat,477
2048,1,int,"[""4""]",bango-file,prefix.dat,478
2049,1,int,"[""4""]",bango-file,prefix.dat,479
2050,1,int,"[""5""]",bango-file,prefix.dat,480
2051,1,int,"[""5""]",bango-file,prefix.dat,481
2052,1,int,"[""6""]",bango-file,prefix.dat,482
2053,1,int,"[""6""]",bango-file,prefix.dat,483
2054,1,int,"[""7""]",bango-file,prefix.dat,484
2055,1,int,"[""7""]",bango-file,prefix.dat,485
2201,1,wis,"[""1""]",bango-file,prefix.dat,489
2202,1,wis,"[""1""]",bango-file,prefix.dat,490
2203,1,wis,"[""1""]",bango-file,prefix.dat,491
2204,1,wis,"[""1""]",bango-file,prefix.dat,492
2205,1,wis,"[""1""]",bango-file,prefix.dat,493
2206,1,wis,"[""1""]",bango-file,prefix.dat,494
2207,1,wis,"[""1""]",bango-file,prefix.dat,495
2208,1,wis,"[""1""]",bango-file,prefix.dat,496
2209,1,wis,"[""1""]",bango-file,prefix.dat,497
2210,1,wis,"[""2""]",bango-file,prefix.dat,498
2211,1,wis,"[""2""]",bango-file,prefix.dat,499
2212,1,wis,"[""2""]",bango-file,prefix.dat,500
2213,1,wis,"[""2""]",bango-file,prefix.dat,501
2214,1,wis,"[""2""]",bango-file,prefix.dat,502
2215,1,wis,"[""2""]",bango-file,prefix.dat,503
2221,1,wis,"[""1""]",bango-file,prefix.dat,505
2222,1,wis,"[""1""]",bango-file,prefix.dat,506
2223,1,wis,"[""1""]",bango-file,prefix.dat,507
2224,1,wis,"[""1""]",bango-file,prefix.dat,508
2225,1,wis,"[""1""]",bango-file,prefix.dat,509
2226,1,wis,"[""2""]",bango-file,prefix.dat,510
2227,1,wis,"[""2""]",bango-file,prefix.dat,511
2228,1,wis,"[""2""]",bango-file,prefix.dat,512
2229,1,wis,"[""2""]",bango-file,prefix.dat,513
2230,1,wis,"[""3""]",bango-file,prefix.dat,514
2231,1,wis,"[""3""]",bango-file,prefix.dat,515
2232,1,wis,"[""3""]",bango-file,prefix.dat,516
2233,1,wis,"[""3""]",bango-file,prefix.dat,517
2234,1,wis,"[""4""]",bango-file,prefix.dat,518
2235,1,wis,"[""4""]",bango-file,prefix.dat,519
2241,1,wis,"[""1""]",bango-file,prefix.dat,521
2242,1,wis,"[""1""]",bango-file,prefix.dat,522
2243,1,wis,"[""2""]",bango-file,prefix.dat,523
2244,1,wis,"[""2""]",bango-file,prefix.dat,524
2245,1,wis,"[""2""]",bango-file,prefix.dat,525
2246,1,wis,"[""3""]",bango-file,prefix.dat,526
2247,1,wis,"[""3""]",bango-file,prefix.dat,527
2248,1,wis,"[""4""]",bango-file,prefix.dat,528
2249,1,wis,"[""4""]",bango-file,prefix.dat,529
2250,1,wis,"[""5""]",bango-file,prefix.dat,530
2251,1,wis,"[""5""]",bango-file,prefix.dat,531
2252,1,wis,"[""6""]",bango-file,prefix.dat,532
2253,1,wis,"[""6""]",bango-file,prefix.dat,533
2254,1,wis,"[""7""]",bango-file,prefix.dat,534
2255,1,wis,"[""7""]",bango-file,prefix.dat,535
2401,1,Hth,"[""1""]",bango-file,prefix.dat,539
2402,1,Hth,"[""1""]",bango-file,prefix.dat,540
2403,1,Hth,"[""1""]",bango-file,prefix.dat,541
2404,1,Hth,"[""1""]",bango-file,prefix.dat,542
2405,1,Hth,"[""1""]",bango-file,prefix.dat,543
2406,1,Hth,"[""1""]",bango-file,prefix.dat,544
2407,1,Hth,"[""1""]",bango-file,prefix.dat,545
2408,1,Hth,"[""1""]",bango-file,prefix.dat,546
2409,1,Hth,"[""1""]",bango-file,prefix.dat,547
2410,1,Hth,"[""2""]",bango-file,prefix.dat,548
2411,1,Hth,"[""2""]",bango-file,prefix.dat,549
2412,1,Hth,"[""2""]",bango-file,prefix.dat,550
2413,1,Hth,"[""2""]",bango-file,prefix.dat,551
2414,1,Hth,"[""2""]",bango-file,prefix.dat,552
2415,1,Hth,"[""2""]",bango-file,prefix.dat,553
2421,1,Hth,"[""1""]",bango-file,prefix.dat,555
2422,1,Hth,"[""1""]",bango-file,prefix.dat,556
2423,1,Hth,"[""1""]",bango-file,prefix.dat,557
2424,1,Hth,"[""1""]",bango-file,prefix.dat,558
2425,1,Hth,"[""1""]",bango-file,prefix.dat,559
2426,1,Hth,"[""2""]",bango-file,prefix.dat,560
2427,1,Hth,"[""2""]",bango-file,prefix.dat,561
2428,1,Hth,"[""2""]",bango-file,prefix.dat,562
2429,1,Hth,"[""2""]",bango-file,prefix.dat,563
2430,1,Hth,"[""3""]",bango-file,prefix.dat,564
2431,1,Hth,"[""3""]",bango-file,prefix.dat,565
2432,1,Hth,"[""3""]",bango-file,prefix.dat,566
2433,1,Hth,"[""3""]",bango-file,prefix.dat,567
2434,1,Hth,"[""4""]",bango-file,prefix.dat,568
2435,1,Hth,"[""4""]",bango-file,prefix.dat,569
2441,1,Hth,"[""1""]",bango-file,prefix.dat,571
2442,1,Hth,"[""1""]",bango-file,prefix.dat,572
2443,1,Hth,"[""2""]",bango-file,prefix.dat,573
2444,1,Hth,"[""2""]",bango-file,prefix.dat,574
2445,1,Hth,"[""2""]",bango-file,prefix.dat,575
2446,1,Hth,"[""3""]",bango-file,prefix.dat,576
2447,1,Hth,"[""3""]",bango-file,prefix.dat,577
2448,1,Hth,"[""4""]",bango-file,prefix.dat,578
2449,1,Hth,"[""4""]",bango-file,prefix.dat,579
2450,1,Hth,"[""5""]",bango-file,prefix.dat,580
2451,1,Hth,"[""5""]",bango-file,prefix.dat,581
2452,1,Hth,"[""6""]",bango-file,prefix.dat,582
2453,1,Hth,"[""6""]",bango-file,prefix.dat,583
2454,1,Hth,"[""7""]",bango-file,prefix.dat,584
2455,1,Hth,"[""7""]",bango-file,prefix.dat,585
3001,1,hp,"[""100""]",bango-file,prefix.dat,591
3002,1,mp,"[""36""]",bango-file,prefix.dat,592
3003,1,attack,"[""6"",""6""]",bango-file,prefix.dat,593
3003,2,magic,"[""6"",""6""]",bango-file,prefix.dat,593
3004,1,str,"[""2""]",bango-file,prefix.dat,594
3005,1,dex,"[""2""]",bango-file,prefix.dat,595
3006,1,int,"[""2""]",bango-file,prefix.dat,596
3007,1,wis,"[""2""]",bango-file,prefix.dat,597
3008,1,Hth,"[""2""]",bango-file,prefix.dat,598
3009,1,hp,"[""150""]",bango-file,prefix.dat,600
3010,1,mp,"[""70""]",bango-file,prefix.dat,601
3011,1,attack,"[""14"",""14""]",bango-file,prefix.dat,602
3011,2,magic,"[""14"",""14""]",bango-file,prefix.dat,602
3012,1,str,"[""2""]",bango-file,prefix.dat,603
3013,1,dex,"[""2""]",bango-file,prefix.dat,604
3014,1,int,"[""2""]",bango-file,prefix.dat,605
3015,1,wis,"[""2""]",bango-file,prefix.dat,606
3016,1,Hth,"[""2""]",bango-file,prefix.dat,607
3017,1,hp,"[""224""]",bango-file,prefix.dat,609
3018,1,mp,"[""112""]",bango-file,prefix.dat,610
3019,1,attack,"[""36"",""36""]",bango-file,prefix.dat,611
3019,2,magic,"[""36"",""36""]",bango-file,prefix.dat,611
3020,1,str,"[""4""]",bango-file,prefix.dat,612
3021,1,dex,"[""4""]",bango-file,prefix.dat,613
3022,1,int,"[""4""]",bango-file,prefix.dat,614
3023,1,wis,"[""4""]",bango-file,prefix.dat,615
3024,1,Hth,"[""4""]",bango-file,prefix.dat,616
3033,1,hp,"[""160""]",bango-file,prefix.dat,618
3034,1,mp,"[""60""]",bango-file,prefix.dat,619
3035,1,attack,"[""12"",""12""]",bango-file,prefix.dat,620
3035,2,magic,"[""12"",""12""]",bango-file,prefix.dat,620
3036,1,str,"[""4""]",bango-file,prefix.dat,621
3037,1,dex,"[""4""]",bango-file,prefix.dat,622
3038,1,int,"[""4""]",bango-file,prefix.dat,623
3039,1,wis,"[""4""]",bango-file,prefix.dat,624
3040,1,Hth,"[""4""]",bango-file,prefix.dat,625
3041,1,hp,"[""258""]",bango-file,prefix.dat,627
3042,1,mp,"[""120""]",bango-file,prefix.dat,628
3043,1,attack,"[""24"",""24""]",bango-file,prefix.dat,629
3043,2,magic,"[""24"",""24""]",bango-file,prefix.dat,629
3044,1,str,"[""6""]",bango-file,prefix.dat,630
3045,1,dex,"[""6""]",bango-file,prefix.dat,631
3046,1,int,"[""6""]",bango-file,prefix.dat,632
3047,1,wis,"[""6""]",bango-file,prefix.dat,633
3048,1,Hth,"[""6""]",bango-file,prefix.dat,634
3049,1,hp,"[""400""]",bango-file,prefix.dat,636
3050,1,mp,"[""200""]",bango-file,prefix.dat,637
3051,1,attack,"[""64"",""64""]",bango-file,prefix.dat,638
3051,2,magic,"[""64"",""64""]",bango-file,prefix.dat,638
3052,1,str,"[""10""]",bango-file,prefix.dat,639
3053,1,dex,"[""10""]",bango-file,prefix.dat,640
3054,1,int,"[""10""]",bango-file,prefix.dat,641
3055,1,wis,"[""10""]",bango-file,prefix.dat,642
3056,1,Hth,"[""10""]",bango-file,prefix.dat,643
3065,1,hp,"[""220""]",bango-file,prefix.dat,645
3066,1,mp,"[""84""]",bango-file,prefix.dat,646
3067,1,attack,"[""18"",""18""]",bango-file,prefix.dat,647
3067,2,magic,"[""18"",""18""]",bango-file,prefix.dat,647
3068,1,str,"[""6""]",bango-file,prefix.dat,648
3069,1,dex,"[""6""]",bango-file,prefix.dat,649
3070,1,int,"[""6""]",bango-file,prefix.dat,650
3071,1,wis,"[""6""]",bango-file,prefix.dat,651
3072,1,Hth,"[""6""]",bango-file,prefix.dat,652
3073,1,hp,"[""366""]",bango-file,prefix.dat,654
3074,1,mp,"[""170""]",bango-file,prefix.dat,655
3075,1,attack,"[""34"",""34""]",bango-file,prefix.dat,656
3075,2,magic,"[""34"",""34""]",bango-file,prefix.dat,656
3076,1,str,"[""10""]",bango-file,prefix.dat,657
3077,1,dex,"[""10""]",bango-file,prefix.dat,658
3078,1,int,"[""10""]",bango-file,prefix.dat,659
3079,1,wis,"[""10""]",bango-file,prefix.dat,660
3080,1,Hth,"[""10""]",bango-file,prefix.dat,661
3081,1,hp,"[""556""]",bango-file,prefix.dat,663
3082,1,mp,"[""288""]",bango-file,prefix.dat,664
3083,1,attack,"[""92"",""92""]",bango-file,prefix.dat,665
3083,2,magic,"[""92"",""92""]",bango-file,prefix.dat,665
3084,1,str,"[""16""]",bango-file,prefix.dat,666
3085,1,dex,"[""16""]",bango-file,prefix.dat,667
3086,1,int,"[""16""]",bango-file,prefix.dat,668
3087,1,wis,"[""16""]",bango-file,prefix.dat,669
3088,1,Hth,"[""16""]",bango-file,prefix.dat,670
3097,1,hp,"[""100""]",bango-file,prefix.dat,675
3097,2,attack,"[""6"",""6""]",bango-file,prefix.dat,675
3097,3,magic,"[""6"",""6""]",bango-file,prefix.dat,675
3098,1,mp,"[""36""]",bango-file,prefix.dat,676
3098,2,int,"[""2""]",bango-file,prefix.dat,676
3099,1,attack,"[""6"",""6""]",bango-file,prefix.dat,677
3099,2,magic,"[""6"",""6""]",bango-file,prefix.dat,677
3099,3,str,"[""2""]",bango-file,prefix.dat,677
3100,1,str,"[""2""]",bango-file,prefix.dat,678
3100,2,Hth,"[""2""]",bango-file,prefix.dat,678
3101,1,dex,"[""2""]",bango-file,prefix.dat,679
3101,2,str,"[""2""]",bango-file,prefix.dat,679
3102,1,int,"[""2""]",bango-file,prefix.dat,680
3102,2,attack,"[""6"",""6""]",bango-file,prefix.dat,680
3102,3,magic,"[""6"",""6""]",bango-file,prefix.dat,680
3103,1,wis,"[""2""]",bango-file,prefix.dat,681
3103,2,int,"[""2""]",bango-file,prefix.dat,681
3104,1,Hth,"[""2""]",bango-file,prefix.dat,682
3104,2,hp,"[""100""]",bango-file,prefix.dat,682
3105,1,hp,"[""150""]",bango-file,prefix.dat,684
3105,2,attack,"[""14"",""14""]",bango-file,prefix.dat,684
3105,3,magic,"[""14"",""14""]",bango-file,prefix.dat,684
3106,1,mp,"[""70""]",bango-file,prefix.dat,685
3106,2,int,"[""2""]",bango-file,prefix.dat,685
3107,1,attack,"[""14"",""14""]",bango-file,prefix.dat,686
3107,2,magic,"[""14"",""14""]",bango-file,prefix.dat,686
3107,3,str,"[""2""]",bango-file,prefix.dat,686
3108,1,str,"[""2""]",bango-file,prefix.dat,687
3108,2,Hth,"[""2""]",bango-file,prefix.dat,687
3109,1,dex,"[""2""]",bango-file,prefix.dat,688
3109,2,str,"[""2""]",bango-file,prefix.dat,688
3110,1,int,"[""2""]",bango-file,prefix.dat,689
3110,2,attack,"[""14"",""14""]",bango-file,prefix.dat,689
3110,3,magic,"[""14"",""14""]",bango-file,prefix.dat,689
3111,1,wis,"[""2""]",bango-file,prefix.dat,690
3111,2,int,"[""2""]",bango-file,prefix.dat,690
3112,1,Hth,"[""2""]",bango-file,prefix.dat,691
3112,2,hp,"[""150""]",bango-file,prefix.dat,691
3113,1,hp,"[""224""]",bango-file,prefix.dat,693
3113,2,attack,"[""36"",""36""]",bango-file,prefix.dat,693
3113,3,magic,"[""36"",""36""]",bango-file,prefix.dat,693
3114,1,mp,"[""112""]",bango-file,prefix.dat,694
3114,2,int,"[""4""]",bango-file,prefix.dat,694
3115,1,attack,"[""36"",""36""]",bango-file,prefix.dat,695
3115,2,magic,"[""36"",""36""]",bango-file,prefix.dat,695
3115,3,str,"[""4""]",bango-file,prefix.dat,695
3116,1,str,"[""4""]",bango-file,prefix.dat,696
3116,2,Hth,"[""4""]",bango-file,prefix.dat,696
3117,1,dex,"[""4""]",bango-file,prefix.dat,697
3117,2,str,"[""4""]",bango-file,prefix.dat,697
3118,1,int,"[""4""]",bango-file,prefix.dat,698
3118,2,attack,"[""36"",""36""]",bango-file,prefix.dat,698
3118,3,magic,"[""36"",""36""]",bango-file,prefix.dat,698
3119,1,wis,"[""4""]",bango-file,prefix.dat,699
3119,2,int,"[""4""]",bango-file,prefix.dat,699
3120,1,Hth,"[""4""]",bango-file,prefix.dat,700
3120,2,hp,"[""224""]",bango-file,prefix.dat,700
3121,1,hp,"[""160""]",bango-file,prefix.dat,702
3121,2,attack,"[""12"",""12""]",bango-file,prefix.dat,702
3121,3,magic,"[""12"",""12""]",bango-file,prefix.dat,702
3122,1,mp,"[""60""]",bango-file,prefix.dat,703
3122,2,int,"[""4""]",bango-file,prefix.dat,703
3123,1,attack,"[""12"",""12""]",bango-file,prefix.dat,704
3123,2,magic,"[""12"",""12""]",bango-file,prefix.dat,704
3123,3,str,"[""4""]",bango-file,prefix.dat,704
3124,1,str,"[""4""]",bango-file,prefix.dat,705
3124,2,Hth,"[""4""]",bango-file,prefix.dat,705
3125,1,dex,"[""4""]",bango-file,prefix.dat,706
3125,2,str,"[""4""]",bango-file,prefix.dat,706
3126,1,int,"[""4""]",bango-file,prefix.dat,707
3126,2,attack,"[""12"",""12""]",bango-file,prefix.dat,707
3126,3,magic,"[""12"",""12""]",bango-file,prefix.dat,707
3127,1,wis,"[""4""]",bango-file,prefix.dat,708
3127,2,int,"[""4""]",bango-file,prefix.dat,708
3128,1,Hth,"[""4""]",bango-file,prefix.dat,709
3128,2,hp,"[""160""]",bango-file,prefix.dat,709
3129,1,hp,"[""258""]",bango-file,prefix.dat,711
3129,2,attack,"[""24"",""24""]",bango-file,prefix.dat,711
3129,3,magic,"[""24"",""24""]",bango-file,prefix.dat,711
3130,1,mp,"[""120""]",bango-file,prefix.dat,712
3130,2,int,"[""6""]",bango-file,prefix.dat,712
3131,1,attack,"[""24"",""24""]",bango-file,prefix.dat,713
3131,2,magic,"[""24"",""24""]",bango-file,prefix.dat,713
3131,3,str,"[""6""]",bango-file,prefix.dat,713
3132,1,str,"[""6""]",bango-file,prefix.dat,714
3132,2,Hth,"[""6""]",bango-file,prefix.dat,714
3133,1,dex,"[""6""]",bango-file,prefix.dat,715
3133,2,str,"[""6""]",bango-file,prefix.dat,715
3134,1,int,"[""6""]",bango-file,prefix.dat,716
3134,2,attack,"[""24"",""24""]",bango-file,prefix.dat,716
3134,3,magic,"[""24"",""24""]",bango-file,prefix.dat,716
3135,1,wis,"[""6""]",bango-file,prefix.dat,717
3135,2,int,"[""6""]",bango-file,prefix.dat,717
3136,1,Hth,"[""6""]",bango-file,prefix.dat,718
3136,2,hp,"[""258""]",bango-file,prefix.dat,718
3137,1,hp,"[""400""]",bango-file,prefix.dat,720
3137,2,attack,"[""64"",""64""]",bango-file,prefix.dat,720
3137,3,magic,"[""64"",""64""]",bango-file,prefix.dat,720
3138,1,mp,"[""200""]",bango-file,prefix.dat,721
3138,2,int,"[""10""]",bango-file,prefix.dat,721
3139,1,attack,"[""64"",""64""]",bango-file,prefix.dat,722
3139,2,magic,"[""64"",""64""]",bango-file,prefix.dat,722
3139,3,str,"[""10""]",bango-file,prefix.dat,722
3140,1,str,"[""10""]",bango-file,prefix.dat,723
3140,2,Hth,"[""10""]",bango-file,prefix.dat,723
3141,1,dex,"[""10""]",bango-file,prefix.dat,724
3141,2,str,"[""10""]",bango-file,prefix.dat,724
3142,1,int,"[""10""]",bango-file,prefix.dat,725
3142,2,attack,"[""64"",""64""]",bango-file,prefix.dat,725
3142,3,magic,"[""64"",""64""]",bango-file,prefix.dat,725
3143,1,wis,"[""10""]",bango-file,prefix.dat,726
3143,2,int,"[""10""]",bango-file,prefix.dat,726
3144,1,Hth,"[""10""]",bango-file,prefix.dat,727
3144,2,hp,"[""400""]",bango-file,prefix.dat,727
3145,1,hp,"[""800""]",bango-file,prefix.dat,729
3146,1,mp,"[""400""]",bango-file,prefix.dat,730
3147,1,attack,"[""128"",""128""]",bango-file,prefix.dat,731
3147,2,magic,"[""128"",""128""]",bango-file,prefix.dat,731
3148,1,str,"[""20""]",bango-file,prefix.dat,732
3149,1,dex,"[""20""]",bango-file,prefix.dat,733
3150,1,int,"[""20""]",bango-file,prefix.dat,734
3151,1,wis,"[""20""]",bango-file,prefix.dat,735
3152,1,Hth,"[""20""]",bango-file,prefix.dat,736
3153,1,hp,"[""220""]",bango-file,prefix.dat,738
3153,2,attack,"[""18"",""18""]",bango-file,prefix.dat,738
3153,3,magic,"[""18"",""18""]",bango-file,prefix.dat,738
3154,1,mp,"[""84""]",bango-file,prefix.dat,739
3154,2,int,"[""6""]",bango-file,prefix.dat,739
3155,1,str,"[""6""]",bango-file,prefix.dat,740
3155,2,attack,"[""18"",""18""]",bango-file,prefix.dat,740
3155,3,magic,"[""18"",""18""]",bango-file,prefix.dat,740
3156,1,str,"[""6""]",bango-file,prefix.dat,741
3156,2,Hth,"[""6""]",bango-file,prefix.dat,741
3157,1,dex,"[""6""]",bango-file,prefix.dat,742
3157,2,str,"[""6""]",bango-file,prefix.dat,742
3158,1,int,"[""6""]",bango-file,prefix.dat,743
3158,2,attack,"[""18"",""18""]",bango-file,prefix.dat,743
3158,3,magic,"[""18"",""18""]",bango-file,prefix.dat,743
3159,1,wis,"[""6""]",bango-file,prefix.dat,744
3159,2,int,"[""6""]",bango-file,prefix.dat,744
3160,1,Hth,"[""6""]",bango-file,prefix.dat,745
3160,2,hp,"[""220""]",bango-file,prefix.dat,745
3161,1,hp,"[""366""]",bango-file,prefix.dat,747
3161,2,attack,"[""34"",""34""]",bango-file,prefix.dat,747
3161,3,magic,"[""34"",""34""]",bango-file,prefix.dat,747
3162,1,mp,"[""170""]",bango-file,prefix.dat,748
3162,2,int,"[""10""]",bango-file,prefix.dat,748
3163,1,str,"[""10""]",bango-file,prefix.dat,749
3163,2,attack,"[""34"",""34""]",bango-file,prefix.dat,749
3163,3,magic,"[""34"",""34""]",bango-file,prefix.dat,749
3164,1,str,"[""10""]",bango-file,prefix.dat,750
3164,2,Hth,"[""10""]",bango-file,prefix.dat,750
3165,1,dex,"[""10""]",bango-file,prefix.dat,751
3165,2,str,"[""10""]",bango-file,prefix.dat,751
3166,1,int,"[""10""]",bango-file,prefix.dat,752
3166,2,attack,"[""34"",""34""]",bango-file,prefix.dat,752
3166,3,magic,"[""34"",""34""]",bango-file,prefix.dat,752
3167,1,wis,"[""10""]",bango-file,prefix.dat,753
3167,2,int,"[""10""]",bango-file,prefix.dat,753
3168,1,Hth,"[""10""]",bango-file,prefix.dat,754
3168,2,hp,"[""366""]",bango-file,prefix.dat,754
3169,1,hp,"[""576""]",bango-file,prefix.dat,756
3169,2,attack,"[""92"",""92""]",bango-file,prefix.dat,756
3169,3,magic,"[""92"",""92""]",bango-file,prefix.dat,756
3170,1,mp,"[""288""]",bango-file,prefix.dat,757
3170,2,int,"[""16""]",bango-file,prefix.dat,757
3171,1,str,"[""16""]",bango-file,prefix.dat,758
3171,2,attack,"[""92"",""92""]",bango-file,prefix.dat,758
3171,3,magic,"[""92"",""92""]",bango-file,prefix.dat,758
3172,1,str,"[""16""]",bango-file,prefix.dat,759
3172,2,Hth,"[""16""]",bango-file,prefix.dat,759
3173,1,dex,"[""16""]",bango-file,prefix.dat,760
3173,2,str,"[""16""]",bango-file,prefix.dat,760
3174,1,int,"[""16""]",bango-file,prefix.dat,761
3174,2,attack,"[""92"",""92""]",bango-file,prefix.dat,761
3174,3,magic,"[""92"",""92""]",bango-file,prefix.dat,761
3175,1,wis,"[""16""]",bango-file,prefix.dat,762
3175,2,int,"[""16""]",bango-file,prefix.dat,762
3176,1,Hth,"[""16""]",bango-file,prefix.dat,763
3176,2,hp,"[""576""]",bango-file,prefix.dat,763
3177,1,hp,"[""1200""]",bango-file,prefix.dat,765
3178,1,mp,"[""600""]",bango-file,prefix.dat,766
3179,1,attack,"[""192"",""192""]",bango-file,prefix.dat,767
3179,2,magic,"[""192"",""192""]",bango-file,prefix.dat,767
3180,1,str,"[""30""]",bango-file,prefix.dat,768
3181,1,dex,"[""30""]",bango-file,prefix.dat,769
3182,1,int,"[""30""]",bango-file,prefix.dat,770
3183,1,wis,"[""30""]",bango-file,prefix.dat,771
3184,1,Hth,"[""30""]",bango-file,prefix.dat,772
