que_id,que_type,que_lvl,que_name,que_monst,que_item,que_text,que_rew,que_pic1,que_pic2,que_pic3,bango_experience,bango_contribution,bango_skill_points,bango_prerequisite,bango_steps_raw,provenance,source_file,source_line
1,,1,"Sailor, Gwang-Chun's Favor",,,"1. Show Gwang-Chun's letter to Nu-Rook. Nu-Rook will give you Gwang-Chun's goods.
2. Receive the goods from Nu-Rook and submit it to Gwang-Chun in Narootuh village.",,,,,0,0,0,,Show Gwang-Chun's letter to Nu-Rook. Nu-Rook will give you Gwang-Chun's goods.|132:1;Receive the goods from Nu-Rook and submit it to Gwang-Chun in Narootuh village.|142:1,bango-file,questlist.dat,3
2,,1,Message Collection,,,"1. Collect the secret message from lower class demons. Give it back to Chief guard, Sea-Geun and you'll get some reward.",Exp 50,,,,50,0,0,,"Collect the secret message from lower class demons. Give it back to Chief guard, Sea-Geun and you'll get some reward.|140:1",bango-file,questlist.dat,4
3,,1,Grasp the Situation of Demons,,,"1. Chief guard, Mak-Ahnsoo asked you to collect the information of attack. Find the map of demons and go to Mak-Ahnsoo.
2. The demon's target was Jook-Suh Cargo Station not Narootuh. People who doesn't know this situation will be in danger. The chief guard, Mak-Ahnsoo give the information of demons' attack to the general, Sae-won. Go and see the general, Sae-won.
3. general, Sae-won found out the enemies' location but he doesn't have enough force. The general, Sae-won finished writing letter for help to the chief guard, Mak-Ahnsoo so go to see the chief guard, Mak-Ahnsoo.",Contribution 1,,,,0,1,0,,"Chief guard, Mak-Ahnsoo asked you to collect the information of attack. Find the map of demons and go to Mak-Ahnsoo.|146:1;The demon's target was Jook-Suh Cargo Station not Narootuh. People who doesn't know this situation will be in danger. The chief guard, Mak-Ahnsoo give the information of demons' attack to the general, Sae-won. Go and see the general, Sae-won.|133:1;general, Sae-won found out the enemies' location but he doesn't have enough force. The general, Sae-won finished writing letter for help to the chief guard, Mak-Ahnsoo so go to see the chief guard, Mak-Ahnsoo.|134:1",bango-file,questlist.dat,5
54,,1,Eliminating The Demon Vulgar,,,1. Get a Demon Vulgar's head and give it to the guard.,,,,,0,0,0,,Get a Demon Vulgar's head and give it to the guard.|396:1,bango-file,questlist.dat,6
55,,1,Eliminating The Demon Scout,,,1. Get a Demon Scout's head and give it to the guard.,,,,,0,0,0,,Get a Demon Scout's head and give it to the guard.|397:1,bango-file,questlist.dat,7
56,,1,Eliminating The Demon Spear,,,1. Get a Demon Spear's head and give it to the guard.,,,,,0,0,0,,Get a Demon Spear's head and give it to the guard.|398:1,bango-file,questlist.dat,8
9001,,1,[Event] Beginning of Long Journey,,,"1. Go to Chun-Sooin and say thank you. He's your life saver.
2. Chun-Sooin asks you for taking a stirrup back from the demons. The stirrup is taken by the low level of demons(Demon Plunderer). Find the stirrup for helping Chun-Sooin.",Exp 100,,,,100,0,0,,Go to Chun-Sooin and say thank you. He's your life saver.|;Chun-Sooin asks you for taking a stirrup back from the demons. The stirrup is taken by the low level of demons(Demon Plunderer). Find the stirrup for helping Chun-Sooin.|169:1,bango-file,questlist.dat,9
9002,,1,[Event] Appointment of General In-Pill,,,"1. The strategist of general, In-Pill, Sae-Ryu is now accepting the application for being a soldier. Meet Sae-Ryu for the application.
2. Sae-Ryu wants to test your ability. And he asked you to collect 30 Demon Escort's Heads.
3. Sae-Ryu admitted your ability and gave you a recommendation for the general, In-Pill. Meet the general, In-Pill in Jook-Suh Cargo Station.
4. The general, In-Pill hired you and gave you a mission. The mission is to eliminate all the Big Handed Inhabitants located between Geum-Oh Mine and Narootuh. And get its Head as evidence. This is your first mission from the general and you must complete it successfully.
5. The general, In-Pill is proud of your achievement and he gave you the second mission. Get your second mission from Sae-Ryu.
6. Sae-Ryu wants you to take a scabbard back. It's In-Pill占쏙옙s Scabbard and it's lost from the battle. It must be kept by the Demon Carcass Scavenger. Get the scabbard and give it back to the general, In-Pill.",Exp 1200,,,,1200,0,0,9001,"The strategist of general, In-Pill, Sae-Ryu is now accepting the application for being a soldier. Meet Sae-Ryu for the application.|;Sae-Ryu wants to test your ability. And he asked you to collect 30 Demon Escort's Heads.|170:30;Sae-Ryu admitted your ability and gave you a recommendation for the general, In-Pill. Meet the general, In-Pill in Jook-Suh Cargo Station.|;The general, In-Pill hired you and gave you a mission. The mission is to eliminate all the Big Handed Inhabitants located between Geum-Oh Mine and Narootuh. And get its Head as evidence. This is your first mission from the general and you must complete it successfully.|171:1;The general, In-Pill is proud of your achievement and he gave you the second mission. Get your second mission from Sae-Ryu.|;Sae-Ryu wants you to take a scabbard back. It's In-Pill占쏙옙s Scabbard and it's lost from the battle. It must be kept by the Demon Carcass Scavenger. Get the scabbard and give it back to the general, In-Pill.|172:1",bango-file,questlist.dat,10
9003,,1,[Event] Favor of the Governor of Geum-Ohee Castle,,,"1. The Big Handed Blue Warriors are blocking the southern entrance of the Geum-Oh Mine. Eliminate the Big Handed Blue Warriors and bring their heads to HyungJoo-SeungGong in Guem-Oh Mine. He will be happy if you give 40 heads to HyungJoo-SeungGong.
2. HyungJoo-SeungGong want you to get stronger for fighting with the demons. Please go back to HyungJoo-SeungGong if your level comes to 30. HyungJoo-SeungGong will tell you what you can do.",Exp 1000,,,,1000,0,0,9002,The Big Handed Blue Warriors are blocking the southern entrance of the Geum-Oh Mine. Eliminate the Big Handed Blue Warriors and bring their heads to HyungJoo-SeungGong in Guem-Oh Mine. He will be happy if you give 40 heads to HyungJoo-SeungGong.|173:40;HyungJoo-SeungGong want you to get stronger for fighting with the demons. Please go back to HyungJoo-SeungGong if your level comes to 30. HyungJoo-SeungGong will tell you what you can do.|,bango-file,questlist.dat,11
57,,5,Fish Trap Installation,,,"1. Buy a fish trap from the merchant and ask the Fish Grounds Keeper to install your fish trap. If you get a Goby, bring it to the guard.",,,,,0,0,0,,"Buy a fish trap from the merchant and ask the Fish Grounds Keeper to install your fish trap. If you get a Goby, bring it to the guard.|237:1",bango-file,questlist.dat,12
4,,6,"General, Poong-seup's Missing",,,"1. Ji-hun is looking for the general, Poong-seup. Please find the general, Poong-seup. Chief Guard, Joo-Jimin knows where he is. Go to meet Joo-Jimin.
2. The chief, Joo-Jimin want you to prove that you're not a spy if you want to know about the general, Poong-seup. Hunt Demon escort archer and get 10 demon's bows.
3. The general, Poong-seup has won the battle in Chung-Song and he's defending Chung-Song. Talk to the farmer, Ji-Hun about the general, Poong-seup.",Exp 844; Contribution 1,,,,844,1,0,2,"Ji-hun is looking for the general, Poong-seup. Please find the general, Poong-seup. Chief Guard, Joo-Jimin knows where he is. Go to meet Joo-Jimin.|;The chief, Joo-Jimin want you to prove that you're not a spy if you want to know about the general, Poong-seup. Hunt Demon escort archer and get 10 demon's bows.|147:10;The general, Poong-seup has won the battle in Chung-Song and he's defending Chung-Song. Talk to the farmer, Ji-Hun about the general, Poong-seup.|",bango-file,questlist.dat,13
5,,8,"Farmer, Nu-Woong's Favor",,,"1. Gwee-Sik borrowed money from Nu-Woong. Find Gwee-Sik and get the money back to Nu-Woong.
2. The miner, Gwee-Sik can't work because the demon called Suicide bombers attack people. Hunt the Suicide bomber and collect 10 Suicide bomber's oil for proof.
3. Gwee-Sik made money from the mine. Give the money from Gwee-Sik to Nu-Woong.",Exp 1157; Contribution 1,,,,1157,1,0,,"Gwee-Sik borrowed money from Nu-Woong. Find Gwee-Sik and get the money back to Nu-Woong.|135:1;The miner, Gwee-Sik can't work because the demon called Suicide bombers attack people. Hunt the Suicide bomber and collect 10 Suicide bomber's oil for proof.|148:10;Gwee-Sik made money from the mine. Give the money from Gwee-Sik to Nu-Woong.|143:1",bango-file,questlist.dat,14
6,,10,"Farmer, Ha-Jik's Favor",,,"1. The farmer Ha-Jik asked the farmer, Nu-Woong to deliver the rice. Inquire that the rice's arrived safely.
2. The farmer, Nu-Woong didn't get the rice.  Inquire what happened to the farmer Ha-Jik.
3. The farmer, Ha-Jik asked the boatman, Gwang-chun to deliver the rice. Inquire what happened to the boatman, Gwang-chun.
4. The boatman, Gwang-chun couldn't deliver the rice because of the Big handed inhabitants. Hunt the Big handed inhabitant and collect 15 Big handed inhabitant's teeth.
5. The boatman, Gwang-chun'rice has be stolen. Hunt the Demon carcass scavenger and collect 2 bags of rice.",Exp 2250; Contribution 1,,,,2250,1,0,5,"The farmer Ha-Jik asked the farmer, Nu-Woong to deliver the rice. Inquire that the rice's arrived safely.|;The farmer, Nu-Woong didn't get the rice.  Inquire what happened to the farmer Ha-Jik.|;The farmer, Ha-Jik asked the boatman, Gwang-chun to deliver the rice. Inquire what happened to the boatman, Gwang-chun.|;The boatman, Gwang-chun couldn't deliver the rice because of the Big handed inhabitants. Hunt the Big handed inhabitant and collect 15 Big handed inhabitant's teeth.|149:15;The boatman, Gwang-chun'rice has be stolen. Hunt the Demon carcass scavenger and collect 2 bags of rice.|151:2",bango-file,questlist.dat,15
7,,11,Won-Jung and Yae-Jin's Love,,,"1. The guard, Won-Jung worries about his wife so much. Give the letter to his wife, Yae-Jin in Narootuh vil.
2. Yae-Jin wants to make some tonic for Won-Jung, but two materials are required. Hunt the Big handed slave and collect 10 materials of Milk Vetch and White Peony.
3. Give the tonic and Yae-Jin's letter to Guard, Won-Jung in Jook-Suh Cargo Station.",Exp 2500; Skill Point 1,,,,2500,0,1,,"The guard, Won-Jung worries about his wife so much. Give the letter to his wife, Yae-Jin in Narootuh vil.|136:1;Yae-Jin wants to make some tonic for Won-Jung, but two materials are required. Hunt the Big handed slave and collect 10 materials of Milk Vetch and White Peony.|153:10,154:10;Give the tonic and Yae-Jin's letter to Guard, Won-Jung in Jook-Suh Cargo Station.|137:1,144:1",bango-file,questlist.dat,16
8,,12,Sweeping the Demon carcass scavenger,,,"1. The general, Sae-won finally found out what the Demon carcass scavenger is. Hunt the Demon carcass scavenger who revive the demons, and collect 25 carcass for the general, Sae-won in Jook-Suh Cargo Station.",Exp 2600; Contribution 1,,,,2600,1,0,3,"The general, Sae-won finally found out what the Demon carcass scavenger is. Hunt the Demon carcass scavenger who revive the demons, and collect 25 carcass for the general, Sae-won in Jook-Suh Cargo Station.|152:25",bango-file,questlist.dat,17
9,,13,Finding Tonic,,,"1. The chief guard, Guh-Sosun worries about the lack of medicine for injured soldiers. Please get some tonic. The woman [Yae-Jin] in Narootuh village can make tonic.
2. Yae-Jin said she could make tonic if she has enough Milk Vetch and White Peony. 12 Milk Vetches and 12 White Peonies from Big handed slaves and give them to Yae-Jin.
3. Give the tonic that Yae-Jin made to the chief guard, Guh-Sosun in Jook-Suh Cargo Station.",Exp 2722,,,,2722,0,0,7,"The chief guard, Guh-Sosun worries about the lack of medicine for injured soldiers. Please get some tonic. The woman [Yae-Jin] in Narootuh village can make tonic.|;Yae-Jin said she could make tonic if she has enough Milk Vetch and White Peony. 12 Milk Vetches and 12 White Peonies from Big handed slaves and give them to Yae-Jin.|153:12,154:12;Give the tonic that Yae-Jin made to the chief guard, Guh-Sosun in Jook-Suh Cargo Station.|144:1",bango-file,questlist.dat,18
10,,14,Finding Alcohol for Joo-Nong,,,"1. The miner, Joo-Nong spend with alcohol everyday because of the demons. Find some alcohol and give him. It's said that the woman [Ok-Jin] in Jook-Suh Cargo Station makes good drinks.
2. Ok-Jin who can make best quality drinks in the country asked for revenge for her husband's death. 20 Demon soldier's teeth from Demon soldiers and give them to Ok-Jin.
3. Bring the alcohol over from Ok-Jin to Joo-Nong.",Exp 3534; Contribution 1,,,,3534,1,0,,"The miner, Joo-Nong spend with alcohol everyday because of the demons. Find some alcohol and give him. It's said that the woman [Ok-Jin] in Jook-Suh Cargo Station makes good drinks.|;Ok-Jin who can make best quality drinks in the country asked for revenge for her husband's death. 20 Demon soldier's teeth from Demon soldiers and give them to Ok-Jin.|150:20;Bring the alcohol over from Ok-Jin to Joo-Nong.|145:1",bango-file,questlist.dat,19
11,,15,Undelivered Rice Cake,,,"1. Gwee-Sik worries about the lost rice cake. Go to Ha-Jik in Narootuh village and find out what happened.
2. Ha-Jik said that he got attacked from the Big handed blue warriors during delivery. Hunt the Big handed blue warriors and collect 25 rice cakes.
3. Ha-Jik can't deliver the rice cake because of his injury. Deliver the rice cake to Gwee-Sik in Geum-Oh Mine.",Exp 4000; Skill Point 1,,,,4000,0,1,6,Gwee-Sik worries about the lost rice cake. Go to Ha-Jik in Narootuh village and find out what happened.|;Ha-Jik said that he got attacked from the Big handed blue warriors during delivery. Hunt the Big handed blue warriors and collect 25 rice cakes.|155:25;Ha-Jik can't deliver the rice cake because of his injury. Deliver the rice cake to Gwee-Sik in Geum-Oh Mine.|155:25,bango-file,questlist.dat,20
37,,15,"[Mission for Getting Ancient Animal] Doggebi, Chang's Favor",,,"1. Chang asked you to find a keg of talisman. The keg of talisman was taken by the naughty Doggebi. The naughty Doggebi is near by the village of Jook-Suh Cargo Station.
2. Chang wants to give you an ancient animal for a reward. But he has to take care of the animals now. Talk to Chang after a moment.",,,,,0,0,0,,Chang asked you to find a keg of talisman. The keg of talisman was taken by the naughty Doggebi. The naughty Doggebi is near by the village of Jook-Suh Cargo Station.|336:1;Chang wants to give you an ancient animal for a reward. But he has to take care of the animals now. Talk to Chang after a moment.|,bango-file,questlist.dat,21
12,,16,Wa-Ryu's Talisman,,,1. Wa-Ryu worries that he lost the talisman of his wife's gift. Hunt the Big handed red warrior and get the Wa-Ryu's talisman.,Exp 8000; Contribution 1; Skill Point 2,,,,8000,1,2,8,Wa-Ryu worries that he lost the talisman of his wife's gift. Hunt the Big handed red warrior and get the Wa-Ryu's talisman.|156:1,bango-file,questlist.dat,22
13,,17,Finding Yae-Jin's Father,,,"1. Yae-Jin's looking for her father who hasn't come back home for a half year. Go to Geum-Oh Mine and find him out.
2. Yae-Jin's father, the miner, Joo-Nong said his gold was taken by the Demon infantry. They have a big sword with them. Hunt them and collect 30 golds.
3. Go back to Narootuh village and let Joo-Nong's daughter know that her father will come soon.",Exp 4500; Skill Point 1,,,,4500,0,1,10,"Yae-Jin's looking for her father who hasn't come back home for a half year. Go to Geum-Oh Mine and find him out.|;Yae-Jin's father, the miner, Joo-Nong said his gold was taken by the Demon infantry. They have a big sword with them. Hunt them and collect 30 golds.|157:30;Go back to Narootuh village and let Joo-Nong's daughter know that her father will come soon.|",bango-file,questlist.dat,23
14,,18,Collecting Yang-Do's Bamboo Poles,,,"1. The guard, Yang-Do's bamboo poles has been taken away by the Demon throwing soldiers. Collect 30 pieces of bamboo poles from Demon throwing soldiers and bring them to Yang-Do in Geum-Oh Mine.
2. There's Yoo-An's letter in the lost bamboo poles. Deliver the letter to Ok-Jin in Jook-Suh Cargo Station.
3. Ok-Jin refused to accept the letter, for she didn't try to believe her husband dead. Go to tell Yang-Do in Geum-Oh Mine about this.
4. Ok-Jin's father, Ja-Gan saw the Yang-Do's letter and write a heartbreaking letter to his daughter. Give Ja-Gan's letter to Ok-Jin in Jook-Suh Cargo Station.
5. Ok-Jin's mind has been opened by the father's letter. Give Yang-Do the message that she'll meet Yoo-An after the revenge is finished.",Exp 9600; Contribution 1; Skill Point 2,,,,9600,1,2,10,"The guard, Yang-Do's bamboo poles has been taken away by the Demon throwing soldiers. Collect 30 pieces of bamboo poles from Demon throwing soldiers and bring them to Yang-Do in Geum-Oh Mine.|159:30;There's Yoo-An's letter in the lost bamboo poles. Deliver the letter to Ok-Jin in Jook-Suh Cargo Station.|138:1;Ok-Jin refused to accept the letter, for she didn't try to believe her husband dead. Go to tell Yang-Do in Geum-Oh Mine about this.|;Ok-Jin's father, Ja-Gan saw the Yang-Do's letter and write a heartbreaking letter to his daughter. Give Ja-Gan's letter to Ok-Jin in Jook-Suh Cargo Station.|138:1,139:1;Ok-Jin's mind has been opened by the father's letter. Give Yang-Do the message that she'll meet Yoo-An after the revenge is finished.|",bango-file,questlist.dat,24
15,,19,Finding the Statue of Protection,,,"1. The Statue of Protection in the #1 mine has lost. Find out the Statue of Protection. It's said the Miner [Joo-Nong] know where it is.
2. The miner, Joo-Nong said the Statue of Protection is taken by the demons with red light. Collect 30 pieces of the Statue of Protection from them and bring to Gwee-Sik.",Exp 5600; Contribution 1,,,,5600,1,0,13,"The Statue of Protection in the #1 mine has lost. Find out the Statue of Protection. It's said the Miner [Joo-Nong] know where it is.|;The miner, Joo-Nong said the Statue of Protection is taken by the demons with red light. Collect 30 pieces of the Statue of Protection from them and bring to Gwee-Sik.|160:30",bango-file,questlist.dat,25
16,,20,Ja-Gan's Good Conduct,,,"1. Ja-Gan wanted to get rid of the rumor that he was a miser, with his gold. But his gold was stolen by demons. Hunt Demon Shock Troopers and collect 30 golds.
2. Ja-Gan refused to get the gold back and said that it should be given to the poor. Go to Geum-Oh Mine and find the poor to give his gold.
3. Let Ja-Gan know that Won-Ga will spread the Ja-Gan's good deed throughout the country.",Exp 7000; Skill Point 1,,,,7000,0,1,14,"Ja-Gan wanted to get rid of the rumor that he was a miser, with his gold. But his gold was stolen by demons. Hunt Demon Shock Troopers and collect 30 golds.|158:30;Ja-Gan refused to get the gold back and said that it should be given to the poor. Go to Geum-Oh Mine and find the poor to give his gold.|158:30;Let Ja-Gan know that Won-Ga will spread the Ja-Gan's good deed throughout the country.|",bango-file,questlist.dat,26
17,,21,Getting Red Flags,,,"1. The general, Sae-Won command you to take the demon's red flags. Collect 35 red flags and give them to the general, Sae-Won.",Exp 8500; Contribution 1,,,,8500,1,0,12,"The general, Sae-Won command you to take the demon's red flags. Collect 35 red flags and give them to the general, Sae-Won.|161:35",bango-file,questlist.dat,27
18,,23,Beheading the Demon Water Dragon,,,"1. For improving the morale of our soldiers, bring 35 heads of the demon water dragons and give them to the general, Sae-Won in Jook-Suh Cargo Station.",Exp 10000; Contribution 1,,,,10000,1,0,17,"For improving the morale of our soldiers, bring 35 heads of the demon water dragons and give them to the general, Sae-Won in Jook-Suh Cargo Station.|162:35",bango-file,questlist.dat,28
19,,25,Demon's Drum,,,"1. The general, Sae-Wo retreated from the battle because the demon's drum discouraged his soldiers. Collect 40 demon's drums and give them to the general, Sae-Won.",Exp 12000; Skill Point 1,,,,12000,0,1,18,"The general, Sae-Wo retreated from the battle because the demon's drum discouraged his soldiers. Collect 40 demon's drums and give them to the general, Sae-Won.|165:40",bango-file,questlist.dat,29
20,,26,Collecting Armor,,,"1. Many soldiers retreated without their armor, so many suits of armor are required. Hunt the Demon armored knight and collect 40 armor items and bring them to the Chief Guard [Guh-Sosun] in Jook-Suh Cargo Station.",Exp 21750; Contribution 1,,,,21750,1,0,12,"Many soldiers retreated without their armor, so many suits of armor are required. Hunt the Demon armored knight and collect 40 armor items and bring them to the Chief Guard [Guh-Sosun] in Jook-Suh Cargo Station.|166:40",bango-file,questlist.dat,30
21,,27,Collecting Clothes Stained with Blood,,,"1. The guard, Won-Jung wants to collect his friend's clothes to perform a religious service. Hunt the Hungry Demon Water Dragon and collect 40 clothes and bring them to Won-Jung.",Exp 16300; Contribution 1; Skill Point 1,,,,16300,1,1,7,"The guard, Won-Jung wants to collect his friend's clothes to perform a religious service. Hunt the Hungry Demon Water Dragon and collect 40 clothes and bring them to Won-Jung.|167:40",bango-file,questlist.dat,31
22,,28,Materials of Winter Clothes,,,"1. The chief guard, Guh-Sosun wants to make winter clothes for his soldiers. Hunt the Demon water dragon predator and collect 40 demon water dragon predator skins and bring them to Guh-Sosun.",Exp 19000; Contribution 1; Skill Point 1,,,,19000,1,1,20,"The chief guard, Guh-Sosun wants to make winter clothes for his soldiers. Hunt the Demon water dragon predator and collect 40 demon water dragon predator skins and bring them to Guh-Sosun.|164:40",bango-file,questlist.dat,32
23,,29,Hunting the Demon Mad Knight,,,"1. The general, Sae-Won ask you to hunt the Demon mad knight. Hunt the Demon mad knight and collect 40 heads and bring them to General [Sae-Won].",Exp 22000; Contribution 1; Skill Point 1,,,,22000,1,1,19,"The general, Sae-Won ask you to hunt the Demon mad knight. Hunt the Demon mad knight and collect 40 heads and bring them to General [Sae-Won].|163:40",bango-file,questlist.dat,33
27,,30,Moon-Hee Who Became a Ghost,,,"1. Moon-Hee's mother in Temporary Fort of Geum-Ohee Castle said that Moon-Yoo follows his sister's voice and walks through the Temporary Fort of Geum-Ohee Castle without intention. Find where the voice comes.
2. Moon-Hee, the ghost curses her mother and brother.  Find out Moon-Hee占쏙옙s Doll burned with herself from Castoff Baby Ghost and bring it to Moon-Hee in Temporary Fort of Geum-Ohee Castle.",Exp 29000; Contribution 1,,,,29000,1,0,,"Moon-Hee's mother in Temporary Fort of Geum-Ohee Castle said that Moon-Yoo follows his sister's voice and walks through the Temporary Fort of Geum-Ohee Castle without intention. Find where the voice comes.|;Moon-Hee, the ghost curses her mother and brother.  Find out Moon-Hee占쏙옙s Doll burned with herself from Castoff Baby Ghost and bring it to Moon-Hee in Temporary Fort of Geum-Ohee Castle.|",bango-file,questlist.dat,34
9004,,30,[Event] Entering the Government Service!,,,"1. HyungJoo-SeungGong recommended you for  entering the government service. Now you became an Apprentice in Naraeha. Meet the lord, Jin-Pyung in Geum-Oh Mine. He'll help you to enter the government service.
2. Lord, Jin-Pyung gives you a final mission for the government post. Get the Head of the Demon Commander and prove your ability. Then, he finally give you the government position.",Exp 40000,,,,40000,0,0,9003,"HyungJoo-SeungGong recommended you for  entering the government service. Now you became an Apprentice in Naraeha. Meet the lord, Jin-Pyung in Geum-Oh Mine. He'll help you to enter the government service.|;Lord, Jin-Pyung gives you a final mission for the government post. Get the Head of the Demon Commander and prove your ability. Then, he finally give you the government position.|181:1",bango-file,questlist.dat,35
9005,,30,[Event] Afterimage of Red Feather,,,"1. Meet Mr. Hyun-Choong at Temporary Fort of Geum-Ohee Castle. He's a famous wise man. He may find your memory back.
2. The Red Feather in your memory, makes you confuse and headache. Mr. Hyun-Choong told you that the Red Feather represents the general, Gwa-bo and asked you to meet Mr. Jin-Haeryang who's the friend of the general, Gwa-bo. Mr. Jin-Haeryang is at Temporary Fort of Geum-Ohee Castle.
3. Mr. Jin-Haeryang looks so busy and doesn't care about you. But Mr. Jin-Haeryang asks you a favor to collect 100 spirits in the talismans. Collect 100 spirits by using the talismans in the keg.",Exp 10000; Contribution 2,,,,10000,2,0,9004,"Meet Mr. Hyun-Choong at Temporary Fort of Geum-Ohee Castle. He's a famous wise man. He may find your memory back.|;The Red Feather in your memory, makes you confuse and headache. Mr. Hyun-Choong told you that the Red Feather represents the general, Gwa-bo and asked you to meet Mr. Jin-Haeryang who's the friend of the general, Gwa-bo. Mr. Jin-Haeryang is at Temporary Fort of Geum-Ohee Castle.|;Mr. Jin-Haeryang looks so busy and doesn't care about you. But Mr. Jin-Haeryang asks you a favor to collect 100 spirits in the talismans. Collect 100 spirits by using the talismans in the keg.|226:100",bango-file,questlist.dat,36
9006,,30,[Event] Evil Mind of Ban-go,,,"1. Mr. Jin-Haeryang asks you to see the Jae-Ga who's the chief soldier of Temporary Fort of Geum-Ohee Castle. But you're so tired. Rest your self while you're listening to the people.
2. Jae-Ga tells you about the plan to attack the demons of Geum-Ohee Castle. But they don't have enough information. Collect the information and give the information to Jae-Ga. Behead all the Devil Soldiers' heads around Geum-Ohee Castle.
3. You get confuse and headache again. It seems that your past must be related with Ban-go. Help Jae-Ga and fight with the Devil Soldiers in Geum-Ohee Castle. Behead the Devil Monsters' heads for raising the morale.
4. Jae-Ga troop succeeded the surprise attack but failed to get the Geum-Ohee Castle back. The tomb stone and the distorted space are found in the center of the Geum-Ohee Castle and the enemies are coming from there.[Next Event is updated. Go back to Jae-Ga again.]",Exp 120788,,,,120788,0,0,9005,"Mr. Jin-Haeryang asks you to see the Jae-Ga who's the chief soldier of Temporary Fort of Geum-Ohee Castle. But you're so tired. Rest your self while you're listening to the people.|234:1,235:1,236:1;Jae-Ga tells you about the plan to attack the demons of Geum-Ohee Castle. But they don't have enough information. Collect the information and give the information to Jae-Ga. Behead all the Devil Soldiers' heads around Geum-Ohee Castle.|227:1,228:1,229:1,230:1,231:1;You get confuse and headache again. It seems that your past must be related with Ban-go. Help Jae-Ga and fight with the Devil Soldiers in Geum-Ohee Castle. Behead the Devil Monsters' heads for raising the morale.|232:1,233:1;Jae-Ga troop succeeded the surprise attack but failed to get the Geum-Ohee Castle back. The tomb stone and the distorted space are found in the center of the Geum-Ohee Castle and the enemies are coming from there.[Next Event is updated. Go back to Jae-Ga again.]|",bango-file,questlist.dat,37
28,,31,Hunting Ghost,,,1. Eliminate the Ghost of Young Man who attacks people and get the Heung-Pae's Necklace of Wolf's Tooth back for Heung-Pae in Temporary Fort of Geum-Ohee Castle.,Exp 35000; Contribution 1,,,,35000,1,0,,Eliminate the Ghost of Young Man who attacks people and get the Heung-Pae's Necklace of Wolf's Tooth back for Heung-Pae in Temporary Fort of Geum-Ohee Castle.|209:1,bango-file,questlist.dat,38
29,,32,Bead of Ghost,,,"1. The Chief Guard, Duk-Yoon asked you to purify the Bead of Ghost containing Ghost of Young Woman. Purify 10 Beads of Ghosts and bring them to Duk-Yoon in Temporary Fort of Geum-Ohee Castle.",Exp 42000; Contribution 1,,,,42000,1,0,,"The Chief Guard, Duk-Yoon asked you to purify the Bead of Ghost containing Ghost of Young Woman. Purify 10 Beads of Ghosts and bring them to Duk-Yoon in Temporary Fort of Geum-Ohee Castle.|210:10,217:1",bango-file,questlist.dat,39
24,,33,Helping Yang-Do,,,"1. The guard, Yang-Do wants to get a secret letter from the Demon commander for distinguishing credits. Get a secret letter from the Demon commander and give it to Yang-Do.",Exp 47000; Skill Point 2,,,,47000,0,2,20,"The guard, Yang-Do wants to get a secret letter from the Demon commander for distinguishing credits. Get a secret letter from the Demon commander and give it to Yang-Do.|141:1",bango-file,questlist.dat,40
30,,34,Ghost of Blacksmith,,,"1. Purify 10 Beads of Blacksmithes and bring them to the Guard, Soo-Go in Temporary Fort of Geum-Ohee Castle.",Exp 62000; Contribution 1,,,,62000,1,0,,"Purify 10 Beads of Blacksmithes and bring them to the Guard, Soo-Go in Temporary Fort of Geum-Ohee Castle.|211:10",bango-file,questlist.dat,41
31,,35,Ghost of Friends,,,"1. Purify the 10 Beads of Ghosts of Guards and bring them to the Guard, Dan-Bok in Temporary Fort of Geum-Ohee Castle.",Exp 76000; Contribution 1,,,,76000,1,0,,"Purify the 10 Beads of Ghosts of Guards and bring them to the Guard, Dan-Bok in Temporary Fort of Geum-Ohee Castle.|212:10",bango-file,questlist.dat,42
25,,36,Joong-Gwon's Disease,,,1. Joong-Gwon became deaf because he was frightened when he saw the Demon Water Dragon. He may be cured if he get the Demon Water Dragon Commander's skin. Please get the Demon Water Dragon Commander's skin and give it to Gwee-Sik in Guem-Oh Mine.,Exp 79000; Contribution 1,,,,79000,1,0,15,Joong-Gwon became deaf because he was frightened when he saw the Demon Water Dragon. He may be cured if he get the Demon Water Dragon Commander's skin. Please get the Demon Water Dragon Commander's skin and give it to Gwee-Sik in Guem-Oh Mine.|168:1,bango-file,questlist.dat,43
32,,37,Undetected Ghost,,,"1. Purify the Ghost of Fellow Traveler to the Other World and bring 10 of them to the guard, Ga-Gee in Temporary Fort of Geum-Ohee Castle.",Exp 80000; Contribution 1,,,,80000,1,0,,"Purify the Ghost of Fellow Traveler to the Other World and bring 10 of them to the guard, Ga-Gee in Temporary Fort of Geum-Ohee Castle.|213:10",bango-file,questlist.dat,44
33,,38,Dilemma of Jae-Ga Troop's Scouts,,,1. Purify the Sealed Ghost Troop who attacks Jae-Ga Troop's Scouts and collect 10 Beads and bring them to Fort Guard [Soo-Sung] in Temporary Fort of Geum-Ohee Castle.,Exp 90000; Skill Point 1,,,,90000,0,1,,Purify the Sealed Ghost Troop who attacks Jae-Ga Troop's Scouts and collect 10 Beads and bring them to Fort Guard [Soo-Sung] in Temporary Fort of Geum-Ohee Castle.|214:10,bango-file,questlist.dat,45
34,,39,Devil Soldier with Bow,,,1. Collect 10 bows from the Devil Soldier Bow and bring them to Soldier from Troop of Jae-Ga [Yoo-Sang].,Exp 100000; Contribution 1,,,,100000,1,0,,Collect 10 bows from the Devil Soldier Bow and bring them to Soldier from Troop of Jae-Ga [Yoo-Sang].|215:10,bango-file,questlist.dat,46
35,,40,Lim-Gang's Favor,,,1. Collect 10 Devil Soldier's Spears from the Devil Soldier Spear and bring them to Lim-Gang in Temporary Fort of Geum-Ohee Castle.,Exp 110000; Contribution 1,,,,110000,1,0,,Collect 10 Devil Soldier's Spears from the Devil Soldier Spear and bring them to Lim-Gang in Temporary Fort of Geum-Ohee Castle.|216:10,bango-file,questlist.dat,47
9007,,40,[Event] Green of Doggebi Forest,,,1. Eliminate the Devil Troops that are absorbing the green. Get the Green Crystal of Doggebi Forest and give it to Jae-Ga.,,,,,0,0,0,9006,Eliminate the Devil Troops that are absorbing the green. Get the Green Crystal of Doggebi Forest and give it to Jae-Ga.|448:1,bango-file,questlist.dat,48
36,,41,Dutiful Son and His Father,,,"1. To-Woo worries about his son, Hyun-Woong. To-Woo has a disease and he can't look around for his son. Look for his son for To-Woo.
2. Hyun-Woong was killed when he seek the mountain for his father's medicine. But he still worries about his father though he has turned into a ghost. It was him who has been brought the medicine and meats to his father. However one day, the demons stole his meats and medicines. Bring the demon's head to Hyun-Woong. It is wandering around the abandoned fort.
3. Hyun-Woong doesn't want his father to know about his death. He just wants his father think that he travels around the world. Go to tell the father about Hyun-Woong.",Exp 233650,,,,233650,0,0,,"To-Woo worries about his son, Hyun-Woong. To-Woo has a disease and he can't look around for his son. Look for his son for To-Woo.|;Hyun-Woong was killed when he seek the mountain for his father's medicine. But he still worries about his father though he has turned into a ghost. It was him who has been brought the medicine and meats to his father. However one day, the demons stole his meats and medicines. Bring the demon's head to Hyun-Woong. It is wandering around the abandoned fort.|335:1;Hyun-Woong doesn't want his father to know about his death. He just wants his father think that he travels around the world. Go to tell the father about Hyun-Woong.|",bango-file,questlist.dat,49
39,,41,Eliminating Devil Troop of Pain,,,1. Bring 100 Devil Troop of Pain's Masks to Woo-Joong in Temporary Fort of Geum-Ohee Castle. The Devil Troop of Pain is in the Forest of Statues.,Exp 194790,,,,194790,0,0,,Bring 100 Devil Troop of Pain's Masks to Woo-Joong in Temporary Fort of Geum-Ohee Castle. The Devil Troop of Pain is in the Forest of Statues.|346:100,bango-file,questlist.dat,50
38,,42,"Favor of Gi-Jung, the Chief of the Volunteer Army of Justice",,,"1. The man who introduced himself as the chief of the Volunteer Army of Justice asks you for a help. He want you to investigate Hong-Joon. First, find Hawoo-Go the devoted retainer of Hong-Joon. Hawoo-Go is in the Village of Narootuh.
2. Hawoo-Go is forced to say that he gave Hong-Joon's secret letter to Ma-Yong. It was correct that Hong-Joon is holding the power of the market. I just took the Hong-Joon's secret letter. Please get this to Ma-Yong. And find the transaction of trading between Hong-Joon and Ma-Yong. Ma-Yong is at Guem-Oh Mine.
3. Because Ma-Yong thinks you're the secret messenger of Hong-Joon, Ma-Yong give you the feedback for the secret letter. Now it's been cleared that Hong-Joon gave the money Ma-Yong for monopoly of market. Inform this fact to Gi-Jung, the chief of the Volunteer Army of Justice.
4. When you met Gi-Jung, Gi-Jung tells you that Ma-Yong and Hong-Joon found out relationship between you and Gi-Jung. And they sent 5 assassins to Gi-Jung. Now, find the assassins and bring their heads to Gi-Jung.",Exp 140708,,,,140708,0,0,,"The man who introduced himself as the chief of the Volunteer Army of Justice asks you for a help. He want you to investigate Hong-Joon. First, find Hawoo-Go the devoted retainer of Hong-Joon. Hawoo-Go is in the Village of Narootuh.|;Hawoo-Go is forced to say that he gave Hong-Joon's secret letter to Ma-Yong. It was correct that Hong-Joon is holding the power of the market. I just took the Hong-Joon's secret letter. Please get this to Ma-Yong. And find the transaction of trading between Hong-Joon and Ma-Yong. Ma-Yong is at Guem-Oh Mine.|340:1;Because Ma-Yong thinks you're the secret messenger of Hong-Joon, Ma-Yong give you the feedback for the secret letter. Now it's been cleared that Hong-Joon gave the money Ma-Yong for monopoly of market. Inform this fact to Gi-Jung, the chief of the Volunteer Army of Justice.|;When you met Gi-Jung, Gi-Jung tells you that Ma-Yong and Hong-Joon found out relationship between you and Gi-Jung. And they sent 5 assassins to Gi-Jung. Now, find the assassins and bring their heads to Gi-Jung.|341:1,342:1,343:1,344:1,345:1",bango-file,questlist.dat,51
40,,42,Eliminating Devil Troop of Greed,,,1. Bring 100 Devil Troop of Greed's Masks to Joa-Ill in Temporary Fort of Geum-Ohee Castle. The Devil Troop of Greed is in the Forest of Statues.,Exp 234514,,,,234514,0,0,,Bring 100 Devil Troop of Greed's Masks to Joa-Ill in Temporary Fort of Geum-Ohee Castle. The Devil Troop of Greed is in the Forest of Statues.|347:100,bango-file,questlist.dat,52
41,,43,Eliminating Devil Troop of Jealousy,,,1. Bring 100 Devil Troop of Jealousy's Masks to Geun-Pyung in Temporary Fort of Geum-Ohee Castle. The Devil Troop of Jealousy is in the Forest of Statues.,Exp 282326,,,,282326,0,0,,Bring 100 Devil Troop of Jealousy's Masks to Geun-Pyung in Temporary Fort of Geum-Ohee Castle. The Devil Troop of Jealousy is in the Forest of Statues.|348:100,bango-file,questlist.dat,53
45,,43,Seoung-Gill Who is Wandering the World,,,"1. First, go to the villagers and say he's not the murderer, and meet the Yong-Chun's friend, Ma-Gill in Temporary Fort of Geum-Ohee Castle. But Ma-Gill believes that Seoung-Gill killed Yong-Chun.
2. Ma-Gill didn't listen to you and he just yelled at you. Talk to Seoung-Gill about the situation.
3. Seoung-Gill got disheartened as he couldn't clear his dishonor. But he let you know some pieces of information about the real murderer. The murderer must be around the South Beach of Guem-Ohee Castle.
4. You brought Yong-Chun's head skin and the secret letter to Seoung-Gill. Surprisingly the name of Ma-Gill is on the letter. Ma-Gill loved Yong-Chun's wife and finally he asked an assassin to kill Yong-Chun. Tell all these stories to Seung-Gill. And go back to Ma-Gill.
5. Ma-Gill decided to confess what he had done. Go back to Seung-Gill again and tell him about it.
6. You brought Yong-Chun's head skin to Seoung-Gill. Show this to Ma-Gill in Temporary Fort of Geum-Ohee Castle.
7. Ma-Gill found out who the real murderer was, and he apologized to Seung-Gill. Seung-Gill must want to hear about this news and will be delighted.",Exp 338790,,,,338790,0,0,,"First, go to the villagers and say he's not the murderer, and meet the Yong-Chun's friend, Ma-Gill in Temporary Fort of Geum-Ohee Castle. But Ma-Gill believes that Seoung-Gill killed Yong-Chun.|;Ma-Gill didn't listen to you and he just yelled at you. Talk to Seoung-Gill about the situation.|;Seoung-Gill got disheartened as he couldn't clear his dishonor. But he let you know some pieces of information about the real murderer. The murderer must be around the South Beach of Guem-Ohee Castle.|357:1,358:1;You brought Yong-Chun's head skin and the secret letter to Seoung-Gill. Surprisingly the name of Ma-Gill is on the letter. Ma-Gill loved Yong-Chun's wife and finally he asked an assassin to kill Yong-Chun. Tell all these stories to Seung-Gill. And go back to Ma-Gill.|357:1,358:1;Ma-Gill decided to confess what he had done. Go back to Seung-Gill again and tell him about it.|;You brought Yong-Chun's head skin to Seoung-Gill. Show this to Ma-Gill in Temporary Fort of Geum-Ohee Castle.|;Ma-Gill found out who the real murderer was, and he apologized to Seung-Gill. Seung-Gill must want to hear about this news and will be delighted.|",bango-file,questlist.dat,54
42,,44,Eliminating Devil Troop of Hatred,,,1. Bring 100 Devil Troop of Hatred's Masks to Dan-Joong in Temporary Fort of Geum-Ohee Castle. The Devil Troop of Hatred is in the Forest of Statues.,Exp 339750,,,,339750,0,0,,Bring 100 Devil Troop of Hatred's Masks to Dan-Joong in Temporary Fort of Geum-Ohee Castle. The Devil Troop of Hatred is in the Forest of Statues.|349:100,bango-file,questlist.dat,55
46,,44,Escape of Hak-Goo,,,1. Devil Troop of Hatred took Hak-Goo's rope away. Help Hak-Goo out. He's so afraid.,Exp 203850,,,,203850,0,0,,Devil Troop of Hatred took Hak-Goo's rope away. Help Hak-Goo out. He's so afraid.|359:1,bango-file,questlist.dat,56
9008,,44,[Event] Angry Doggebi Troop,,,"1. Jae-Ga tells you that the Doggebi Master needs your help. According to Jae-Ga, Doggebi Master won't harm you. He's at the Forsaken Fort which in the Forest of Statues. Meet the Master Doggebi.
2. Master Doggebi tells that Doggebis are turned bad by the Angry Doggebi Troop. They must be purified. Take the Spirit of Doggebi of Monster Face, the Spirit of Doggebi with a Gong, Spirit of Drunken Doggebi, Spirit of Doggebi with a Mask of Black Crow, Spirit of Doggebi with a Mask of Black Panther, Spirit of Giant Doggebi, and Spirit of Guardian of Doggebi to the Master Doggebi.
3. For stopping the Angry Doggebi Troop's action, the chief of the Angry Doggebi Troop must be eliminated. The chief of Troop of Angry Doggebi give up the eternal life for obtaining the strong power. Bring his dead body to the Master Doggebi. He's near by the pavilion in the south  beach of the Forest of Statues.",Exp 373725,,,,373725,0,0,9007,"Jae-Ga tells you that the Doggebi Master needs your help. According to Jae-Ga, Doggebi Master won't harm you. He's at the Forsaken Fort which in the Forest of Statues. Meet the Master Doggebi.|;Master Doggebi tells that Doggebis are turned bad by the Angry Doggebi Troop. They must be purified. Take the Spirit of Doggebi of Monster Face, the Spirit of Doggebi with a Gong, Spirit of Drunken Doggebi, Spirit of Doggebi with a Mask of Black Crow, Spirit of Doggebi with a Mask of Black Panther, Spirit of Giant Doggebi, and Spirit of Guardian of Doggebi to the Master Doggebi.|449:1,450:1,451:1,452:1,453:1,454:1,455:1;For stopping the Angry Doggebi Troop's action, the chief of the Angry Doggebi Troop must be eliminated. The chief of Troop of Angry Doggebi give up the eternal life for obtaining the strong power. Bring his dead body to the Master Doggebi. He's near by the pavilion in the south  beach of the Forest of Statues.|456:1",bango-file,questlist.dat,57
43,,45,Eliminating Devil Troop of Madness,,,1. Bring 100 Devil Troop of Madness's Masks to Choi-Choong in Temporary Fort of Geum-Ohee Castle. The Devil Troop of Madness is in the Forest of Statues.,Exp 408708,,,,408708,0,0,,Bring 100 Devil Troop of Madness's Masks to Choi-Choong in Temporary Fort of Geum-Ohee Castle. The Devil Troop of Madness is in the Forest of Statues.|350:100,bango-file,questlist.dat,58
44,,45,A Favor of the Doggebi Who Wants To Be a Friend with Humans,,,"1. The Doggebi said that the Devil Troop of Anger took the doll away. Please take the doll back from Devil Troop of Anger and bring it to the Doggebi.
2. The Doggebi is so sad that the doll is broken. Meet the doll craftsman of Gill-Jun for the Doggebi. He may fix the doll.
3. The doll fixed by Gill-Jun now looks good. The Doggebi will like it. Give the doll back to the Doggebi.",Exp 245225,,,,245225,0,0,,The Doggebi said that the Devil Troop of Anger took the doll away. Please take the doll back from Devil Troop of Anger and bring it to the Doggebi.|355:1;The Doggebi is so sad that the doll is broken. Meet the doll craftsman of Gill-Jun for the Doggebi. He may fix the doll.|355:1;The doll fixed by Gill-Jun now looks good. The Doggebi will like it. Give the doll back to the Doggebi.|356:1,bango-file,questlist.dat,59
47,,46,The Limper's Favor,,,"1. Hunt the Doggebi with Monster Face and get the Broom and 5 bottles of Blood of Big Handed. And then, bring them to the Limper.",Exp 491510; Contribution 1,,,,491510,1,0,,"Hunt the Doggebi with Monster Face and get the Broom and 5 bottles of Blood of Big Handed. And then, bring them to the Limper.|387:5,389:1",bango-file,questlist.dat,60
48,,47,The Blind Man's Favor,,,"1. Hunt the Doggebi with a Gong and collect the Broom and 5 bottles of Blood of Big Handed. And then, bring them to the blind man.",Exp 590926; Contribution 1,,,,590926,1,0,,"Hunt the Doggebi with a Gong and collect the Broom and 5 bottles of Blood of Big Handed. And then, bring them to the blind man.|387:5,390:1",bango-file,questlist.dat,61
49,,48,The Coward,,,"1. Hunt the Drunken Doggebi and collect the Broom and 5 bottles of Blood of Big Handed. And then, give them to the coward.",Exp 710280; Contribution 1,,,,710280,1,0,,"Hunt the Drunken Doggebi and collect the Broom and 5 bottles of Blood of Big Handed. And then, give them to the coward.|387:5,391:1",bango-file,questlist.dat,62
50,,49,The Hunchback's Favor,,,"1. Hunt the Doggebi with a Mask of Black Crow and collect the Broom and 5 bottles of Blood of Big Handed. And then, give them to the hunchback.",Exp 853562; Contribution 1,,,,853562,1,0,,"Hunt the Doggebi with a Mask of Black Crow and collect the Broom and 5 bottles of Blood of Big Handed. And then, give them to the hunchback.|387:5,392:1",bango-file,questlist.dat,63
51,,50,The Deaf Man's Favor,,,"1. Hunt the Doggebi with a Mask of Black Panther and collect the Broom and 5 bottles of Blood of Big Handed. And then, give them to the deaf man.",Exp 1025563; Contribution 1,,,,1025563,1,0,,"Hunt the Doggebi with a Mask of Black Panther and collect the Broom and 5 bottles of Blood of Big Handed. And then, give them to the deaf man.|387:5,393:1",bango-file,questlist.dat,64
9009,,50,[Event] New Government Position!,,,"1. Return to Jae-Ga and report your missions from the Master Doggebi. Jae-Ga will give you a new government position but you must be level 50 or above.
2. You got the new government position and ready for a new journey. But you need a rest before that. Get ready for the next journey while you're resting. [Next Event : Lv 70]
3. You got the new government position and ready for a new journey. But you need a rest before that. Get ready for the next journey while you're resting.",,,,,0,0,0,9008,Return to Jae-Ga and report your missions from the Master Doggebi. Jae-Ga will give you a new government position but you must be level 50 or above.|;You got the new government position and ready for a new journey. But you need a rest before that. Get ready for the next journey while you're resting. [Next Event : Lv 70]|;You got the new government position and ready for a new journey. But you need a rest before that. Get ready for the next journey while you're resting.|,bango-file,questlist.dat,65
52,,51,One-Armed Man's Favor,,,"1. Hunt the Giant Doggebis and collect the Broom and 5 bottles of Blood of Blood of Big Handed. And then, give them to the one-armed man.",Exp 1232024; Contribution 1,,,,1232024,1,0,,"Hunt the Giant Doggebis and collect the Broom and 5 bottles of Blood of Blood of Big Handed. And then, give them to the one-armed man.|387:5,394:1",bango-file,questlist.dat,66
53,,52,Legend of the Oh-Do Canyon Bridge,,,"1. Hunt the Guardian Doggebi and collect the Stone and 5 bottles of Blood of Water Dragon. And then, bring them to the manager near Oh-Do bridge.",Exp 1479838; Contribution 1,,,,1479838,1,0,,"Hunt the Guardian Doggebi and collect the Stone and 5 bottles of Blood of Water Dragon. And then, bring them to the manager near Oh-Do bridge.|388:5,395:1",bango-file,questlist.dat,67
58,,53,The Dead People Around The Tomb(1),,,"1. Ja-Sang in Temporary Fort of Geum-Ohee Castle got a report about the Spirits of The Royal Tomb. Something is happening in the Royal Tomb, located southwest from The Pub of the Giant Bird. Meet the Tomb manager and find out what's happening in the Tomb.
2. Gang-Man's job is to take care of the Royal Tomb but he escaped from the Tomb when the Spirits came out from the Tomb. He must seal them and return back to the Tomb. Help him to collect 5 Skeleton Warrior with Sword's Head.",Exp 1777279; Contribution 1,,,,1777279,1,0,,"Ja-Sang in Temporary Fort of Geum-Ohee Castle got a report about the Spirits of The Royal Tomb. Something is happening in the Royal Tomb, located southwest from The Pub of the Giant Bird. Meet the Tomb manager and find out what's happening in the Tomb.|;Gang-Man's job is to take care of the Royal Tomb but he escaped from the Tomb when the Spirits came out from the Tomb. He must seal them and return back to the Tomb. Help him to collect 5 Skeleton Warrior with Sword's Head.|432:5",bango-file,questlist.dat,68
59,,54,The Dead People Around The Tomb(2),,,1. The Skeleton Warriors with the Spears were the best fighters before they died. They keep the Tomb even after they died. Seal them and collect the 5 Ribs for Gang-Man.,Exp 2134273; Contribution 1,,,,2134273,1,0,58,The Skeleton Warriors with the Spears were the best fighters before they died. They keep the Tomb even after they died. Seal them and collect the 5 Ribs for Gang-Man.|433:5,bango-file,questlist.dat,69
60,,55,The Dead People Around The Tomb(3),,,"1. It's the tradition that when the King died, he's buried with the ministers alive because people believe that the ministers can support the king in the other world. The ministers' spirits are in the books they wear on their heads. Eliminate them and collect 5 books to Gang-Man.",Exp 2562731; Contribution 1,,,,2562731,1,0,59,"It's the tradition that when the King died, he's buried with the ministers alive because people believe that the ministers can support the king in the other world. The ministers' spirits are in the books they wear on their heads. Eliminate them and collect 5 books to Gang-Man.|434:5",bango-file,questlist.dat,70
61,,56,The Dead People Around The Tomb(4),,,"1. It's the tradition that when the King died, he's buried with the maid alive because people believe that the maids can support the king in the other world. The maids' spirits are in the lutes. Eliminate them and collect 5 lutes to Gang-Man.",Exp 3076950; Contribution 1,,,,3076950,1,0,60,"It's the tradition that when the King died, he's buried with the maid alive because people believe that the maids can support the king in the other world. The maids' spirits are in the lutes. Eliminate them and collect 5 lutes to Gang-Man.|435:5",bango-file,questlist.dat,71
62,,57,The Dead People Around The Tomb(5),,,"1. It's the tradition that when the King died, he's buried with the Tomb Keepers alive because it represents that the king has the power. The spirits of the keepers are in their swords. Collect 5 of their swords to Gang-Man.",Exp 3694082; Contribution 1,,,,3694082,1,0,61,"It's the tradition that when the King died, he's buried with the Tomb Keepers alive because it represents that the king has the power. The spirits of the keepers are in their swords. Collect 5 of their swords to Gang-Man.|436:5",bango-file,questlist.dat,72
63,,58,The Dead People Around The Tomb(6),,,"1. It's the tradition that when the King died, he's buried with the Tomb Keepers alive because it represents that the king has the power. The spirits of the keepers are in their shields. Collect 5 of their shields to Gang-Man.",Exp 4434711; Contribution 1,,,,4434711,1,0,62,"It's the tradition that when the King died, he's buried with the Tomb Keepers alive because it represents that the king has the power. The spirits of the keepers are in their shields. Collect 5 of their shields to Gang-Man.|437:5",bango-file,questlist.dat,73
64,,59,The Dead People Around The Tomb(7),,,"1. It's the tradition that when the King died, he's buried with the Tomb Keepers alive because it represents that the king has the power. The spirits of the keepers are in their spears. Collect 5 of their spears to Gang-Man.",Exp 5323540; Contribution 1,,,,5323540,1,0,63,"It's the tradition that when the King died, he's buried with the Tomb Keepers alive because it represents that the king has the power. The spirits of the keepers are in their spears. Collect 5 of their spears to Gang-Man.|438:5",bango-file,questlist.dat,74
65,,60,The Dead People Around The Tomb(8),,,"1. It's the tradition that when the King died, he's buried with the Tomb Keepers alive because it represents that the king has the power. The spirits of the keepers are in their iron hammers. Collect 5 of their iron hammers to Gang-Man.",Exp 6390210; Contribution 1,,,,6390210,1,0,64,"It's the tradition that when the King died, he's buried with the Tomb Keepers alive because it represents that the king has the power. The spirits of the keepers are in their iron hammers. Collect 5 of their iron hammers to Gang-Man.|439:5",bango-file,questlist.dat,75
9010,,70,[Event] Gateway to success,,,"1. Go to City of Priest and find high priest Sur An and give him Jae Ga's recommendation letter.
2. Find the elements from low level elemental spirits in the forest. There are 5 kinds of elements: elements of fire, water, wood, iron, and earth. Gather 20 of them each.
3. Go to the altar in the Forrest of Elements. Purify the elements of fire, water, wood, iron, and earth to get purified elements.
4. Collect the materials that is required. They are the 'Necklace of Evil' of the Chief of the Traitor's Hangout, second one is the 'Lord's Jaw' from the Lord of Shadow Troop's head, third one is the 'Monster's Right Arm' from the Demon Monster, and the last one is the 'Sword of the Chief Defender' which the Demon Defender uses.
5. Get the 'Complete E-moogy's Scale' from the Thousand Year Old E-moogy in the E-mok Island, and the 'Horn of Doggebi Lord' from the Doggebi Lord's forehead.",,,,,0,0,0,9008,"Go to City of Priest and find high priest Sur An and give him Jae Ga's recommendation letter.|1471:1;Find the elements from low level elemental spirits in the forest. There are 5 kinds of elements: elements of fire, water, wood, iron, and earth. Gather 20 of them each.|1461:20,1462:20,1463:20,1464:20,1465:20;Go to the altar in the Forrest of Elements. Purify the elements of fire, water, wood, iron, and earth to get purified elements.|1466:1,1467:1,1468:1,1469:1,1470:1;Collect the materials that is required. They are the 'Necklace of Evil' of the Chief of the Traitor's Hangout, second one is the 'Lord's Jaw' from the Lord of Shadow Troop's head, third one is the 'Monster's Right Arm' from the Demon Monster, and the last one is the 'Sword of the Chief Defender' which the Demon Defender uses.|1493:1,1494:1,1495:1,1496:1;Get the 'Complete E-moogy's Scale' from the Thousand Year Old E-moogy in the E-mok Island, and the 'Horn of Doggebi Lord' from the Doggebi Lord's forehead.|1497:1,1498:1",bango-file,questlist.dat,76
9011,,70,[Event] Go to the tower of the Priest,,,1. Find 'Il Ja' in the Tower of Priest.,,,,,0,0,0,9010,Find 'Il Ja' in the Tower of Priest.|,bango-file,questlist.dat,77
10001,,70,[Event] Qualification Test: Essence of Elemental,,,"1. You must obtain essences of 5 different Master elementals in the Priest Tower: Fire, Water, Wood, Iron, and Earth. Bring all of them to Il ja. He will teach you how to correct the altered world.",,,,,0,0,0,9011,"You must obtain essences of 5 different Master elementals in the Priest Tower: Fire, Water, Wood, Iron, and Earth. Bring all of them to Il ja. He will teach you how to correct the altered world.|1612:1,1613:1,1614:1,1615:1,1616:1",bango-file,questlist.dat,78
10002,,70,[Event] The Passage Money: Devah's Soul,,,"1. Il ja has asked you to collect 100 Essence of the Undead for a trinket which will enable you to pass through Elia占쏙옙s protective magic square. Please collect the essences as Il ja asked, so you can speak to Elia and learn how to go to Western Regions.",,,,,0,0,0,10001,"Il ja has asked you to collect 100 Essence of the Undead for a trinket which will enable you to pass through Elia占쏙옙s protective magic square. Please collect the essences as Il ja asked, so you can speak to Elia and learn how to go to Western Regions.|1617:100",bango-file,questlist.dat,79
10003,,70,[Event] The Key to the Unknown World,,,"1. Handed the necklace to pass through Elia占쏙옙s magic square, Il ja has encouraged you to ask Elia how to go to Western Regions.",,,,,0,0,0,10002,"Handed the necklace to pass through Elia占쏙옙s magic square, Il ja has encouraged you to ask Elia how to go to Western Regions.|1619:1",bango-file,questlist.dat,80
10005,,70,[Event] Moving Trinket,,,"1. If you hand both an I占쏙옙Lryer's necklace and an I占쏙옙Lryer's ring to Jin-Heun, you can get a Moving Trinket from him.",,,,,0,0,0,10003,"If you hand both an I占쏙옙Lryer's necklace and an I占쏙옙Lryer's ring to Jin-Heun, you can get a Moving Trinket from him.|",bango-file,questlist.dat,81
10006,,70,[Event] Entry into valley of Devah,,,1. Lady Soo-Ryun is waiting for you to get well. Give thanks as soon as you are recovered and reach Lv. 75.,,,,,0,0,0,10005,Lady Soo-Ryun is waiting for you to get well. Give thanks as soon as you are recovered and reach Lv. 75.|,bango-file,questlist.dat,82
66,,75,Demon's attack,,,"1. You have been requested to go and fetch 20 units of the Crazy Demon Worker's Axe, who are located around Cheonji-Yun.",Exp 58485792,,,,58485792,0,0,10009,"You have been requested to go and fetch 20 units of the Crazy Demon Worker's Axe, who are located around Cheonji-Yun.|1693:20",bango-file,questlist.dat,83
70,,75,Yun-Hwa's request,,,1. Yun-Hwa has requested you to hand both the letter and heads of skeleton troops to the explorer located in the northwest.,Exp 58485792,,,,58485792,0,0,10006,"Yun-Hwa has requested you to hand both the letter and heads of skeleton troops to the explorer located in the northwest.|1715:1,1716:50",bango-file,questlist.dat,84
71,,75,Skeleton archers suppression,,,"1. After getting up southwest and putting down skeleton archers, visit Dae-Gil.",Exp 58485792,,,,58485792,0,0,10006,"After getting up southwest and putting down skeleton archers, visit Dae-Gil.|1717:10",bango-file,questlist.dat,85
72,,75,Cloth raise,,,1. Hunting wolves and bring their fur to Dae-Gil.,Exp 58485792,,,,58485792,0,0,71,Hunting wolves and bring their fur to Dae-Gil.|1740:20,bango-file,questlist.dat,86
80,,75,Lost Explorer's request,,,1. Deprive Knolls of water pockets and hand them to the Lost Explorer.,Exp 73107240,,,,73107240,0,0,70,Deprive Knolls of water pockets and hand them to the Lost Explorer.|1736:50,bango-file,questlist.dat,87
10007,,75,[Event] Quality of Mu-Geuk warrior I,,,"1. Lady Soo-Ryun is waiting for you to get well. Give thanks as soon as you are recovered.
2. Lady Soo-Ryun is waiting for you to get well. Give thanks as soon as you are recovered.
3. Lady Soo-Ryun is waiting for you to get well. Give thanks as soon as you are recovered.
4. Destroy all Crazy Demon Worker's catapults.",Exp 41427436,,,,41427436,0,0,10006,Lady Soo-Ryun is waiting for you to get well. Give thanks as soon as you are recovered.|;Lady Soo-Ryun is waiting for you to get well. Give thanks as soon as you are recovered.|;Lady Soo-Ryun is waiting for you to get well. Give thanks as soon as you are recovered.|;Destroy all Crazy Demon Worker's catapults.|1692:10,bango-file,questlist.dat,88
10009,,75,[Event] Quality of Mu-Geuk warrior II,,,"1. Elder Beom-Soo is looking for you. Elder Beon-Soo stays at east of the village, Munseongjeong. Meet him.
2. Elder Beom-Soo asked you to go to Demon's camp at Chunji-Yun's northeast end and retrieve Sealed Stone with Village Headman's Spirit and bring it to Beom-Soo. Find the Sealed Stone and bring it to Beom-Soo.",Exp 41427436,,,,41427436,0,0,10007,"Elder Beom-Soo is looking for you. Elder Beon-Soo stays at east of the village, Munseongjeong. Meet him.|;Elder Beom-Soo asked you to go to Demon's camp at Chunji-Yun's northeast end and retrieve Sealed Stone with Village Headman's Spirit and bring it to Beom-Soo. Find the Sealed Stone and bring it to Beom-Soo.|1694:1",bango-file,questlist.dat,89
67,,76,Medicines collection I,,,1. Soo-Ryun has requested you to bring 10 units of Poppy out of demons. The demons include Crazy Demon Workers and Degenarated Twisted Demons.,Exp 70183730,,,,70183730,0,0,66,Soo-Ryun has requested you to bring 10 units of Poppy out of demons. The demons include Crazy Demon Workers and Degenarated Twisted Demons.|1712:10,bango-file,questlist.dat,90
68,,76,Hunting competition open,,,1. A certain reward will be given to the winner. Finish hunting Wolfs and visit Soo-Ryun.,Exp 70183730,,,,70183730,0,0,67,A certain reward will be given to the winner. Finish hunting Wolfs and visit Soo-Ryun.|,bango-file,questlist.dat,91
74,,76,Scorpion wipe,,,1. Go to wipe the scorpions out and visit Yun-Hwa.,Exp 70183730,,,,70183730,0,0,70,Go to wipe the scorpions out and visit Yun-Hwa.|,bango-file,questlist.dat,92
77,,76,Precious recovery,,,"1. Get in the hangout of Goblins and bring back Green Bead, Ancestor's Treasure Sword and Prephetic Book that Goblins stole. It can be obtained from Goblins' and Goblin Conjurators'.",Exp 70183730; Skill Point 1,,,,70183730,0,1,72,"Get in the hangout of Goblins and bring back Green Bead, Ancestor's Treasure Sword and Prephetic Book that Goblins stole. It can be obtained from Goblins' and Goblin Conjurators'.|1733:1,1734:1,1735:1",bango-file,questlist.dat,93
78,,76,Bear wipe operation,,,"1. Wipe out the Brown Bears which kills villagers' livestock, and visit Dae-Gil.",Exp 70183730,,,,70183730,0,0,77,"Wipe out the Brown Bears which kills villagers' livestock, and visit Dae-Gil.|1737:30",bango-file,questlist.dat,94
20017,,76,[Event] Quality of the Mu-Geuk Warrior: First Test,,,"1. Hunt the wolves, collect their Fur and bring it back to Soo-Ryun.",Exp 58486442,,,,58486442,0,0,10009,"Hunt the wolves, collect their Fur and bring it back to Soo-Ryun.|1740:100",bango-file,questlist.dat,95
69,,77,Letter recovery,,,1. Bring the lost Soo-Ryun's letter back to Soo-Ryun.,Exp 84222881,,,,84222881,0,0,68,Bring the lost Soo-Ryun's letter back to Soo-Ryun.|1714:1,bango-file,questlist.dat,96
73,,77,Degenerated Twisted Demon wipe,,,"1. By wiping demons out, you should carry out the villagers' desire.",Exp 84222881,,,,84222881,0,0,69,"By wiping demons out, you should carry out the villagers' desire.|1739:20",bango-file,questlist.dat,97
75,,77,Medicines collection II,,,1. Bring scorpion's poison and bear's gall to Yun-Hwa.,Exp 84222881,,,,84222881,0,0,74,"Bring scorpion's poison and bear's gall to Yun-Hwa.|1729:5,1730:5",bango-file,questlist.dat,98
79,,77,Guard of D'evah,,,1. Dae-Gil has requested you to beat Guard of D'evah down. Beat them down and visit Dea-Gil.,Exp 84222881; Skill Point 1,,,,84222881,0,1,78,Dae-Gil has requested you to beat Guard of D'evah down. Beat them down and visit Dea-Gil.|,bango-file,questlist.dat,99
91,,77,Wild Boar's horn,,,1. Dae-Gil would be pleased if you bring Wild Boar's horns back to him.,Exp 84222881,,,,84222881,0,0,79,Dae-Gil would be pleased if you bring Wild Boar's horns back to him.|1783:50,bango-file,questlist.dat,100
20018,,77,[Event] Quality of the Mu-Geuk Warrior: Second Test,,,1. Hunt the Wild Boars and collect their fur. Bring it back to Soo-Ryun.,Exp 35092867,,,,35092867,0,0,20017,Hunt the Wild Boars and collect their fur. Bring it back to Soo-Ryun.|2647:100,bango-file,questlist.dat,101
76,,78,Goblin's attack,,,1. Soo-Ryun has requested you to bring the Goblin's strategy book to her. Bring it to Soo-Ryun. It can be obtained from Goblins' and Goblin Conjurators'.,Exp 96858680,,,,96858680,0,0,73,Soo-Ryun has requested you to bring the Goblin's strategy book to her. Bring it to Soo-Ryun. It can be obtained from Goblins' and Goblin Conjurators'.|1732:1,bango-file,questlist.dat,102
81,,78,Deciphering,,,1. Get in Goblins' hangout and bring Goblin's Decoder to Soo-Ryun. It can be obtained from Goblins' and Goblin Conjurators'.,Exp 96858680,,,,96858680,0,0,76,Get in Goblins' hangout and bring Goblin's Decoder to Soo-Ryun. It can be obtained from Goblins' and Goblin Conjurators'.|1772:1,bango-file,questlist.dat,103
86,,78,Participating in a competition,,,1. Go out toward Barren Soil and find out a Wolf Commander.,Exp 96858680,,,,96858680,0,0,75,Go out toward Barren Soil and find out a Wolf Commander.|1775:1,bango-file,questlist.dat,104
92,,78,Dae-Gil's anxiety,,,1. Obtain Degenarated Twisted Demon' jaws and visit Dae-Gil.,Exp 96858680,,,,96858680,0,0,91,Obtain Degenarated Twisted Demon' jaws and visit Dae-Gil.|2646:80,bango-file,questlist.dat,105
93,,78,The end of Demon tribe,,,1. Bring the outcome of experiment to Dae-Gil.,Exp 96858680,,,,96858680,0,0,92,"Bring the outcome of experiment to Dae-Gil.|1785:1,1786:50",bango-file,questlist.dat,106
20019,,78,[Event] Quality of the Mu-Geuk Warrior: Third Test,,,1. Talk to Elder Beom-Soo.,Exp 8422493,,,,8422493,0,0,20018,Talk to Elder Beom-Soo.|,bango-file,questlist.dat,107
20020,,78,[Event] Quality of the Mu-Geuk Warrior: Final Test,,,1. Galls can be collected by hunting the Bears. Bring them back to Beom-Soo.,Exp 33689975,,,,33689975,0,0,20019,Galls can be collected by hunting the Bears. Bring them back to Beom-Soo.|1730:10,bango-file,questlist.dat,108
82,,79,Block up Goblins' information interchange,,,1. Steal away Goblin's pocket and bring it to Soo-Ryun. It can be obtained from Goblins' and Goblin Conjurators'.,Exp 120887556,,,,120887556,0,0,81,Steal away Goblin's pocket and bring it to Soo-Ryun. It can be obtained from Goblins' and Goblin Conjurators'.|1795:10,bango-file,questlist.dat,109
83,,79,Source of Demons' power,,,"1. After finding out and destroying all stones, go back to Soo-Ryun.",Exp 120887556,,,,120887556,0,0,82,"After finding out and destroying all stones, go back to Soo-Ryun.|",bango-file,questlist.dat,110
87,,79,Making a complete suit of armor,,,1. Yun-Hwa has requested you to make a complete 10 suits of armor out of Scorpion Shell.,Exp 120887556,,,,120887556,0,0,86,Yun-Hwa has requested you to make a complete 10 suits of armor out of Scorpion Shell.|1776:10,bango-file,questlist.dat,111
88,,79,Restoring soldiers' health,,,"1. After getting 10 pieces of Brown Bear meat and removing its fur, bring them to Yun-Hwa.",Exp 120887556,,,,120887556,0,0,87,"After getting 10 pieces of Brown Bear meat and removing its fur, bring them to Yun-Hwa.|1794:10",bango-file,questlist.dat,112
94,,79,D'evah's suspicious activities,,,1. Bring the secret document to Dae-Gil.,Exp 120887556,,,,120887556,0,0,93,Bring the secret document to Dae-Gil.|1788:50,bango-file,questlist.dat,113
84,,80,Death of the chief of Crazy Demon Workers,,,1. Kill Crazy Demon Worker's Leader and bring his head back to Soo-Ryun.,Exp 145146642,,,,145146642,0,0,83,Kill Crazy Demon Worker's Leader and bring his head back to Soo-Ryun.|1773:1,bango-file,questlist.dat,114
85,,80,Wiping out the remnants of skeletons,,,1. Soo-Ryun has requested you to wipe out the remnants of skeletons with the pack containing skeleton's body ordors.,Exp 145146642,,,,145146642,0,0,84,Soo-Ryun has requested you to wipe out the remnants of skeletons with the pack containing skeleton's body ordors.|,bango-file,questlist.dat,115
89,,80,The Knoll's temporary fort,,,"1. After breaking down the four Knoll's forts and wiping Knolls out, visit Yun-Hwa.",Exp 145146642,,,,145146642,0,0,88,"After breaking down the four Knoll's forts and wiping Knolls out, visit Yun-Hwa.|",bango-file,questlist.dat,116
90,,80,An urgent session,,,"1. Bring the letter to Soo-Ryun and report a letter.
2. Bring the letter to Dae-Gil and report a letter.
3. Bring the letter to Lost Explorer and report a letter.",Exp 84668874,,,,84668874,0,0,89,Bring the letter to Soo-Ryun and report a letter.|;Bring the letter to Dae-Gil and report a letter.|;Bring the letter to Lost Explorer and report a letter.|,bango-file,questlist.dat,117
95,,80,Guard of D'evah's Commander,,,1. Remove Guard of D'evah's Command and visit Dae-Gil.,Exp 145146642,,,,145146642,0,0,94,Remove Guard of D'evah's Command and visit Dae-Gil.|1789:1,bango-file,questlist.dat,118
