icon,source_file,width,height,channels,png_bytes
15mark,15mark.BMP,52,52,4,487
18mark,18mark.BMP,52,52,4,493
action001,Action001.bmp,32,32,4,3915
action002,Action002.bmp,32,32,4,3458
action003,Action003.bmp,32,32,4,3973
active001-tin,Active001-tin.bmp,32,32,4,3523
active001,Active001.bmp,32,32,4,3539
active002,Active002.bmp,32,32,4,3396
active174,Active174.bmp,32,32,4,3000
active175,Active175.bmp,32,32,4,2654
active176,Active176.bmp,32,32,4,2759
active177,Active177.bmp,32,32,4,2832
arrow_center,Arrow_Center.bmp,122,36,4,3751
arrow_left,Arrow_Left.bmp,122,36,4,4112
arrow_right,Arrow_Right.bmp,122,36,4,4090
b07-default,B07-default.bmp,75,21,3,3377
b07-off,B07-off.bmp,75,21,3,1608
b07-on,B07-on.bmp,75,21,3,2936
b07-over,B07-over.bmp,75,21,3,3365
buff199,Buff199.bmp,24,24,3,1729
buff330_e,Buff330_e.bmp,24,24,4,788
buff333,Buff333.bmp,24,24,3,1443
buff334,Buff334.bmp,24,24,3,1754
buff335,Buff335.bmp,24,24,3,1700
buff337,Buff337.bmp,24,24,3,1757
buttonpatternh_chatting_01,ButtonPatternH_chatting_01.bmp,24,24,4,470
buttonpatternh_chatting_02,ButtonPatternH_chatting_02.bmp,24,24,3,567
def016,Def016.bmp,32,32,4,2330
def017,Def017.bmp,32,32,4,1506
def018,Def018.bmp,32,32,4,2171
def019,Def019.bmp,32,32,4,1920
def020,Def020.bmp,32,32,4,2012
def026,Def026.bmp,32,32,4,2059
def027,Def027.bmp,32,32,4,1579
def028,Def028.bmp,32,32,4,1705
def029,Def029.bmp,32,32,3,1520
def030,Def030.bmp,32,32,4,1692
def051,Def051.bmp,32,32,3,2585
def052,Def052.bmp,32,32,4,1571
def053,Def053.bmp,32,32,4,1454
def054,Def054.bmp,32,32,4,1435
def055,Def055.bmp,32,32,4,1786
def061,Def061.bmp,32,32,4,2683
def062,Def062.bmp,32,32,4,1188
def063,Def063.bmp,32,32,4,1711
def064,Def064.bmp,32,32,4,1491
def065,Def065.bmp,32,32,4,1956
def096,Def096.bmp,32,32,4,2431
def097,Def097.bmp,32,32,4,2210
def098,Def098.bmp,32,32,4,1571
def099,Def099.bmp,32,32,4,1588
def100,Def100.bmp,32,32,4,1274
def101,Def101.bmp,32,32,4,1306
def102,Def102.bmp,32,32,4,1644
def103,Def103.bmp,32,32,4,1444
def104,Def104.bmp,32,32,4,2187
def105,Def105.bmp,32,32,4,1556
def106,Def106.bmp,32,32,4,1922
def107,Def107.bmp,32,32,4,1832
def108,Def108.bmp,32,32,4,1888
def110,Def110.bmp,32,32,4,1607
def111,Def111.bmp,32,32,4,1942
def112,Def112.bmp,32,32,4,1823
def113,Def113.bmp,32,32,4,1842
def114,Def114.bmp,32,32,4,1902
def115,Def115.bmp,32,32,4,1893
def116,Def116.bmp,32,32,4,2187
def117,Def117.bmp,32,32,4,1556
def118,Def118.bmp,32,32,4,2052
def119,Def119.bmp,32,32,4,1879
def120,Def120.bmp,32,32,4,1437
def121,Def121.bmp,32,32,4,2157
def122,Def122.bmp,32,32,4,1598
def123,Def123.bmp,32,32,4,2056
def124,Def124.bmp,32,32,4,1262
def125,Def125.bmp,32,32,4,2009
def126,Def126.bmp,32,32,4,2693
def127,Def127.bmp,32,32,4,1654
def128,Def128.bmp,32,32,4,2027
def129,Def129.bmp,32,32,4,1762
def130,Def130.bmp,32,32,4,1944
def131,Def131.bmp,32,32,4,1806
def132,Def132.bmp,32,32,4,1824
def133,Def133.bmp,32,32,4,1815
def134,Def134.bmp,32,32,4,2070
def135,Def135.bmp,32,32,4,1177
def136,Def136.bmp,32,32,4,1492
def137,Def137.bmp,32,32,4,1587
def138,Def138.bmp,32,32,4,1672
def139,Def139.bmp,32,32,4,2886
def140,Def140.bmp,32,32,4,2203
def141,Def141.bmp,32,32,4,1503
def142,Def142.bmp,32,32,4,1449
def143,Def143.bmp,32,32,4,2235
def144,Def144.BMP,32,32,4,2176
def145,Def145.BMP,32,32,4,1190
def146,Def146.BMP,32,32,4,1603
def147,Def147.BMP,32,32,4,1303
def148,Def148.BMP,32,32,4,1813
def149,Def149.bmp,32,32,4,1381
def150,Def150.bmp,32,32,4,1753
def151,Def151.bmp,32,32,4,1615
def152,Def152.bmp,32,32,4,1456
def153,Def153.bmp,32,32,4,1859
def154,Def154.bmp,32,32,4,1291
def155,Def155.bmp,32,32,4,1619
def156,Def156.bmp,32,32,4,1547
def157,Def157.bmp,32,32,4,2048
def158,Def158.bmp,32,32,4,1615
def159,Def159.bmp,32,32,4,1512
def160,Def160.bmp,32,32,4,1087
def161,Def161.bmp,32,32,4,1650
def162,Def162.bmp,32,32,3,2564
def163,Def163.bmp,32,32,4,1835
def164,Def164.bmp,32,32,4,1482
def165,Def165.bmp,32,32,4,1730
def166,Def166.bmp,32,32,4,1606
def167,Def167.bmp,32,32,4,2237
def168,Def168.bmp,32,32,4,2033
def169,Def169.bmp,32,32,4,1394
def170,Def170.bmp,32,32,4,1030
def171,Def171.bmp,32,32,4,792
def172,Def172.bmp,32,32,4,1090
def173,Def173.bmp,32,32,4,939
def174,Def174.bmp,32,32,4,1834
def175,Def175.bmp,32,32,4,1068
def176,Def176.bmp,32,32,4,919
def177,Def177.bmp,32,32,4,1021
def178,Def178.bmp,32,32,4,1105
def179,Def179.bmp,32,32,4,1300
def180,Def180.bmp,32,32,4,1098
def181,Def181.bmp,32,32,4,717
def182,Def182.bmp,32,32,4,949
def183,Def183.bmp,32,32,4,1087
def184,Def184.bmp,32,32,4,1824
def185,Def185.bmp,32,32,4,1791
def186,Def186.bmp,32,32,4,1294
def187,Def187.bmp,32,32,4,1338
def188,Def188.bmp,32,32,4,1610
def189,Def189.bmp,32,32,4,1242
def190,Def190.bmp,32,32,4,1307
def191,Def191.bmp,32,32,4,1565
def192,Def192.bmp,32,32,4,1700
def193,Def193.bmp,32,32,4,1348
def194,Def194.bmp,32,32,4,1170
def195,Def195.bmp,32,32,4,1177
def196,Def196.bmp,32,32,4,1075
def197,Def197.bmp,32,32,4,1371
def198,Def198.bmp,32,32,4,1209
def199,Def199.bmp,32,32,4,1062
def200,Def200.bmp,32,32,4,1529
def201,Def201.bmp,32,32,4,614
def202,Def202.bmp,32,32,4,898
def203,Def203.bmp,32,32,4,1150
def204,Def204.bmp,32,32,4,937
def205,Def205.bmp,32,32,4,1375
def206,Def206.bmp,32,32,4,667
def207,Def207.bmp,32,32,4,1009
def208,Def208.bmp,32,32,4,1201
def209,Def209.bmp,32,32,4,916
def210,Def210.bmp,32,32,4,1222
def211,Def211.bmp,32,32,4,623
def212,Def212.bmp,32,32,4,626
def213,Def213.bmp,32,32,4,854
def214,Def214.bmp,32,32,4,977
def215,Def215.bmp,32,32,4,1307
def216,Def216.bmp,32,32,4,895
def217,Def217.bmp,32,32,4,1311
def218,Def218.bmp,32,32,4,1013
def219,Def219.bmp,32,32,4,923
def220,Def220.bmp,32,32,4,1234
def221,Def221.bmp,32,32,4,1081
def222,Def222.bmp,32,32,4,805
def223,Def223.bmp,32,32,4,830
def224,Def224.bmp,32,32,4,966
def225,Def225.bmp,32,32,4,1600
def226,Def226.bmp,32,32,4,1047
def227,Def227.bmp,32,32,4,629
def228,Def228.bmp,32,32,4,624
def229,Def229.bmp,32,32,4,898
def230,Def230.bmp,32,32,4,1246
def231,Def231.bmp,32,32,4,855
def232,Def232.bmp,32,32,4,707
def233,Def233.bmp,32,32,4,663
def234,Def234.bmp,32,32,4,897
def235,Def235.bmp,32,32,4,1558
def236,Def236.bmp,32,32,4,883
def237,Def237.bmp,32,32,4,612
def238,Def238.bmp,32,32,4,716
def239,Def239.bmp,32,32,4,828
def240,Def240.bmp,32,32,4,1088
def241,Def241.bmp,32,32,4,891
def242,Def242.bmp,32,32,4,583
def243,Def243.bmp,32,32,4,670
def244,Def244.bmp,32,32,4,918
def245,Def245.bmp,32,32,4,1897
def246,Def246.bmp,32,32,4,1737
def247,Def247.bmp,32,32,3,1271
def248,Def248.bmp,32,32,4,1091
def249,Def249.bmp,32,32,4,1257
def250,Def250.bmp,32,32,4,2170
def251,Def251.bmp,32,32,4,1503
def252,Def252.bmp,32,32,4,1652
def253,Def253.bmp,32,32,4,1209
def254,Def254.bmp,32,32,4,1419
def255,Def255.bmp,32,32,4,1290
def256,Def256.bmp,32,32,4,1309
def257,Def257.bmp,32,32,4,1540
def258,Def258.bmp,32,32,4,1209
def259,Def259.bmp,32,32,4,1429
def260,Def260.bmp,32,32,4,1515
def261,Def261.bmp,32,32,4,1308
def262,Def262.bmp,32,32,4,1445
def263,Def263.bmp,32,32,4,1209
def264,Def264.bmp,32,32,4,1527
def265,Def265.bmp,32,32,4,1373
def266,Def266.bmp,32,32,4,1644
def267,Def267.bmp,32,32,4,1826
def268,Def268.bmp,32,32,4,1209
def269,Def269.bmp,32,32,4,1667
def270,Def270.bmp,32,32,4,1695
def271,Def271.bmp,32,32,4,1439
def292,Def292.bmp,32,32,4,2440
def313,Def313.bmp,32,32,4,1822
def314,Def314.bmp,32,32,4,1400
def315,Def315.bmp,32,32,4,1842
def316,Def316.bmp,32,32,4,1533
def317,Def317.bmp,32,32,4,1573
def318,Def318.bmp,32,32,4,1660
def319,Def319.bmp,32,32,4,1484
def320,Def320.bmp,32,32,4,1872
def321,Def321.bmp,32,32,4,1468
def322,Def322.bmp,32,32,4,2086
def323,Def323.bmp,32,32,4,1318
def324,Def324.bmp,32,32,3,1245
def325,Def325.bmp,32,32,4,1666
def326,Def326.bmp,32,32,4,1233
def327,Def327.bmp,32,32,4,1331
def328,Def328.bmp,32,32,4,1533
def329,Def329.bmp,32,32,3,1555
def330,Def330.bmp,32,32,4,1505
def331,Def331.bmp,32,32,4,1243
def332,Def332.bmp,32,32,4,2300
def381,Def381.bmp,32,32,4,2328
def382,Def382.bmp,32,32,4,1885
def383,Def383.bmp,32,32,4,1784
def384,Def384.bmp,32,32,4,1722
def385,Def385.bmp,32,32,4,1133
interface,Interface.bmp,295,335,3,251281
item202,Item202.bmp,32,32,4,1980
item203,Item203.bmp,32,32,4,1999
item204,Item204.bmp,32,32,4,2082
item205,Item205.bmp,32,32,4,2101
item206,Item206.bmp,32,32,4,2032
item207,Item207.bmp,32,32,4,2005
item208,Item208.bmp,32,32,4,2009
item209,Item209.bmp,32,32,4,1694
item210,Item210.bmp,32,32,4,1734
item211,Item211.bmp,32,32,4,2563
item212,Item212.bmp,32,32,4,2542
item510,Item510.BMP,32,32,3,2943
item511,Item511.BMP,32,32,3,2937
item512,Item512.bmp,32,32,3,3140
item513,Item513.bmp,32,32,3,3133
item514,Item514.bmp,32,32,3,3129
item515,Item515.bmp,32,32,3,3117
item516,Item516.bmp,32,32,3,3136
item517,Item517.bmp,32,32,3,3153
item518,Item518.bmp,32,32,3,3120
item519,Item519.bmp,32,32,3,2960
item520,Item520.bmp,32,32,3,2883
item521,Item521.bmp,32,32,3,2937
item522,Item522.bmp,32,32,3,3128
item523,Item523.bmp,32,32,3,3027
item524,Item524.bmp,32,32,3,2885
item525,Item525.bmp,32,32,3,2816
item526,Item526.bmp,32,32,3,2757
item527,Item527.bmp,32,32,3,2873
item528,Item528.bmp,32,32,3,2669
item529,Item529.bmp,32,32,3,2832
item530,Item530.bmp,32,32,3,3097
item532,Item532.bmp,32,32,3,2969
item533,Item533.bmp,32,32,3,3118
item534,Item534.bmp,32,32,3,2939
item606,Item606.bmp,32,32,3,2664
item607,Item607.bmp,32,32,3,2975
minus,Minus.bmp,13,13,3,565
minus_01,Minus_01.bmp,15,15,4,749
minus_big,Minus_BIG.bmp,26,13,3,839
plus,Plus.bmp,13,13,3,578
plus_01,Plus_01.bmp,15,15,4,781
plus_big,Plus_BIG.bmp,26,13,3,976
rvr point(e),RVR point(E).bmp,356,32,4,4908
rvr point(k),RVR point(K).bmp,356,32,4,4746
shop118,Shop118.bmp,32,32,3,2905
shop130,Shop130.bmp,32,32,3,2897
shop131,Shop131.bmp,32,32,3,2802
shop132,Shop132.bmp,32,32,3,2786
shop133,Shop133.bmp,32,32,3,3034
shop135,Shop135.bmp,32,32,3,2781
shop136,Shop136.bmp,32,32,3,2836
sibmanstatemap,SibmanStateMap.bmp,300,300,3,160462
sibmanstatemapblue,SibmanStateMapBlue.bmp,26,26,4,556
sibmanstatemapred,SibmanStateMapRed.bmp,26,26,4,565
ui-battle(avoid),UI-battle(avoid).bmp,84,24,4,1377
ui-battle(block),UI-battle(block).bmp,84,24,4,1850
ui-battle(defence),UI-battle(defence).bmp,84,24,4,1603
ui-battle(dodge),UI-battle(dodge).bmp,84,24,4,1547
ui-battle(gray),UI-battle(gray).bmp,150,24,4,5410
ui-battle(green),UI-battle(green).bmp,150,24,4,5379
ui-battle(ignore),UI-battle(ignore).bmp,84,24,4,1337
ui-battle(miss),UI-battle(miss).bmp,84,24,4,1131
ui-battle(red),UI-battle(red).bmp,150,24,4,5315
ui-battle(violet),UI-battle(violet).bmp,150,24,4,5233
ui-battle(yellow),UI-battle(yellow).bmp,150,24,4,4285
wea001,Wea001.bmp,32,32,4,1029
wea002,Wea002.bmp,32,32,4,1121
wea003,Wea003.bmp,32,32,4,1133
wea004,Wea004.bmp,32,32,4,1058
wea005,Wea005.bmp,32,32,4,1093
wea006,Wea006.bmp,32,32,4,1089
wea009,Wea009.bmp,32,32,3,1074
wea011,Wea011.bmp,32,32,4,856
wea012,Wea012.bmp,32,32,4,856
wea013,Wea013.bmp,32,32,4,847
wea014,Wea014.bmp,32,32,4,1030
wea015,Wea015.bmp,32,32,4,1036
wea016,Wea016.bmp,32,32,4,1074
wea019,Wea019.bmp,32,32,4,807
wea027,Wea027.bmp,32,32,3,1112
wea029,Wea029.bmp,32,32,4,1053
wea030,Wea030.bmp,32,32,4,1099
wea031,Wea031.bmp,32,32,4,1077
wea032,Wea032.bmp,32,32,4,1051
wea033,Wea033.bmp,32,32,4,1076
wea034,Wea034.bmp,32,32,4,1018
wea040,Wea040.bmp,32,32,3,990
wea041,Wea041.bmp,32,32,3,981
wea042,Wea042.bmp,32,32,3,1073
wea043,Wea043.bmp,32,32,3,1002
wea044,Wea044.bmp,32,32,3,1336
wea045,Wea045.bmp,32,32,3,1221
wea047,Wea047.bmp,32,32,3,1022
wea048,Wea048.bmp,32,32,3,1111
wea049,Wea049.bmp,32,32,4,1011
wea050,Wea050.bmp,32,32,4,1012
wea051,Wea051.bmp,32,32,3,1115
wea052,Wea052.bmp,32,32,4,1450
wea054,Wea054.bmp,32,32,3,743
wea055,Wea055.bmp,32,32,3,1104
wea056,Wea056.bmp,32,32,3,1091
wea057,Wea057.bmp,32,32,3,1115
wea058,Wea058.bmp,32,32,3,1183
wea059,Wea059.bmp,32,32,3,1328
wea060,Wea060.bmp,32,32,3,1199
wea061,Wea061.bmp,32,32,4,905
wea062,Wea062.bmp,32,32,3,1115
wea063,Wea063.bmp,32,32,4,1450
wea064,Wea064.bmp,32,32,3,1285
wea065,Wea065.bmp,32,32,3,1413
wea066,Wea066.bmp,32,32,3,1705
wea067,Wea067.bmp,32,32,3,905
wea068,Wea068.bmp,32,32,3,733
wea069,Wea069.bmp,32,32,3,1103
wea070,Wea070.bmp,32,32,3,1145
wea071,Wea071.bmp,32,32,3,1049
wea072,Wea072.bmp,32,32,3,1008
wea073,Wea073.bmp,32,32,3,1013
wea074,Wea074.bmp,32,32,3,1001
wea075,Wea075.bmp,32,32,3,1006
wea076,Wea076.bmp,32,32,3,856
wea077,Wea077.bmp,32,32,3,903
wea078,Wea078.bmp,32,32,3,827
wea079,Wea079.bmp,32,32,3,1287
wea080,Wea080.bmp,32,32,3,1232
wea081,Wea081.bmp,32,32,3,1295
wea082,Wea082.bmp,32,32,3,1198
wea083,Wea083.bmp,32,32,3,1084
wea084,Wea084.bmp,32,32,3,1381
wea085,Wea085.bmp,32,32,3,925
wea086,Wea086.bmp,32,32,3,1168
wea087,Wea087.bmp,32,32,4,1425
wea088,Wea088.bmp,32,32,4,1142
wea089,Wea089.bmp,32,32,4,1055
wea090,Wea090.bmp,32,32,4,928
wea091,Wea091.bmp,32,32,3,882
wea092,Wea092.bmp,32,32,3,1030
wea093,Wea093.bmp,32,32,3,1027
wea094,Wea094.bmp,32,32,3,1230
wea095,Wea095.bmp,32,32,3,1291
wea096,Wea096.bmp,32,32,3,1484
wea097,Wea097.bmp,32,32,4,721
wea098,Wea098.bmp,32,32,4,851
wea099,Wea099.bmp,32,32,4,811
wea100,Wea100.bmp,32,32,4,1620
wea101,Wea101.bmp,32,32,3,1860
wea102,Wea102.bmp,32,32,3,1833
wea103,Wea103.bmp,32,32,3,1262
wea104,Wea104.bmp,32,32,3,1208
wea105,Wea105.bmp,32,32,3,1328
wea106,Wea106.bmp,32,32,3,1229
wea107,Wea107.bmp,32,32,3,1458
wea108,Wea108.bmp,32,32,3,1417
wea109,Wea109.bmp,32,32,4,832
wea110,Wea110.bmp,32,32,4,885
wea111,Wea111.bmp,32,32,4,1113
wea112,Wea112.bmp,32,32,3,1256
wea113,Wea113.bmp,32,32,3,1674
wea114,Wea114.bmp,32,32,3,2020
wea115,Wea115.bmp,32,32,3,1178
wea116,Wea116.bmp,32,32,3,1190
wea117,Wea117.bmp,32,32,3,1186
wea118,Wea118.bmp,32,32,4,520
wea119,Wea119.bmp,32,32,4,529
wea120,Wea120.bmp,32,32,4,512
wea121,Wea121.bmp,32,32,4,500
wea122,Wea122.bmp,32,32,4,847
wea123,Wea123.bmp,32,32,3,834
wea124,Wea124.bmp,32,32,4,1124
wea125,Wea125.bmp,32,32,3,953
wea126,Wea126.bmp,32,32,3,947
wea127,Wea127.bmp,32,32,3,766
wea128,Wea128.bmp,32,32,4,730
wea129,Wea129.bmp,32,32,3,1024
wea130,Wea130.bmp,32,32,3,768
wea131,Wea131.bmp,32,32,4,700
wea132,Wea132.bmp,32,32,3,1210
wea133,Wea133.bmp,32,32,4,1040
wea134,Wea134.bmp,32,32,4,904
wea135,Wea135.bmp,32,32,3,1029
wea136,Wea136.bmp,32,32,3,1182
wea137,Wea137.bmp,32,32,4,791
wea138,Wea138.bmp,32,32,3,916
wea139,Wea139.bmp,32,32,3,994
wea140,Wea140.bmp,32,32,3,716
wea141,Wea141.bmp,32,32,4,882
wea142,Wea142.bmp,32,32,3,675
wea143,Wea143.bmp,32,32,3,1004
wea144,Wea144.bmp,32,32,3,870
wea145,Wea145.bmp,32,32,4,958
wea146,Wea146.bmp,32,32,3,629
wea147,Wea147.bmp,32,32,3,1314
wea148,Wea148.bmp,32,32,3,923
wea149,Wea149.bmp,32,32,4,914
wea150,Wea150.bmp,32,32,3,798
wea151,Wea151.bmp,32,32,4,719
wea152,Wea152.bmp,32,32,4,742
wea153,Wea153.bmp,32,32,4,605
wea154,Wea154.bmp,32,32,4,540
wea155,Wea155.bmp,32,32,4,890
wea156,Wea156.bmp,32,32,3,826
wea157,Wea157.bmp,32,32,4,1144
wea158,Wea158.bmp,32,32,3,961
wea169,Wea169.bmp,32,32,4,494
wea170,Wea170.bmp,32,32,4,537
wea171,Wea171.bmp,32,32,4,597
wea172,Wea172.bmp,32,32,4,532
wea173,Wea173.bmp,32,32,4,495
wea174,Wea174.bmp,32,32,4,511
wea175,Wea175.bmp,32,32,4,474
wea176,Wea176.bmp,32,32,4,492
wea177,Wea177.bmp,32,32,4,492
wea178,Wea178.bmp,32,32,4,483
wea179,Wea179.bmp,32,32,4,473
wea180,Wea180.bmp,32,32,4,470
wea181,Wea181.bmp,32,32,4,511
wea182,Wea182.bmp,32,32,4,553
wea183,Wea183.bmp,32,32,4,527
wea184,Wea184.bmp,32,32,4,562
wea185,Wea185.bmp,32,32,4,543
wea186,Wea186.bmp,32,32,4,564
wea187,Wea187.bmp,32,32,4,584
wea188,Wea188.bmp,32,32,4,604
wea189,Wea189.bmp,32,32,4,608
wea190,Wea190.bmp,32,32,4,583
wea191,Wea191.bmp,32,32,4,623
wea192,Wea192.bmp,32,32,4,642
wea193,Wea193.bmp,32,32,4,700
wea194,Wea194.bmp,32,32,4,622
wea195,Wea195.bmp,32,32,4,732
wea196,Wea196.bmp,32,32,4,724
wea197,Wea197.bmp,32,32,4,881
wea198,Wea198.bmp,32,32,4,553
wea199,Wea199.bmp,32,32,4,651
wea200,Wea200.bmp,32,32,4,595
wea201,Wea201.bmp,32,32,4,699
wea202,Wea202.bmp,32,32,4,698
wea203,Wea203.bmp,32,32,4,784
wea204,Wea204.bmp,32,32,4,783
wea205,Wea205.bmp,32,32,4,757
wea206,Wea206.bmp,32,32,4,1001
wea207,Wea207.bmp,32,32,3,785
wea208,Wea208.bmp,32,32,3,834
wea209,Wea209.bmp,32,32,4,814
wea210,Wea210.bmp,32,32,4,869
wea211,Wea211.bmp,32,32,4,1033
wea212,Wea212.bmp,32,32,4,648
wea213,Wea213.bmp,32,32,4,767
wea214,Wea214.bmp,32,32,4,849
wea215,Wea215.bmp,32,32,4,1013
wea216,Wea216.bmp,32,32,4,1211
wea217,Wea217.bmp,32,32,4,732
wea218,Wea218.bmp,32,32,4,840
wea219,Wea219.bmp,32,32,3,913
wea220,Wea220.bmp,32,32,4,1204
wea221,Wea221.bmp,32,32,4,1160
wea222,Wea222.bmp,32,32,3,654
wea223,Wea223.bmp,32,32,3,877
wea224,Wea224.bmp,32,32,4,1086
wea225,Wea225.bmp,32,32,4,1324
wea226,Wea226.bmp,32,32,4,1224
wea227,Wea227.bmp,32,32,4,708
wea228,Wea228.bmp,32,32,3,1037
wea556,Wea556.bmp,32,32,3,1333
wea557,Wea557.bmp,32,32,3,1380
wea600,Wea600.bmp,32,32,3,1554
wea601,Wea601.bmp,32,32,3,1435
wea602,Wea602.bmp,32,32,3,1184
wea603,Wea603.bmp,32,32,3,1872
wea605,Wea605.bmp,32,32,3,939
wea606,Wea606.bmp,32,32,3,1176
wea607,Wea607.bmp,32,32,4,904
wea608,Wea608.bmp,32,32,3,802
wea609,Wea609.bmp,32,32,3,1016
action009,action009.bmp,32,32,4,3770
action010,action010.bmp,32,32,4,3687
action011,action011.bmp,32,32,4,1807
action012,action012.BMP,32,32,4,1488
action013,action013.bmp,32,32,4,1902
action014,action014.BMP,32,32,4,3007
action015,action015.BMP,32,32,3,2688
action016,action016.BMP,32,32,3,2705
action020,action020.bmp,32,32,3,2445
action021,action021.bmp,32,32,3,2650
action022,action022.bmp,32,32,3,2481
action023,action023.bmp,32,32,3,1959
action024,action024.bmp,32,32,3,2234
action025,action025.bmp,32,32,3,2109
action026,action026.bmp,32,32,3,1808
action027,action027.bmp,32,32,3,2305
action028,action028.bmp,32,32,3,2505
action029,action029.bmp,32,32,3,2447
action030,action030.bmp,32,32,3,2492
action031,action031.bmp,32,32,3,2427
action032,action032.bmp,32,32,3,2717
action033,action033.bmp,32,32,3,2648
action034,action034.bmp,32,32,3,2437
action035,action035.bmp,32,32,3,1284
action036,action036.bmp,32,32,3,2563
action037,action037.bmp,32,32,3,2851
action038,action038.bmp,32,32,3,2581
action039,action039.bmp,32,32,3,2839
active003,active003.bmp,32,32,4,3653
active004,active004.BMP,32,32,4,1978
active005,active005.bmp,32,32,4,2904
active006,active006.bmp,32,32,4,2125
active007,active007.bmp,32,32,4,3371
active008,active008.bmp,32,32,4,3653
active009,active009.bmp,32,32,4,3556
active010,active010.bmp,32,32,4,1125
active011,active011.bmp,32,32,4,3504
active012,active012.BMP,32,32,4,1670
active013,active013.BMP,32,32,4,2448
active014,active014.BMP,32,32,4,1693
active015,active015.BMP,32,32,4,1613
active016,active016.BMP,32,32,4,2287
active017,active017.BMP,32,32,4,1231
active019,active019.BMP,32,32,4,1779
active020,active020.BMP,32,32,4,1788
active021,active021.BMP,32,32,4,1768
active022,active022.BMP,32,32,4,1776
active023,active023.BMP,32,32,4,877
active024,active024.BMP,32,32,4,1575
active025,active025.BMP,32,32,4,2629
active026,active026.BMP,32,32,4,2234
active027,active027.BMP,32,32,4,2615
active028,active028.bmp,32,32,4,1996
active029,active029.BMP,32,32,4,3037
active030,active030.BMP,32,32,4,2939
active031,active031.BMP,32,32,4,1559
active032,active032.BMP,32,32,4,2786
active033,active033.BMP,32,32,4,2042
active034,active034.BMP,32,32,4,2025
active035,active035.bmp,32,32,4,2127
active036,active036.BMP,32,32,4,2297
active037,active037.bmp,32,32,4,2788
active038,active038.BMP,32,32,4,2943
active039,active039.bmp,32,32,4,2268
active040,active040.BMP,32,32,4,2687
active041,active041.BMP,32,32,4,1912
active042,active042.bmp,32,32,4,2507
active043,active043.BMP,32,32,4,1050
active044,active044.BMP,32,32,3,2915
active045,active045.BMP,32,32,3,2857
active046,active046.bmp,32,32,4,3160
active047,active047.BMP,32,32,4,2823
active048,active048.bmp,32,32,4,3202
active049,active049.BMP,32,32,3,2816
active050,active050.BMP,32,32,3,2823
active051,active051.bmp,32,32,4,2886
active052,active052.BMP,32,32,4,2475
active053,active053.BMP,32,32,4,2809
active054,active054.BMP,32,32,4,2984
active055,active055.BMP,32,32,4,2886
active056,active056.BMP,32,32,4,2831
active057,active057.BMP,32,32,4,3091
active058,active058.BMP,32,32,4,2950
active059,active059.BMP,32,32,4,3035
active060,active060.bmp,32,32,4,2145
active061,active061.bmp,32,32,4,1631
active062,active062.bmp,32,32,4,3083
active063,active063.bmp,32,32,4,3065
active064,active064.bmp,32,32,4,2591
active065,active065.bmp,32,32,4,1310
active066,active066.bmp,32,32,4,2707
active067,active067.BMP,32,32,4,2154
active068,active068.BMP,32,32,4,2850
active069,active069.bmp,32,32,4,2168
active070,active070.bmp,32,32,4,1997
active071,active071.bmp,32,32,4,2528
active072,active072.bmp,32,32,4,3099
active073,active073.bmp,32,32,4,3319
active074,active074.bmp,32,32,4,3358
active075,active075.bmp,32,32,4,2459
active076,active076.bmp,32,32,4,2716
active077,active077.bmp,32,32,4,2997
active078,active078.bmp,32,32,4,3047
active079,active079.bmp,32,32,4,2799
active080,active080.bmp,32,32,4,2029
active081,active081.bmp,32,32,4,2728
active082,active082.bmp,32,32,4,3032
active083,active083.bmp,32,32,4,2694
active084,active084.bmp,32,32,4,2869
active085,active085.bmp,32,32,4,2939
active086,active086.bmp,32,32,4,2594
active087,active087.bmp,32,32,4,2533
active088,active088.bmp,32,32,4,2961
active089,active089.bmp,32,32,4,3142
active090,active090.bmp,32,32,4,2334
active091,active091.bmp,32,32,4,2690
active092,active092.bmp,32,32,4,2966
active093,active093.bmp,32,32,4,3204
active094,active094.bmp,32,32,4,2916
active095,active095.bmp,32,32,4,2482
active096,active096.bmp,32,32,4,2854
active097,active097.bmp,32,32,4,3141
active098,active098.bmp,32,32,4,3082
active099,active099.bmp,32,32,4,3058
active100,active100.bmp,32,32,4,2976
active101,active101.bmp,32,32,4,3025
active102,active102.bmp,32,32,4,2448
active103,active103.bmp,32,32,4,2534
active104,active104.bmp,32,32,4,2724
active105,active105.bmp,32,32,4,2828
active106,active106.bmp,32,32,4,1102
active107,active107.bmp,32,32,4,2015
active108,active108.bmp,32,32,4,1999
active109,active109.bmp,32,32,4,2614
active110,active110.bmp,32,32,4,3098
active111,active111.bmp,32,32,4,2774
active112,active112.bmp,32,32,4,2200
active113,active113.bmp,32,32,4,2726
active114,active114.bmp,32,32,4,2768
active115,active115.bmp,32,32,4,3140
active116,active116.bmp,32,32,4,2581
active117,active117.bmp,32,32,4,3059
active118,active118.bmp,32,32,4,1894
active119,active119.bmp,32,32,4,2904
active120,active120.bmp,32,32,4,2584
active121,active121.bmp,32,32,4,3055
active122,active122.bmp,32,32,4,2800
active123,active123.bmp,32,32,4,2742
active124,active124.bmp,32,32,4,1658
active125,active125.bmp,32,32,4,2974
active126,active126.bmp,32,32,4,3022
active127,active127.bmp,32,32,4,3085
active128,active128.bmp,32,32,4,2947
active129,active129.bmp,32,32,4,3106
active130,active130.bmp,32,32,4,2860
active131,active131.bmp,32,32,4,3107
active132,active132.bmp,32,32,4,3043
active133,active133.bmp,32,32,4,3032
active134,active134.bmp,32,32,4,3049
active135,active135.bmp,32,32,4,2701
active136,active136.bmp,32,32,4,3053
active137,active137.bmp,32,32,4,2967
active138,active138.bmp,32,32,4,3085
active139,active139.bmp,32,32,4,3171
active140,active140.bmp,32,32,4,2848
active141,active141.bmp,32,32,4,2874
active142,active142.bmp,32,32,4,3027
active143,active143.bmp,32,32,4,3140
active144,active144.bmp,32,32,4,2884
active145,active145.bmp,32,32,4,3060
active146,active146.bmp,32,32,4,3188
active147,active147.bmp,32,32,4,3087
active148,active148.bmp,32,32,4,3122
active149,active149.bmp,32,32,4,3236
active150,active150.bmp,32,32,4,2753
active151,active151.bmp,32,32,4,3088
active152,active152.bmp,32,32,4,3220
active153,active153.bmp,32,32,4,3205
active154,active154.bmp,32,32,4,2809
active155,active155.bmp,32,32,4,3029
active156,active156.bmp,32,32,4,3054
active159,active159.bmp,32,32,4,2838
active162,active162.bmp,32,32,4,3088
active163,active163.bmp,32,32,4,2889
active164,active164.bmp,32,32,4,2983
active165,active165.bmp,32,32,4,2873
active166,active166.bmp,32,32,4,2720
active167,active167.bmp,32,32,4,2670
active168,active168.bmp,32,32,4,2988
active169,active169.bmp,32,32,4,2962
active170,active170.bmp,32,32,4,3007
active171,active171.bmp,32,32,4,3156
active172,active172.bmp,32,32,4,3207
active173,active173.bmp,32,32,4,3226
ag_center,ag_center.bmp,66,15,4,1052
ag_left,ag_left.bmp,24,15,3,513
ag_right,ag_right.bmp,24,15,3,511
arrow1,arrow1.bmp,24,24,4,1369
arrow2,arrow2.bmp,24,24,4,1361
arrow3,arrow3.bmp,24,24,4,1357
arrow_im000,arrow_im000.bmp,7,7,3,94
bango_premium_001,bango_premium_001.bmp,24,24,3,1815
battlepass_icon,battlepass_icon.bmp,32,32,4,2989
battlepass_icon_buff,battlepass_icon_buff.bmp,24,24,3,1396
bg_sel,bg_sel.bmp,32,32,3,351
bg_wear,bg_wear.bmp,32,32,4,110
big_expstone_icon,big_expstone_icon.bmp,32,32,3,3108
big_expstone_icon_buff,big_expstone_icon_buff.bmp,24,24,3,1793
blue,blue.bmp,65,31,4,1901
blueeng,blueENG.bmp,65,31,4,1544
blue_0,blue_0.bmp,21,31,4,1088
blue_1,blue_1.bmp,21,31,4,336
blue_2,blue_2.bmp,21,31,4,887
blue_3,blue_3.bmp,21,31,4,826
blue_4,blue_4.bmp,21,31,4,676
blue_5,blue_5.bmp,21,31,4,845
blue_6,blue_6.bmp,21,31,4,878
blue_7,blue_7.bmp,21,31,4,730
blue_8,blue_8.bmp,21,31,4,999
blue_9,blue_9.bmp,21,31,4,923
buff001,buff001.BMP,24,24,4,337
buff002,buff002.BMP,24,24,4,359
buff003,buff003.BMP,24,24,3,482
buff003_1,buff003_1.BMP,24,24,4,163
buff003_2,buff003_2.BMP,24,24,4,163
buff003_3,buff003_3.BMP,24,24,4,175
buff003_4,buff003_4.BMP,24,24,4,175
buff003_5,buff003_5.BMP,24,24,4,175
buff003_6,buff003_6.bmp,24,24,4,182
buff004,buff004.BMP,24,24,4,926
buff005,buff005.BMP,24,24,4,478
buff005_1,buff005_1.BMP,24,24,4,185
buff005_2,buff005_2.BMP,24,24,4,181
buff005_3,buff005_3.BMP,24,24,4,194
buff005_4,buff005_4.BMP,24,24,4,196
buff005_5,buff005_5.BMP,24,24,4,195
buff006,buff006.BMP,24,24,4,644
buff007,buff007.bmp,24,24,4,1265
buff008,buff008.bmp,24,24,4,1174
buff009,buff009.bmp,24,24,3,1316
buff010,buff010.bmp,24,24,3,1291
buff011,buff011.bmp,24,24,3,1268
buff012,buff012.bmp,24,24,3,1266
buff013,buff013.bmp,24,24,3,1283
buff014,buff014.bmp,24,24,3,1262
buff015,buff015.bmp,24,24,3,1260
buff016,buff016.bmp,24,24,3,1280
buff017,buff017.bmp,24,24,3,1256
buff018,buff018.bmp,24,24,3,1261
buff019,buff019.BMP,24,24,4,151
buff020,buff020.BMP,24,24,4,152
buff021,buff021.BMP,24,24,4,152
buff022,buff022.BMP,24,24,4,168
buff023,buff023.BMP,24,24,4,193
buff024,buff024.BMP,24,24,4,181
buff025,buff025.BMP,24,24,4,171
buff026,buff026.bmp,24,24,4,147
buff027,buff027.BMP,24,24,4,156
buff028,buff028.BMP,24,24,4,125
buff028b,buff028b.BMP,24,24,4,125
buff029,buff029.BMP,24,24,4,184
buff030,buff030.BMP,24,24,4,165
buff031,buff031.BMP,24,24,4,174
buff032,buff032.bmp,24,24,4,186
buff033,buff033.bmp,24,24,4,1075
buff034,buff034.bmp,24,24,4,1142
buff035,buff035.BMP,24,24,3,1503
buff036,buff036.BMP,24,24,3,1199
buff037,buff037.bmp,24,24,4,1330
buff038,buff038.bmp,24,24,4,1102
buff039,buff039.BMP,24,24,4,1602
buff040,buff040.BMP,24,24,3,720
buff041,buff041.BMP,24,24,3,1107
buff042,buff042.BMP,24,24,4,498
buff043,buff043.BMP,24,24,3,1318
buff044,buff044.BMP,24,24,3,1355
buff045,buff045.BMP,24,24,3,1174
buff046,buff046.bmp,24,24,3,906
buff047,buff047.bmp,24,24,3,1685
buff048,buff048.bmp,24,24,4,1987
buff049,buff049.bmp,24,24,3,1257
buff050,buff050.bmp,24,24,3,1336
buff051,buff051.bmp,24,24,3,1612
buff052,buff052.BMP,24,24,4,776
buff053,buff053.BMP,24,24,4,611
buff054,buff054.BMP,24,24,4,855
buff055,buff055.BMP,24,24,4,1205
buff056,buff056.BMP,24,24,4,626
buff057,buff057.BMP,24,24,4,966
buff058,buff058.BMP,24,24,4,1187
buff059,buff059.bmp,24,24,4,1753
buff060,buff060.bmp,24,24,4,1637
buff061,buff061.bmp,24,24,4,1733
buff062,buff062.bmp,24,24,4,1675
buff063,buff063.bmp,24,24,4,1478
buff064,buff064.bmp,24,24,4,1809
buff065,buff065.bmp,24,24,4,1691
buff066,buff066.bmp,24,24,4,1806
buff067,buff067.bmp,24,24,4,1769
buff068,buff068.bmp,24,24,4,1736
buff069,buff069.bmp,24,24,4,1718
buff070,buff070.bmp,24,24,4,1526
buff071,buff071.bmp,24,24,4,1528
buff072,buff072.bmp,24,24,4,1630
buff073,buff073.bmp,24,24,4,1661
buff074,buff074.bmp,24,24,4,923
buff075,buff075.bmp,24,24,4,1302
buff076,buff076.bmp,24,24,4,1302
buff077,buff077.bmp,24,24,4,1545
buff078,buff078.bmp,24,24,4,1369
buff079,buff079.bmp,24,24,4,1633
buff080,buff080.bmp,24,24,4,1665
buff081,buff081.bmp,24,24,4,1791
buff082,buff082.bmp,24,24,4,1522
buff083,buff083.bmp,24,24,4,1731
buff084,buff084.bmp,24,24,4,1227
buff085,buff085.bmp,24,24,4,1489
buff086,buff086.bmp,24,24,4,1754
buff087,buff087.bmp,24,24,3,1702
buff088,buff088.bmp,24,24,3,1509
buff089,buff089.bmp,24,24,3,1733
buff090,buff090.bmp,24,24,3,1789
buff091,buff091.bmp,24,24,3,1733
buff092,buff092.bmp,24,24,3,1107
buff093,buff093.bmp,24,24,3,1032
buff094,buff094.bmp,24,24,3,1490
buff095,buff095.bmp,24,24,3,1748
buff096,buff096.bmp,24,24,3,1668
buff097,buff097.bmp,24,24,4,155
buff098,buff098.bmp,24,24,3,1820
buff099,buff099.bmp,24,24,3,1820
buff100,buff100.bmp,24,24,3,1820
buff101,buff101.bmp,24,24,3,1820
buff102,buff102.bmp,24,24,3,1779
buff103,buff103.bmp,24,24,3,1816
buff104,buff104.bmp,24,24,3,1820
buff105,buff105.bmp,24,24,3,1820
buff106,buff106.bmp,24,24,3,1596
buff107,buff107.bmp,24,24,3,1664
buff108,buff108.bmp,24,24,3,1750
buff112,buff112.bmp,24,24,4,970
buff113,buff113.bmp,24,24,4,1110
buff114,buff114.bmp,24,24,3,1352
buff115,buff115.bmp,24,24,3,1476
buff116,buff116.bmp,24,24,4,1149
buff117,buff117.bmp,24,24,4,1846
buff118,buff118.bmp,24,24,3,1820
buff119,buff119.bmp,24,24,3,1820
buff120,buff120.bmp,24,24,3,1820
buff121,buff121.bmp,24,24,3,1820
buff122,buff122.bmp,24,24,3,1820
buff123,buff123.bmp,24,24,3,1256
buff124,buff124.bmp,24,24,3,1227
buff125,buff125.bmp,24,24,3,1203
buff126,buff126.bmp,24,24,3,1201
buff127,buff127.bmp,24,24,3,1216
buff128,buff128.bmp,24,24,3,1199
buff129,buff129.bmp,24,24,3,1201
buff130,buff130.bmp,24,24,3,1217
buff131,buff131.bmp,24,24,3,1196
buff132,buff132.bmp,24,24,3,1200
buff134,buff134.bmp,24,24,3,967
buff135,buff135.bmp,24,24,3,1782
buff136,buff136.bmp,24,24,3,1811
buff137,buff137.bmp,24,24,3,1820
buff138,buff138.bmp,24,24,3,1769
buff139,buff139.bmp,24,24,3,1768
buff140,buff140.bmp,24,24,3,1444
buff141,buff141.bmp,32,32,3,3169
buff142,buff142.bmp,32,32,3,2978
buff143,buff143.bmp,32,32,3,3172
buff144,buff144.bmp,32,32,3,3045
buff145,buff145.bmp,24,24,3,1781
buff146,buff146.bmp,24,24,3,1796
buff147,buff147.bmp,24,24,3,1716
buff148,buff148.bmp,24,24,4,1118
buff149,buff149.bmp,24,24,4,1867
buff150,buff150.bmp,24,24,4,1860
buff151,buff151.bmp,24,24,4,1850
buff152,buff152.bmp,24,24,4,1860
buff153,buff153.bmp,24,24,4,1882
buff154,buff154.bmp,24,24,4,1903
buff155,buff155.bmp,24,24,4,1787
buff156,buff156.bmp,24,24,4,1933
buff157,buff157.bmp,24,24,4,1927
buff158,buff158.bmp,24,24,4,1610
buff159,buff159.bmp,24,24,4,1769
buff160,buff160.bmp,24,24,4,1820
buff161,buff161.bmp,24,24,4,1964
buff162,buff162.bmp,24,24,4,1714
buff163,buff163.bmp,24,24,4,1941
buff164,buff164.bmp,24,24,4,1403
buff165,buff165.bmp,32,32,3,3064
buff166,buff166.bmp,24,24,3,1642
buff167,buff167.bmp,24,24,3,1810
buff168,buff168.bmp,24,24,3,1793
buff169,buff169.bmp,24,24,4,1823
buff188,buff188.bmp,24,24,3,1744
buff189,buff189.bmp,24,24,3,1765
buff190,buff190.bmp,24,24,3,1820
buff191,buff191.bmp,24,24,3,1820
buff192,buff192.bmp,24,24,3,1820
buff193,buff193.bmp,24,24,3,1820
buff196,buff196.bmp,24,24,3,1619
buff197,buff197.bmp,24,24,3,1711
buff198,buff198.bmp,24,24,3,1820
buff200,buff200.bmp,24,24,3,1380
buff201,buff201.bmp,24,24,3,1607
buff202,buff202.bmp,24,24,3,1789
buff203,buff203.bmp,24,24,3,1775
buff204,buff204.bmp,32,32,3,3105
buff205,buff205.bmp,24,24,3,1597
buff206,buff206.bmp,24,24,3,1610
buff207,buff207.bmp,24,24,3,1820
buff208,buff208.bmp,24,24,3,1800
buff209,buff209.bmp,24,24,3,1792
buff210,buff210.bmp,24,24,3,1693
buff211,buff211.bmp,24,24,3,1735
buff212,buff212.bmp,24,24,3,1813
buff213,buff213.bmp,24,24,3,1820
buff214,buff214.bmp,24,24,3,1711
buff215,buff215.bmp,24,24,3,1806
buff216,buff216.bmp,24,24,3,1801
buff217,buff217.bmp,24,24,3,1801
buff218,buff218.bmp,24,24,3,1790
buff219,buff219.bmp,24,24,3,1801
buff220,buff220.bmp,24,24,3,1771
buff221,buff221.bmp,24,24,3,1795
buff222,buff222.bmp,24,24,3,1741
buff223,buff223.bmp,24,24,3,1820
buff224,buff224.bmp,24,24,3,1711
buff225,buff225.bmp,24,24,3,1711
buff302,buff302.bmp,24,24,3,1820
buff303,buff303.bmp,24,24,3,1820
buff304,buff304.bmp,24,24,3,1820
buff305,buff305.bmp,24,24,3,1682
buff306,buff306.bmp,24,24,3,1820
buff307,buff307.bmp,24,24,3,1803
buff308,buff308.bmp,24,24,3,1676
buff309,buff309.bmp,24,24,3,1730
buff310,buff310.bmp,24,24,3,1685
buff311,buff311.bmp,24,24,3,1719
buff312,buff312.bmp,24,24,3,1820
buff313,buff313.bmp,24,24,3,1757
buff314,buff314.bmp,24,24,3,1706
buff315,buff315.bmp,24,24,3,1651
buff316,buff316.bmp,24,24,3,1638
buff317,buff317.bmp,24,24,3,1715
buff318,buff318.bmp,24,24,3,1585
buff319,buff319.bmp,24,24,3,1682
buff320,buff320.bmp,24,24,3,1820
buff321,buff321.bmp,24,24,3,1295
buff322,buff322.bmp,24,24,3,1270
buff323,buff323.bmp,24,24,3,1283
buff324,buff324.bmp,24,24,3,1232
buff325,buff325.bmp,24,24,3,1241
buff326,buff326.bmp,24,24,3,1200
buff327,buff327.bmp,24,24,4,1314
buff328,buff328.bmp,24,24,4,1332
buff329,buff329.bmp,24,24,4,1312
buff336,buff336.bmp,24,24,4,1454
buff338,buff338.bmp,24,24,4,1154
buff339,buff339.bmp,24,24,4,1159
buff340,buff340.bmp,24,24,4,1148
buff341,buff341.bmp,24,24,4,1517
buff342,buff342.bmp,24,24,4,1427
buff343,buff343.bmp,24,24,4,1447
buff345,buff345.bmp,24,24,3,1315
buff346,buff346.bmp,24,24,3,909
buff347,buff347.bmp,24,24,3,812
buff348,buff348.bmp,24,24,3,631
buff349,buff349.bmp,24,24,4,1647
buff350,buff350.bmp,24,24,3,1639
buff364,buff364.bmp,24,24,3,1345
buff52,buff52.BMP,24,24,4,776
buff53,buff53.BMP,24,24,4,611
buff54,buff54.BMP,24,24,4,855
buff55,buff55.BMP,24,24,4,1205
buff56,buff56.BMP,24,24,4,626
buff57,buff57.BMP,24,24,4,966
bulletin,bulletin.BMP,330,370,4,276552
bulletin_chi,bulletin_chi.bmp,330,370,4,279374
bulletin_eng,bulletin_eng.bmp,483,543,4,660148
bulletin_x,bulletin_x.bmp,32,36,3,1962
button_arrow_down,button_arrow_down.BMP,9,12,3,372
button_arrow_left,button_arrow_left.bmp,12,9,3,329
button_arrow_right,button_arrow_right.bmp,12,9,3,329
button_arrow_up,button_arrow_up.BMP,9,12,3,376
captcha,captcha.bmp,493,67,3,17595
card_image,card_image.bmp,30,100,4,125
charsel_left,charsel_left.bmp,198,184,4,77390
charsel_right,charsel_right.bmp,198,184,4,77493
close,close.bmp,15,15,4,746
comeback001,comeback001.bmp,32,32,4,3165
compas,compas.bmp,49,49,3,4819
compas_t,compas_t.bmp,64,64,4,5446
def001,def001.bmp,32,32,4,2319
def002,def002.bmp,32,32,4,1515
def003,def003.bmp,32,32,4,1748
def004,def004.bmp,32,32,4,1552
def005,def005.bmp,32,32,4,1884
def006,def006.bmp,32,32,4,2277
def007,def007.bmp,32,32,4,1451
def008,def008.bmp,32,32,4,1834
def009,def009.bmp,32,32,4,1759
def010,def010.bmp,32,32,4,1748
def011,def011.bmp,32,32,4,1873
def012,def012.bmp,32,32,4,1398
def013,def013.bmp,32,32,4,2242
def014,def014.bmp,32,32,4,1700
def015,def015.bmp,32,32,4,1464
def021,def021.bmp,32,32,4,2243
def022,def022.bmp,32,32,4,1447
def023,def023.bmp,32,32,4,2046
def024,def024.bmp,32,32,4,1827
def025,def025.bmp,32,32,4,2148
def036,def036.bmp,32,32,4,2175
def037,def037.bmp,32,32,4,1326
def038,def038.bmp,32,32,4,1497
def039,def039.bmp,32,32,4,1314
def040,def040.bmp,32,32,4,1677
def041,def041.bmp,32,32,4,2362
def042,def042.bmp,32,32,4,1507
def043,def043.bmp,32,32,4,1455
def044,def044.bmp,32,32,4,1263
def045,def045.bmp,32,32,4,1487
def046,def046.bmp,32,32,4,2365
def047,def047.bmp,32,32,4,1581
def048,def048.bmp,32,32,4,1463
def049,def049.bmp,32,32,4,1406
def050,def050.bmp,32,32,4,1796
def056,def056.bmp,32,32,4,2968
def057,def057.bmp,32,32,4,1769
def058,def058.bmp,32,32,4,1380
def059,def059.bmp,32,32,4,1511
def060,def060.bmp,32,32,4,1663
def071,def071.bmp,32,32,4,2240
def072,def072.bmp,32,32,4,1410
def073,def073.bmp,32,32,4,1446
def074,def074.bmp,32,32,4,1183
def075,def075.bmp,32,32,4,1450
def076,def076.bmp,32,32,4,2224
def077,def077.bmp,32,32,4,1531
def078,def078.bmp,32,32,4,1679
def079,def079.bmp,32,32,4,1180
def080,def080.bmp,32,32,4,1584
def081,def081.bmp,32,32,4,2410
def082,def082.bmp,32,32,4,1486
def083,def083.bmp,32,32,4,1685
def084,def084.bmp,32,32,4,1352
def085,def085.bmp,32,32,4,1508
def086,def086.bmp,32,32,4,2362
def087,def087.bmp,32,32,4,2039
def088,def088.bmp,32,32,4,1657
def089,def089.bmp,32,32,4,1317
def090,def090.bmp,32,32,4,1486
def091,def091.bmp,32,32,4,2208
def092,def092.bmp,32,32,4,1575
def093,def093.bmp,32,32,3,1397
def094,def094.bmp,32,32,4,1268
def095,def095.bmp,32,32,4,1508
def109,def109.bmp,32,32,4,1575
destinfo_left,destinfo_left.bmp,46,30,3,3482
destinfo_right,destinfo_right.bmp,46,30,3,3488
diceevent_b1,diceevent_B1.bmp,162,127,3,13562
diceevent_b2,diceevent_B2.bmp,162,127,3,14727
diceevent_b3,diceevent_B3.bmp,162,127,3,14612
diceevent_b4,diceevent_B4.bmp,162,127,3,11312
egc,egc.bmp,100,7,3,99
egl,egl.bmp,1,7,3,78
egr,egr.bmp,1,7,3,77
enchantc,enchantc.bmp,1,7,3,78
enchantc_orange,enchantc_orange.bmp,1,7,3,78
enchantc_violet,enchantc_violet.bmp,1,7,3,78
enchantl,enchantl.bmp,1,7,3,78
enchantl_orange,enchantl_orange.bmp,1,7,3,78
enchantl_violet,enchantl_violet.bmp,1,7,3,78
enchantr,enchantr.bmp,1,7,3,78
enchantr_orange,enchantr_orange.bmp,1,7,3,78
enchantr_violet,enchantr_violet.bmp,1,7,3,78
event_bawi_0,event_bawi_0.bmp,100,100,3,9149
event_bawi_1,event_bawi_1.bmp,100,100,3,9143
event_bo_0,event_bo_0.bmp,100,100,3,11375
event_bo_1,event_bo_1.bmp,100,100,3,11338
event_kawi_0,event_kawi_0.bmp,100,100,3,10678
event_kawi_1,event_kawi_1.bmp,100,100,3,10432
extend,extend.bmp,15,15,3,661
flag_pl,flag_pl.bmp,32,24,3,143
flag_us,flag_us.bmp,32,24,3,1004
happye_bg,happyE_bg.bmp,381,414,4,49770
happye_buff_01,happyE_buff_01.bmp,64,64,3,6699
happye_buff_02,happyE_buff_02.bmp,64,64,3,5603
happye_buff_03,happyE_buff_03.bmp,64,64,3,5736
happye_buff_04,happyE_buff_04.bmp,64,64,3,4836
happye_buff_05,happyE_buff_05.bmp,64,64,3,4714
happye_buff_06,happyE_buff_06.bmp,64,64,3,5258
happye_buff_07,happyE_buff_07.bmp,64,64,3,4903
happye_buff_08,happyE_buff_08.bmp,64,64,3,4818
happye_buff_09,happyE_buff_09.bmp,64,64,3,3650
happye_buff_10,happyE_buff_10.bmp,64,64,3,5783
happye_buff_11,happyE_buff_11.bmp,64,64,3,6066
happye_buff_12,happyE_buff_12.bmp,64,64,3,5540
happye_buff_13,happyE_buff_13.bmp,64,64,3,5899
happye_buff_14,happyE_buff_14.bmp,64,64,3,5539
happye_buff_15,happyE_buff_15.bmp,64,64,4,1981
hell_life,hell_life.bmp,32,32,4,3070
hpc,hpc.bmp,100,7,3,100
hpl,hpl.bmp,1,7,3,78
hpr,hpr.bmp,1,7,3,77
item001,item001.bmp,32,32,4,1577
item002,item002.bmp,32,32,4,1123
item003,item003.bmp,32,32,4,2587
item004,item004.bmp,32,32,4,1552
item005,item005.bmp,32,32,4,1583
item006,item006.bmp,32,32,4,1747
item007,item007.bmp,32,32,4,1120
item008,item008.bmp,32,32,4,1818
item009,item009.bmp,32,32,4,609
item010,item010.bmp,32,32,4,1586
item011,item011.bmp,32,32,4,1347
item012,item012.bmp,32,32,4,1691
item013,item013.bmp,32,32,4,2184
item014,item014.bmp,32,32,4,2690
item015,item015.bmp,32,32,3,2387
item016,item016.bmp,32,32,4,1657
item017,item017.bmp,32,32,4,1622
item018,item018.bmp,32,32,4,548
item019,item019.bmp,32,32,4,1626
item020,item020.bmp,32,32,4,2278
item021,item021.bmp,32,32,4,1540
item022,item022.bmp,32,32,4,1752
item023,item023.bmp,32,32,4,1924
item024,item024.bmp,32,32,4,2281
item025,item025.bmp,32,32,4,2185
item026,item026.bmp,32,32,4,2085
item027,item027.bmp,32,32,4,2384
item028,item028.bmp,32,32,4,1646
item029,item029.bmp,32,32,4,1491
item030,item030.bmp,32,32,4,1734
item031,item031.bmp,32,32,4,1958
item032,item032.bmp,32,32,4,1350
item033,item033.bmp,32,32,4,2121
item034,item034.bmp,32,32,4,1708
item035,item035.bmp,32,32,4,1835
item036,item036.bmp,32,32,4,1090
item037,item037.bmp,32,32,4,2112
item038,item038.bmp,32,32,4,1856
item039,item039.bmp,32,32,4,2140
item040,item040.bmp,32,32,4,1215
item041,item041.bmp,32,32,4,1424
item042,item042.bmp,32,32,4,1524
item043,item043.bmp,32,32,4,1547
item044,item044.bmp,32,32,4,963
item045,item045.bmp,32,32,4,583
item046,item046.bmp,32,32,4,779
item047,item047.bmp,32,32,4,588
item048,item048.bmp,32,32,4,570
item049,item049.bmp,32,32,4,899
item050,item050.bmp,32,32,4,1085
item051,item051.bmp,32,32,4,901
item052,item052.bmp,32,32,4,969
item053,item053.bmp,32,32,4,902
item054,item054.bmp,32,32,4,1021
item055,item055.bmp,32,32,4,1083
item056,item056.bmp,32,32,4,734
item057,item057.bmp,32,32,4,1802
item058,item058.bmp,32,32,4,1622
item059,item059.bmp,32,32,4,2231
item060,item060.bmp,32,32,4,944
item061,item061.bmp,32,32,4,1047
item062,item062.bmp,32,32,4,1120
item063,item063.bmp,32,32,4,1252
item064,item064.bmp,32,32,4,1332
item065,item065.bmp,32,32,4,1243
item066,item066.bmp,32,32,4,1013
item067,item067.bmp,32,32,4,990
item068,item068.bmp,32,32,4,1380
item069,item069.BMP,32,32,4,2130
item070,item070.BMP,32,32,4,2164
item071,item071.BMP,32,32,4,2198
item072,item072.BMP,32,32,4,2167
item073,item073.BMP,32,32,4,2169
item074,item074.BMP,32,32,4,2200
item075,item075.BMP,32,32,4,1902
item076,item076.BMP,32,32,4,2306
item077,item077.bmp,32,32,4,2254
item078,item078.BMP,32,32,4,2432
item078_01,item078_01.BMP,32,32,3,1719
item078_02,item078_02.bmp,32,32,3,2113
item078_03,item078_03.bmp,32,32,3,2229
item078_04,item078_04.bmp,32,32,3,2501
item079,item079.BMP,32,32,4,2175
item079_01,item079_01.BMP,32,32,3,1722
item079_02,item079_02.bmp,32,32,3,2648
item079_03,item079_03.bmp,32,32,3,2280
item079_04,item079_04.bmp,32,32,3,1889
item080,item080.BMP,32,32,4,1959
item080_01,item080_01.BMP,32,32,3,2106
item080_02,item080_02.bmp,32,32,3,1859
item080_03,item080_03.bmp,32,32,3,2755
item080_04,item080_04.bmp,32,32,3,2537
item081,item081.bmp,32,32,4,2677
item082,item082.bmp,32,32,4,2396
item083,item083.bmp,32,32,4,2127
item084,item084.bmp,32,32,4,2002
item085,item085.bmp,32,32,4,2776
item086,item086.bmp,32,32,4,2205
item087,item087.BMP,32,32,3,2535
item088,item088.bmp,32,32,4,2359
item089,item089.BMP,32,32,4,2309
item090,item090.BMP,32,32,4,2049
item091,item091.BMP,32,32,4,1627
item092,item092.bmp,32,32,4,1603
item093,item093.BMP,32,32,4,1358
item094,item094.BMP,32,32,4,1279
item095,item095.BMP,32,32,4,1987
item096,item096.bmp,32,32,4,1681
item097,item097.bmp,32,32,4,1647
item098,item098.bmp,32,32,3,1383
item099,item099.bmp,32,32,4,1416
item100,item100.bmp,32,32,4,1560
item1001,item1001.bmp,32,32,3,2778
item1002,item1002.bmp,32,32,3,2840
item1004,item1004.bmp,32,32,3,2933
item1005,item1005.bmp,32,32,3,3133
item1006,item1006.bmp,32,32,3,2177
item1007,item1007.bmp,32,32,3,1802
item1008,item1008.bmp,32,32,3,3006
item1009,item1009.bmp,32,32,3,2203
item101,item101.bmp,32,32,4,1694
item1010,item1010.bmp,32,32,3,2237
item1011,item1011.bmp,32,32,3,2942
item1012,item1012.bmp,32,32,4,1962
item1013,item1013.bmp,32,32,3,2289
item1014,item1014.bmp,32,32,3,2281
item102,item102.bmp,32,32,4,1202
item103,item103.bmp,32,32,4,1707
item104,item104.BMP,32,32,4,1117
item105,item105.BMP,32,32,4,1624
item106,item106.BMP,32,32,4,2376
item107,item107.BMP,32,32,4,2290
item108,item108.BMP,32,32,4,1242
item109,item109.BMP,32,32,4,2079
item110,item110.BMP,32,32,3,2925
item111,item111.BMP,32,32,4,1950
item112,item112.bmp,32,32,4,1485
item113,item113.bmp,32,32,4,2479
item114,item114.bmp,32,32,3,2819
item115,item115.bmp,32,32,4,2354
item116,item116.bmp,32,32,4,1343
item117,item117.bmp,32,32,4,1725
item118,item118.bmp,32,32,4,1798
item119,item119.bmp,32,32,4,1094
item120,item120.bmp,32,32,4,1706
item121,item121.bmp,32,32,4,2195
item122,item122.bmp,32,32,3,2602
item123,item123.bmp,32,32,4,878
item124,item124.bmp,32,32,4,1146
item125,item125.bmp,32,32,4,1513
item126,item126.bmp,32,32,4,1762
item127,item127.bmp,32,32,4,1082
item128,item128.bmp,32,32,4,1667
item129,item129.bmp,32,32,4,1972
item130,item130.bmp,32,32,3,2515
item131,item131.bmp,32,32,4,824
item132,item132.bmp,32,32,4,1124
item133,item133.bmp,32,32,4,1455
item134,item134.BMP,32,32,4,2881
item135,item135.BMP,32,32,3,2828
item136,item136.BMP,32,32,3,2363
item137,item137.BMP,32,32,3,1379
item138,item138.BMP,32,32,3,1303
item139,item139.BMP,32,32,3,2380
item140,item140.BMP,32,32,3,1620
item141,item141.BMP,32,32,3,2162
item142,item142.BMP,32,32,4,2200
item143,item143.BMP,32,32,3,1695
item144,item144.BMP,32,32,4,1973
item145,item145.BMP,32,32,4,1906
item146,item146.BMP,32,32,4,1935
item147,item147.BMP,32,32,4,2014
item148,item148.bmp,32,32,4,1804
item149,item149.bmp,32,32,4,1384
item150,item150.BMP,32,32,3,1374
item151,item151.BMP,32,32,3,1295
item152,item152.BMP,32,32,3,1331
item153,item153.BMP,32,32,3,1426
item154,item154.BMP,32,32,3,1237
item155,item155.BMP,32,32,4,1623
item156,item156.BMP,32,32,4,2180
item157,item157.BMP,32,32,4,2246
item158,item158.BMP,32,32,4,2393
item159,item159.BMP,32,32,4,1865
item160,item160.BMP,32,32,4,2310
item161,item161.BMP,32,32,4,2242
item162,item162.bmp,32,32,3,1445
item163,item163.bmp,32,32,3,1462
item164,item164.bmp,32,32,4,3205
item165,item165.bmp,32,32,4,2241
item166,item166.bmp,32,32,4,1993
item167,item167.bmp,32,32,4,1993
item168,item168.bmp,32,32,4,2029
item169,item169.bmp,32,32,4,2021
item170,item170.bmp,32,32,4,2035
item171,item171.bmp,32,32,4,2040
item172,item172.bmp,32,32,4,2025
item173,item173.bmp,32,32,4,1985
item174,item174.bmp,32,32,4,2079
item175,item175.bmp,32,32,3,2283
item176,item176.bmp,32,32,3,2989
item177,item177.bmp,32,32,3,2994
item178,item178.bmp,32,32,3,2958
item179,item179.bmp,32,32,4,2226
item180,item180.bmp,32,32,3,2882
item181,item181.bmp,32,32,3,2956
item182,item182.bmp,32,32,3,2983
item183,item183.bmp,32,32,3,3063
item184,item184.bmp,32,32,3,2746
item185,item185.bmp,32,32,3,1775
item186,item186.bmp,32,32,4,1607
item187,item187.bmp,32,32,4,2188
item188,item188.bmp,32,32,4,1488
item189,item189.bmp,32,32,4,1640
item190,item190.bmp,32,32,4,1946
item191,item191.bmp,32,32,4,2548
item192,item192.bmp,32,32,4,2008
item193,item193.bmp,32,32,4,2646
item194,item194.bmp,32,32,3,3142
item195,item195.bmp,32,32,3,3172
item196,item196.bmp,32,32,3,3172
item197,item197.bmp,32,32,3,3172
item198,item198.bmp,32,32,3,3172
item199,item199.bmp,32,32,3,2917
item200,item200.bmp,32,32,3,3038
item201,item201.bmp,32,32,3,3166
item215,item215.bmp,32,32,4,163
item216,item216.bmp,32,32,4,411
item217,item217.bmp,32,32,4,138
item218,item218.bmp,32,32,4,709
item219,item219.bmp,32,32,4,360
item220,item220.bmp,32,32,4,354
item221,item221.bmp,32,32,4,437
item222,item222.bmp,32,32,4,520
item223,item223.bmp,32,32,4,410
item224,item224.bmp,32,32,4,187
item225,item225.bmp,32,32,4,194
item226,item226.bmp,32,32,4,171
item227,item227.bmp,32,32,4,498
item228,item228.bmp,32,32,4,809
item229,item229.bmp,32,32,4,557
item230,item230.bmp,32,32,4,781
item231,item231.bmp,32,32,4,168
item232,item232.bmp,32,32,4,424
item233,item233.bmp,32,32,4,875
item234,item234.bmp,32,32,4,538
item235,item235.bmp,32,32,4,1273
item236,item236.bmp,32,32,4,732
item237,item237.bmp,32,32,4,1419
item238,item238.bmp,32,32,4,418
item239,item239.bmp,32,32,4,194
item240,item240.bmp,32,32,4,468
item241,item241.bmp,32,32,4,548
item242,item242.bmp,32,32,4,1100
item243,item243.bmp,32,32,4,623
item244,item244.bmp,32,32,4,166
item245,item245.bmp,32,32,4,496
item246,item246.bmp,32,32,4,918
item247,item247.bmp,32,32,3,3115
item248,item248.bmp,32,32,3,3136
item249,item249.bmp,32,32,3,3147
item250,item250.bmp,32,32,3,3125
item251,item251.bmp,32,32,3,3132
item252,item252.bmp,32,32,3,3136
item253,item253.bmp,32,32,3,3094
item254,item254.bmp,32,32,3,3139
item255,item255.bmp,32,32,3,3115
item256,item256.bmp,32,32,3,3143
item257,item257.bmp,32,32,3,3145
item258,item258.bmp,32,32,3,3129
item259,item259.bmp,32,32,3,3142
item260,item260.bmp,32,32,3,3136
item261,item261.bmp,32,32,3,3128
item293,item293.bmp,32,32,4,1987
item294,item294.bmp,32,32,3,1933
item295,item295.bmp,32,32,4,1709
item296,item296.bmp,32,32,4,1780
item297,item297.bmp,32,32,4,1845
item298,item298.bmp,32,32,4,1405
item299,item299.bmp,32,32,4,1274
item300,item300.bmp,32,32,4,1304
item301,item301.bmp,32,32,4,1865
item302,item302.bmp,32,32,4,1903
item303,item303.bmp,32,32,4,1823
item304,item304.bmp,32,32,4,1637
item305,item305.bmp,32,32,4,1394
item306,item306.bmp,32,32,4,2099
item307,item307.bmp,32,32,4,2043
item308,item308.bmp,32,32,4,1911
item309,item309.bmp,32,32,4,1537
item310,item310.bmp,32,32,3,3172
item311,item311.bmp,32,32,3,3172
item312,item312.bmp,32,32,3,3148
item313,item313.bmp,32,32,3,3152
item314,item314.bmp,32,32,3,2908
item315,item315.bmp,32,32,3,2840
item316,item316.bmp,32,32,3,3133
item317,item317.bmp,32,32,3,3121
item318,item318.bmp,32,32,3,3145
item319,item319.bmp,32,32,4,3192
item320,item320.bmp,32,32,3,3121
item321,item321.bmp,32,32,3,3172
item322,item322.bmp,32,32,3,3172
item323,item323.bmp,32,32,3,3172
item324,item324.bmp,32,32,3,3158
item325,item325.bmp,32,32,3,2991
item326,item326.bmp,32,32,3,2754
item327,item327.bmp,32,32,3,3042
item328,item328.bmp,32,32,3,2910
item329,item329.bmp,32,32,3,3156
item330,item330.bmp,32,32,3,3144
item331,item331.bmp,32,32,4,2289
item332,item332.bmp,32,32,4,2289
item333,item333.bmp,32,32,4,2300
item334,item334.bmp,32,32,4,2294
item335,item335.bmp,32,32,4,2281
item336,item336.bmp,32,32,4,2297
item337,item337.bmp,32,32,4,2234
item338,item338.bmp,32,32,4,2251
item339,item339.bmp,32,32,4,2317
item340,item340.bmp,32,32,4,2300
item341,item341.bmp,32,32,4,2295
item342,item342.bmp,32,32,4,2258
item343,item343.bmp,32,32,4,2274
item344,item344.bmp,32,32,4,2254
item345,item345.bmp,32,32,3,3162
item348,item348.bmp,32,32,3,3153
item349,item349.bmp,32,32,3,3111
item350,item350.bmp,32,32,4,1288
item351,item351.bmp,32,32,3,2989
item353,item353.bmp,32,32,3,1605
item354,item354.bmp,32,32,3,1719
item355,item355.bmp,32,32,3,1603
item356,item356.bmp,32,32,3,2968
item357,item357.bmp,32,32,3,2357
item358,item358.bmp,32,32,3,2662
item359,item359.bmp,32,32,3,2970
item360,item360.bmp,32,32,3,2954
item361,item361.bmp,32,32,3,3016
item362,item362.bmp,32,32,3,3023
item363,item363.bmp,32,32,4,1082
item364,item364.bmp,32,32,4,1570
item365,item365.bmp,32,32,3,2631
item366,item366.bmp,32,32,3,2905
item367,item367.bmp,32,32,3,2486
item368,item368.bmp,32,32,3,2281
item369,item369.bmp,32,32,3,2836
item370,item370.bmp,32,32,3,2942
item371,item371.bmp,32,32,3,2858
item372,item372.bmp,32,32,3,2916
item373,item373.bmp,32,32,3,2756
item374,item374.bmp,32,32,3,3009
item375,item375.bmp,32,32,3,2876
item376,item376.bmp,32,32,3,3090
item377,item377.bmp,32,32,3,2786
item378,item378.bmp,32,32,3,2807
item379,item379.bmp,32,32,3,2731
item380,item380.bmp,32,32,3,2907
item381,item381.bmp,32,32,3,2805
item382,item382.bmp,32,32,3,2699
item383,item383.bmp,32,32,3,2691
item384,item384.bmp,32,32,3,2765
item385,item385.bmp,32,32,3,2980
item386,item386.bmp,32,32,3,2865
item387,item387.bmp,32,32,3,2956
item388,item388.bmp,32,32,3,2865
item389,item389.bmp,32,32,3,2827
item390,item390.bmp,32,32,3,2882
item391,item391.bmp,32,32,3,2754
item392,item392.bmp,32,32,3,2885
item393,item393.bmp,32,32,3,2951
item394,item394.bmp,32,32,3,2754
item395,item395.bmp,32,32,4,3070
item396,item396.bmp,32,32,3,2855
item397,item397.bmp,32,32,3,2933
item398,item398.bmp,32,32,3,2754
item399,item399.bmp,32,32,4,3063
item400,item400.bmp,32,32,3,2864
item401,item401.bmp,32,32,4,3083
item402,item402.bmp,32,32,3,2754
item403,item403.bmp,32,32,4,3077
item404,item404.bmp,32,32,3,2875
item405,item405.bmp,32,32,3,3016
item406,item406.bmp,32,32,3,3016
item407,item407.bmp,32,32,3,3016
item408,item408.bmp,32,32,3,3016
item409,item409.bmp,32,32,3,3016
item410,item410.bmp,32,32,3,3064
item411,item411.bmp,32,32,3,1894
item412,item412.bmp,32,32,3,2146
item413,item413.bmp,32,32,3,2047
item414,item414.bmp,32,32,3,2846
item415,item415.bmp,32,32,3,2508
item416,item416.bmp,32,32,3,2245
item417,item417.bmp,32,32,3,2628
item418,item418.bmp,32,32,4,2887
item419,item419.bmp,32,32,3,2797
item420,item420.bmp,32,32,3,2715
item421,item421.bmp,32,32,3,3001
item422,item422.bmp,32,32,3,2835
item423,item423.bmp,32,32,3,3001
item424,item424.bmp,32,32,3,2735
item425,item425.bmp,32,32,3,2866
item426,item426.bmp,32,32,3,3040
item427,item427.bmp,32,32,3,3009
item428,item428.bmp,32,32,3,2007
item429,item429.bmp,32,32,4,2401
item430,item430.bmp,32,32,4,2761
item431,item431.bmp,32,32,3,2915
item432,item432.bmp,32,32,3,2897
item441,item441.bmp,32,32,4,899
item442,item442.bmp,32,32,4,1864
item442_01,item442_01.bmp,32,32,3,2212
item442_02,item442_02.bmp,32,32,3,2229
item442_03,item442_03.bmp,32,32,3,2248
item442_04,item442_04.bmp,32,32,3,2539
item443,item443.bmp,32,32,3,2946
item444,item444.bmp,32,32,3,3080
item445,item445.bmp,32,32,3,3077
item446,item446.bmp,32,32,3,3102
item447,item447.bmp,32,32,3,3077
item448,item448.bmp,32,32,3,3080
item455,item455.bmp,32,32,3,3116
item456,item456.bmp,32,32,3,2920
item457,item457.bmp,32,32,3,3081
item458,item458.bmp,32,32,3,2871
item459,item459.bmp,32,32,3,3144
item460,item460.bmp,32,32,3,3154
item461,item461.bmp,32,32,3,2916
item462,item462.bmp,32,32,3,3036
item463,item463.bmp,32,32,3,3041
item464,item464.bmp,32,32,3,2797
item465,item465.bmp,32,32,3,2947
item472,item472.bmp,32,32,3,3104
item473,item473.bmp,32,32,3,2922
item474,item474.bmp,32,32,3,3067
item475,item475.bmp,32,32,3,3066
item476,item476.bmp,32,32,3,2815
item477,item477.bmp,32,32,3,3088
item478,item478.bmp,32,32,3,3088
item479,item479.bmp,32,32,3,2838
item480,item480.bmp,32,32,3,3172
item481,item481.bmp,32,32,3,3093
item482,item482.bmp,32,32,3,3073
item483,item483.bmp,32,32,3,3040
item484,item484.bmp,32,32,3,2983
item485,item485.bmp,32,32,3,2897
item486,item486.bmp,32,32,3,3052
item487,item487.bmp,32,32,3,3161
item489,item489.bmp,32,32,3,3032
item490,item490.bmp,32,32,3,2944
item491,item491.bmp,32,32,3,2823
item492,item492.bmp,32,32,3,3084
item493,item493.bmp,32,32,3,2735
item494,item494.bmp,32,32,3,2999
item495,item495.bmp,32,32,3,2774
item496,item496.bmp,32,32,3,3050
item497,item497.bmp,32,32,3,2699
item498,item498.bmp,32,32,3,3051
item499,item499.bmp,32,32,3,2780
item500,item500.bmp,32,32,3,2920
item501,item501.bmp,32,32,3,3076
item502,item502.bmp,32,32,3,2995
item504,item504.bmp,32,32,3,3043
item505,item505.bmp,32,32,3,3076
item506,item506.bmp,32,32,3,2948
item507,item507.bmp,32,32,3,3172
item508,item508.bmp,32,32,3,2944
item509,item509.bmp,32,32,4,1781
item531,item531.bmp,32,32,3,2804
item535,item535.BMP,32,32,3,3128
item536,item536.BMP,32,32,3,3099
item537,item537.BMP,32,32,3,2952
item538,item538.bmp,32,32,3,2608
item539,item539.bmp,32,32,3,2538
item540,item540.bmp,32,32,3,2657
item541,item541.bmp,32,32,3,2959
item542,item542.bmp,32,32,3,3081
item543,item543.bmp,32,32,3,3093
item544,item544.bmp,32,32,3,1674
item545,item545.bmp,32,32,3,1684
item546,item546.bmp,32,32,3,1682
item5529,item5529.bmp,32,32,3,3129
item556,item556.bmp,32,32,4,2726
item557,item557.bmp,32,32,4,1706
item558,item558.bmp,32,32,4,1968
item559,item559.bmp,32,32,4,2459
item560,item560.bmp,32,32,4,971
item561,item561.bmp,32,32,4,1512
item562,item562.bmp,32,32,4,1695
item563,item563.bmp,32,32,4,1695
item564,item564.bmp,32,32,4,1690
item565,item565.bmp,32,32,4,878
item566,item566.bmp,32,32,4,996
item567,item567.bmp,32,32,4,2595
item568,item568.bmp,32,32,4,2355
item569,item569.bmp,32,32,4,2468
item570,item570.bmp,32,32,3,2104
item571,item571.bmp,32,32,4,2300
item572,item572.bmp,32,32,4,1531
item573,item573.bmp,32,32,3,3082
item574,item574.bmp,32,32,4,2609
item575,item575.bmp,32,32,4,1916
item576,item576.bmp,32,32,4,1605
item577,item577.bmp,32,32,4,1790
item578,item578.bmp,32,32,4,1306
item579,item579.bmp,32,32,4,2010
item580,item580.bmp,32,32,4,1997
item581,item581.bmp,32,32,4,1995
item582,item582.bmp,32,32,4,2043
item583,item583.bmp,32,32,4,1958
item584,item584.bmp,32,32,4,2027
item585,item585.bmp,32,32,4,1738
item586,item586.bmp,32,32,4,555
item587,item587.bmp,32,32,4,597
item588,item588.bmp,32,32,4,568
item615,item615.bmp,32,32,3,2866
item616,item616.bmp,32,32,3,2984
item626,item626.bmp,32,32,4,1839
item627,item627.bmp,32,32,4,1847
item629,item629.bmp,32,32,3,2748
item631,item631.bmp,32,32,4,1838
item632,item632.bmp,32,32,4,1832
item633,item633.bmp,32,32,4,1835
item740,item740.bmp,32,32,4,3410
item9821,item9821.bmp,32,32,3,2837
item_change-image_fix,item_change-image_fix.bmp,240,350,3,61914
item_change_confirm-image,item_change_confirm-image.bmp,292,155,4,46446
item_mixing,item_mixing.bmp,295,335,3,226481
join,join.bmp,52,52,4,493
loading-e,loading-e.bmp,491,67,4,10826
loading,loading.bmp,491,67,3,25118
lock,lock.BMP,16,16,4,473
loginbg,loginbg.bmp,275,307,4,145093
loginbg_larger,loginbg_larger.bmp,275,334,4,145457
loginbg_new,loginbg_new.bmp,315,307,4,145873
luckybagc,luckybagc.bmp,1,18,3,123
luckybagl,luckybagl.bmp,1,18,3,121
luckybagr,luckybagr.bmp,1,18,3,120
main_left,main_left.bmp,69,41,4,6461
main_right,main_right.bmp,14,42,3,1745
menu_guild,menu_guild.bmp,32,32,4,3630
menu_info,menu_info.bmp,32,32,4,3496
menu_inventory,menu_inventory.bmp,32,32,4,3612
menu_map,menu_map.bmp,32,32,4,3474
menu_option,menu_option.bmp,32,32,4,3672
menu_party,menu_party.bmp,32,32,4,3717
menu_script,menu_script.bmp,32,32,4,3655
menu_skill,menu_skill.bmp,32,32,4,3872
minimap_n,minimap_n.bmp,1024,1536,3,489075
mpc,mpc.bmp,400,7,3,117
mpl,mpl.bmp,1,7,3,78
mpr,mpr.bmp,1,7,3,77
npc,npc.bmp,200,200,3,95327
number_key000,number_key000.bmp,15,21,3,205
number_key001,number_key001.bmp,32,21,3,216
number_key002,number_key002.bmp,40,21,3,1563
number_key003,number_key003.bmp,49,21,3,1611
number_key004,number_key004.bmp,26,21,3,1406
passive001,passive001.bmp,32,32,4,3521
passive002,passive002.bmp,32,32,4,3942
passive003,passive003.bmp,32,32,4,3932
passive004,passive004.bmp,32,32,4,3858
passive005,passive005.bmp,32,32,4,3617
passive006,passive006.bmp,32,32,4,2873
passive007,passive007.BMP,32,32,4,1516
passive008,passive008.bmp,32,32,4,2121
passive009,passive009.BMP,32,32,4,2845
passive010,passive010.BMP,32,32,4,2519
passive011,passive011.BMP,32,32,4,1641
passive012,passive012.BMP,32,32,4,2692
passive013,passive013.BMP,32,32,4,1615
passive014,passive014.bmp,32,32,4,1615
passive015,passive015.BMP,32,32,4,1972
passive016,passive016.BMP,32,32,4,3083
passive017,passive017.bmp,32,32,4,2364
passive018,passive018.bmp,32,32,4,3255
passive019,passive019.bmp,32,32,4,3175
passive020,passive020.bmp,32,32,4,3192
passive021,passive021.bmp,32,32,4,3187
passive022,passive022.bmp,32,32,4,3120
passive023,passive023.bmp,32,32,4,3023
passive024,passive024.bmp,32,32,4,2967
passive025,passive025.bmp,32,32,4,2810
passive026,passive026.bmp,32,32,4,2998
passive027,passive027.bmp,32,32,4,2485
passive028,passive028.bmp,32,32,4,3089
passive029,passive029.bmp,32,32,4,3018
passive030,passive030.BMP,32,32,4,1516
passive031,passive031.BMP,32,32,4,1516
passive032,passive032.bmp,32,32,4,2763
passive033,passive033.bmp,32,32,4,3155
passive034,passive034.bmp,32,32,4,3157
passive035,passive035.bmp,32,32,4,3147
passive036,passive036.bmp,32,32,4,3036
passive037,passive037.bmp,32,32,4,3050
passive038,passive038.bmp,32,32,4,3236
passive039,passive039.bmp,32,32,4,3142
pattern_button_center,pattern_button_center.bmp,2,21,3,180
pattern_button_left,pattern_button_left.bmp,25,21,3,1129
pattern_button_right,pattern_button_right.bmp,48,21,3,2432
pattern_deco_center,pattern_deco_center.bmp,63,11,3,1735
pattern_deco_left,pattern_deco_left.bmp,37,11,3,1112
pattern_deco_right,pattern_deco_right.bmp,37,11,3,1139
pattern_title_center,pattern_title_center.bmp,2,21,3,180
pattern_title_left,pattern_title_left.bmp,76,21,3,3743
pattern_title_right,pattern_title_right.bmp,124,21,3,6353
pet001,pet001.bmp,32,32,3,2874
pet002,pet002.bmp,32,32,3,2952
pet003,pet003.bmp,32,32,3,3095
pet004,pet004.bmp,32,32,3,3063
pet005,pet005.bmp,32,32,3,2941
pet006,pet006.bmp,32,32,3,2986
pet007,pet007.bmp,32,32,3,2822
pet008,pet008.bmp,32,32,3,2871
pet009,pet009.bmp,32,32,3,2874
pet010,pet010.bmp,32,32,3,2952
pet011,pet011.bmp,32,32,3,3095
pet012,pet012.bmp,32,32,3,3063
pet013,pet013.bmp,32,32,3,2941
pet014,pet014.bmp,32,32,3,2986
pet015,pet015.bmp,32,32,3,2822
pet016,pet016.bmp,32,32,3,2871
pileskill_r,pileskill_r.bmp,37,24,4,1223
premium_shop_bango_001,premium_shop_bango_001.bmp,32,32,4,3973
premium_shop_bango_002,premium_shop_bango_002.bmp,32,32,3,2883
premium_shop_bango_003,premium_shop_bango_003.bmp,32,32,3,2883
quickslot_bottom,quickslot_bottom.bmp,41,11,3,1306
quickslot_top,quickslot_top.bmp,41,39,3,4048
red,red.bmp,65,31,4,1662
redeng,redENG.bmp,65,31,4,1462
red_0,red_0.bmp,21,31,4,1021
red_1,red_1.bmp,21,31,4,310
red_2,red_2.bmp,21,31,4,837
red_3,red_3.bmp,21,31,4,773
red_4,red_4.bmp,21,31,4,628
red_5,red_5.bmp,21,31,4,801
red_6,red_6.bmp,21,31,4,824
red_7,red_7.bmp,21,31,4,687
red_8,red_8.bmp,21,31,4,933
red_9,red_9.bmp,21,31,4,850
reduce,reduce.bmp,15,15,3,689
scoreblue_0,scoreblue_0.bmp,15,21,4,680
scoreblue_1,scoreblue_1.bmp,15,21,4,428
scoreblue_2,scoreblue_2.bmp,15,21,4,611
scoreblue_3,scoreblue_3.bmp,15,21,4,645
scoreblue_4,scoreblue_4.bmp,15,21,4,616
scoreblue_5,scoreblue_5.bmp,15,21,4,661
scoreblue_6,scoreblue_6.bmp,15,21,4,699
scoreblue_7,scoreblue_7.bmp,15,21,4,585
scoreblue_8,scoreblue_8.bmp,15,21,4,722
scoreblue_9,scoreblue_9.bmp,15,21,4,635
scoreblueminus,scoreblueminus.bmp,15,21,4,263
scorered_0,scorered_0.bmp,15,21,4,656
scorered_1,scorered_1.bmp,15,21,4,420
scorered_2,scorered_2.bmp,15,21,4,585
scorered_3,scorered_3.bmp,15,21,4,600
scorered_4,scorered_4.bmp,15,21,4,595
scorered_5,scorered_5.bmp,15,21,4,622
scorered_6,scorered_6.bmp,15,21,4,654
scorered_7,scorered_7.bmp,15,21,4,555
scorered_8,scorered_8.bmp,15,21,4,688
scorered_9,scorered_9.bmp,15,21,4,602
scoreredminus,scoreredminus.bmp,15,21,4,252
scroll_tab,scroll_tab.bmp,9,14,3,423
serverbg,serverbg.bmp,275,343,4,159864
shop001,shop001.BMP,32,32,3,2152
shop002,shop002.BMP,32,32,3,2772
shop003,shop003.BMP,32,32,3,3110
shop004,shop004.BMP,32,32,3,3128
shop005,shop005.BMP,32,32,3,2038
shop006,shop006.BMP,32,32,3,2689
shop007,shop007.BMP,32,32,3,3006
shop008,shop008.BMP,32,32,3,3129
shop009,shop009.BMP,32,32,3,2793
shop010,shop010.BMP,32,32,3,2912
shop011,shop011.BMP,32,32,3,3129
shop012,shop012.BMP,32,32,3,3136
shop013,shop013.BMP,32,32,3,3155
shop014,shop014.BMP,32,32,3,3157
shop015,shop015.bmp,32,32,3,2469
shop016,shop016.bmp,32,32,3,2977
shop017,shop017.bmp,32,32,3,3003
shop018,shop018.BMP,32,32,3,3160
shop019,shop019.BMP,32,32,3,3167
shop020,shop020.BMP,32,32,3,3120
shop021,shop021.BMP,32,32,3,2969
shop022,shop022.bmp,32,32,3,3102
shop023,shop023.bmp,32,32,4,3174
shop024,shop024.bmp,32,32,3,3013
shop025,shop025.bmp,32,32,3,3111
shop027,shop027.bmp,32,32,4,3305
shop028,shop028.bmp,32,32,4,3336
shop029,shop029.bmp,32,32,3,2897
shop030,shop030.bmp,32,32,3,3017
shop031,shop031.bmp,32,32,3,3075
shop032,shop032.bmp,32,32,4,1132
shop033,shop033.bmp,32,32,4,1326
shop034,shop034.bmp,32,32,4,1124
shop035,shop035.bmp,32,32,4,1128
shop036,shop036.bmp,32,32,4,1487
shop037,shop037.bmp,32,32,3,2819
shop038,shop038.bmp,32,32,3,3029
shop039,shop039.bmp,32,32,3,3124
shop040,shop040.bmp,32,32,4,3043
shop041,shop041.bmp,32,32,4,3092
shop042,shop042.bmp,32,32,4,2895
shop043,shop043.bmp,32,32,4,2856
shop044,shop044.bmp,32,32,4,979
shop045,shop045.bmp,32,32,4,973
shop046,shop046.bmp,32,32,3,3147
shop047,shop047.bmp,32,32,3,3050
shop048,shop048.bmp,32,32,3,3049
shop049,shop049.bmp,32,32,3,3133
shop050,shop050.bmp,32,32,3,3064
shop051,shop051.bmp,32,32,3,3025
shop052,shop052.bmp,32,32,3,3025
shop053,shop053.bmp,32,32,3,3103
shop054,shop054.bmp,32,32,3,3016
shop057,shop057.bmp,32,32,4,2546
shop058,shop058.bmp,32,32,3,3101
shop059,shop059.bmp,32,32,3,2976
shop060,shop060.bmp,32,32,3,2011
shop061,shop061.bmp,32,32,4,759
shop062,shop062.bmp,32,32,3,3128
shop063,shop063.bmp,32,32,3,3048
shop064,shop064.bmp,32,32,3,3023
shop065,shop065.bmp,32,32,3,3131
shop066,shop066.bmp,32,32,3,3157
shop067,shop067.bmp,32,32,3,2997
shop068,shop068.bmp,32,32,3,3058
shop069,shop069.bmp,32,32,3,3118
shop070,shop070.bmp,32,32,3,3093
shop071,shop071.bmp,32,32,3,3112
shop073,shop073.bmp,32,32,3,3113
shop074,shop074.bmp,32,32,3,3172
shop114,shop114.bmp,32,32,3,3161
shop115,shop115.bmp,32,32,3,3113
shop116,shop116.bmp,32,32,3,3083
shop124,shop124.bmp,32,32,3,2849
shop125,shop125.bmp,32,32,3,3080
shop126,shop126.bmp,32,32,3,1355
shop127,shop127.bmp,32,32,3,1679
shop128,shop128.bmp,32,32,3,1947
shop129,shop129.bmp,32,32,3,3049
shop134,shop134.bmp,32,32,4,2191
shopbuff_001,shopbuff_001.bmp,24,24,3,1820
shopbuff_002,shopbuff_002.bmp,24,24,3,1820
shopbuff_003,shopbuff_003.bmp,24,24,3,1820
shopbuff_004,shopbuff_004.bmp,24,24,3,1820
shopbuff_005,shopbuff_005.bmp,24,24,4,1924
shopbuff_006,shopbuff_006.bmp,24,24,3,1792
shopbuff_007,shopbuff_007.bmp,24,24,3,1820
shopbuff_008,shopbuff_008.bmp,24,24,4,2007
shopbuff_009,shopbuff_009.bmp,24,24,4,1993
shopbuff_010,shopbuff_010.bmp,24,24,3,1806
shopbuff_011,shopbuff_011.bmp,24,24,4,712
shopbuff_012,shopbuff_012.bmp,24,24,4,860
shopbuff_013,shopbuff_013.bmp,24,24,4,720
shopbuff_014,shopbuff_014.bmp,24,24,4,721
shopbuff_015,shopbuff_015.bmp,24,24,4,941
shopbuff_016,shopbuff_016.bmp,24,24,3,1820
shopbuff_017,shopbuff_017.bmp,24,24,3,1596
silverluckybagc,silverluckybagc.bmp,1,18,3,118
silverluckybagl,silverluckybagl.bmp,1,18,3,118
silverluckybagr,silverluckybagr.bmp,1,18,3,118
sinsu001,sinsu001.bmp,32,32,4,2634
sinsu002,sinsu002.bmp,32,32,4,2636
sinsu003,sinsu003.bmp,32,32,4,2635
sinsu004,sinsu004.bmp,32,32,3,2878
slotbg_boots,slotbg_boots.bmp,32,32,4,1114
slotbg_gauntlet,slotbg_gauntlet.bmp,32,32,4,1257
slotbg_helmet,slotbg_helmet.bmp,32,32,4,1065
slotbg_lower,slotbg_lower.bmp,32,32,4,1301
slotbg_pet,slotbg_pet.bmp,32,32,4,1729
slotbg_shield,slotbg_shield.bmp,32,32,4,1341
slotbg_upper,slotbg_upper.bmp,32,32,4,1419
slotbg_weapon,slotbg_weapon.bmp,32,32,4,1301
sloteffect005,sloteffect005.bmp,32,32,4,168
sloteffect007_new,sloteffect007_new.bmp,32,32,4,116
sloteffect007_old,sloteffect007_old.bmp,32,32,4,116
smallloading01,smallloading01.bmp,380,214,3,144573
smallloading02,smallloading02.bmp,380,214,3,130143
smallloading03,smallloading03.bmp,380,214,3,140583
smallloading04,smallloading04.bmp,380,214,3,172877
smallloading05,smallloading05.bmp,380,214,3,190278
smallloading06,smallloading06.bmp,380,214,3,185609
smallloading07,smallloading07.bmp,380,214,3,175815
smallloading08,smallloading08.bmp,380,214,3,132481
smallloading09,smallloading09.bmp,380,214,3,141660
smallloading10,smallloading10.bmp,380,214,3,143224
smallloading11,smallloading11.bmp,380,214,4,85112
smallloading12,smallloading12.bmp,380,214,3,207320
smallloading13,smallloading13.bmp,380,214,3,216560
sp_interface,sp_interface.bmp,227,120,4,34642
status_left,status_left.bmp,13,52,3,1920
status_right,status_right.bmp,96,53,4,12772
test_image,test_image.bmp,200,200,4,470
test_image2,test_image2.bmp,30,100,4,127
time10,time10.bmp,51,34,4,2194
time15,time15.bmp,51,33,4,2322
time5,time5.bmp,38,33,4,1693
time_0,time_0.bmp,12,17,4,444
time_1,time_1.bmp,12,17,4,280
time_2,time_2.bmp,12,17,4,425
time_3,time_3.bmp,12,17,4,416
time_4,time_4.bmp,12,17,4,417
time_5,time_5.bmp,12,17,4,441
time_6,time_6.bmp,12,17,4,440
time_7,time_7.bmp,12,17,4,389
time_8,time_8.bmp,12,17,4,475
time_9,time_9.bmp,12,17,4,412
time_sep,time_sep.bmp,12,17,4,196
timered_0,timered_0.bmp,12,17,4,340
timered_1,timered_1.bmp,12,17,4,224
timered_2,timered_2.bmp,12,17,4,322
timered_3,timered_3.bmp,12,17,4,308
timered_4,timered_4.bmp,12,17,4,318
timered_5,timered_5.bmp,12,17,4,332
timered_6,timered_6.bmp,12,17,4,320
timered_7,timered_7.bmp,12,17,4,291
timered_8,timered_8.bmp,12,17,4,349
timered_9,timered_9.bmp,12,17,4,307
timered_sep,timered_sep.bmp,12,17,4,168
tipsystem-1,tipsystem-1.bmp,32,32,4,2253
tournament,tournament.bmp,794,573,3,1053100
trash,trash.bmp,32,32,4,2985
tskill001,tskill001.bmp,32,32,4,2804
uibk,uibk.bmp,233,66,4,18712
uibk_2,uibk_2.bmp,300,100,4,25104
uibk_3,uibk_3.bmp,511,100,4,36263
unlock,unlock.BMP,16,16,4,506
vote-day-active-done,vote-day-active-done.bmp,128,128,4,23297
vote-day-active,vote-day-active.bmp,128,128,4,29955
vote-day-coming,vote-day-coming.bmp,128,128,4,9113
vote-day-passed-missed,vote-day-passed-missed.bmp,128,128,4,23730
wea007,wea007.bmp,32,32,4,1249
wea008,wea008.bmp,32,32,4,1178
wea017,wea017.bmp,32,32,4,1243
wea018,wea018.bmp,32,32,4,1128
wea021,wea021.bmp,32,32,4,1260
wea022,wea022.bmp,32,32,4,1044
wea023,wea023.bmp,32,32,4,916
wea024,wea024.bmp,32,32,4,1013
wea025,wea025.bmp,32,32,3,702
wea026,wea026.bmp,32,32,3,787
wea035,wea035.bmp,32,32,4,1007
wea036,wea036.bmp,32,32,4,1008
wea037,wea037.bmp,32,32,4,972
wea038,wea038.bmp,32,32,4,1012
wea039,wea039.bmp,32,32,4,1143
wea159,wea159.bmp,32,32,4,708
wea160,wea160.bmp,32,32,4,864
wea161,wea161.bmp,32,32,4,667
wea162,wea162.bmp,32,32,3,643
wea163,wea163.bmp,32,32,4,740
wea164,wea164.bmp,32,32,3,698
wea165,wea165.bmp,32,32,4,934
wea166,wea166.bmp,32,32,4,933
wea167,wea167.bmp,32,32,4,744
wea168,wea168.bmp,32,32,4,1185
worldmap_x,worldmap_x.bmp,39,39,4,110
xpc,xpc.bmp,100,7,3,100
xpl,xpl.bmp,1,7,3,78
xpr,xpr.bmp,1,7,3,78
